site_id,day_index,date,weekday,month,temp_mean_c,solar_irradiance_kwh_m2,humidity_pct,wind_kph,rain_mm,occupancy_ratio,ev_charge_share,pv_self_consumption,peak_demand_kw,overnight_load_kw,evening_ramp_kw,load_volatility,tariff_plan,community_event
site_pyswc8o9g8,29,2024-01-30,2,1,11.596,3.083,59.167,14.229,0.000,0.688,0.057,0.634,200.177,91.845,6.393,20.565,flat,0
site_hv02xi47qd,57,2024-02-27,2,2,24.368,3.973,59.575,15.919,0.000,0.618,0.200,0.556,192.462,86.844,24.981,25.153,time_of_use,0
site_q96oxsn6t7,189,2024-07-08,1,7,8.450,1.025,75.078,15.378,0.000,0.712,0.214,0.663,177.319,65.751,25.776,19.733,flat,0
site_lpvyddf2dp,16,2024-01-17,3,1,8.879,3.439,72.489,11.230,0.000,0.718,0.216,0.842,225.137,59.197,19.764,24.017,critical_peak,0
site_mmvs0z732r,187,2024-07-06,6,7,5.093,1.838,77.727,17.850,0.000,0.631,0.060,0.623,174.114,59.604,16.813,13.275,critical_peak,0
site_hv02xi47qd,39,2024-02-09,5,2,20.345,2.816,65.340,15.684,0.000,0.717,0.289,0.797,186.419,71.943,28.570,23.967,time_of_use,0
site_cyoy81mba2,166,2024-06-15,6,6,8.722,3.137,51.194,7.734,0.000,0.678,0.125,0.789,211.423,66.973,13.045,19.929,time_of_use,0
site_jby3v59n6p,161,2024-06-10,1,6,5.711,0.866,70.880,13.155,0.000,0.576,0.027,0.458,204.342,47.342,6.903,24.492,critical_peak,0
site_oqtmdxfv99,71,2024-03-12,2,3,24.701,4.573,61.285,9.927,0.000,0.723,0.119,0.793,194.168,63.579,18.740,28.841,critical_peak,0
site_owpbo6i70y,45,2024-02-15,4,2,20.061,2.561,61.793,10.934,,0.593,0.015,0.531,155.905,59.146,14.306,12.212,flat,0
site_q96oxsn6t7,46,2024-02-16,5,2,23.874,1.955,66.425,11.808,0.000,,0.137,0.805,161.066,70.127,13.794,15.466,flat,0
site_wkoe2l3dl1,59,2024-02-29,4,2,19.813,2.687,70.564,11.419,0.000,0.594,0.269,0.641,178.147,66.294,11.641,29.599,time_of_use,0
site_lh13qhdxr8,87,2024-03-28,4,3,23.970,4.486,61.722,5.037,0.000,0.592,0.127,0.827,145.035,73.584,25.741,14.717,critical_peak,0
site_jby3v59n6p,128,2024-05-08,3,5,13.195,3.199,68.891,14.914,0.000,0.745,0.210,0.499,193.574,64.133,21.741,27.554,flat,0
site_8a103kt75c,51,2024-02-21,3,2,19.549,3.093,73.010,,0.000,0.739,0.245,0.605,193.969,77.224,18.270,24.428,critical_peak,1
site_esvkso5p9a,219,2024-08-07,3,8,6.788,2.161,72.845,14.129,0.000,0.548,0.197,0.347,214.941,71.815,21.887,20.779,time_of_use,0
site_ruqwbu08ys,191,2024-07-10,3,7,2.030,1.679,84.051,14.343,0.000,0.727,0.355,0.454,239.295,65.009,25.373,19.592,flat,0
site_mmvs0z732r,99,2024-04-09,2,4,25.691,4.825,57.842,10.919,0.000,0.457,0.015,0.949,169.571,50.016,9.396,4.924,flat,0
site_hv02xi47qd,89,2024-03-30,6,3,26.556,3.896,55.013,3.667,0.000,0.584,0.156,0.609,207.737,63.389,23.527,17.662,critical_peak,0
site_wb8fh6amr3,3,2024-01-04,4,1,7.905,2.672,64.318,7.271,0.000,0.612,0.325,0.803,187.127,65.562,18.743,25.079,time_of_use,0
site_esvkso5p9a,127,2024-05-07,2,5,20.452,2.984,61.723,15.568,0.000,0.615,0.340,0.817,171.960,67.341,23.846,6.646,flat,0
site_12sjsgd733,218,2024-08-06,2,8,6.040,1.332,66.437,11.876,0.000,0.624,0.015,0.396,153.050,66.010,6.787,34.493,flat,0
site_unn79reovm,74,2024-03-15,5,3,20.665,3.456,68.421,2.943,0.000,0.728,0.015,0.390,206.837,61.820,4.713,29.245,flat,0
site_azlkiez3zd,28,2024-01-29,1,1,13.158,3.851,57.382,1.611,0.000,0.755,0.352,0.812,199.981,61.796,21.606,29.138,flat,0
site_653fbtaxzy,154,2024-06-03,1,6,16.943,1.834,67.797,6.435,0.000,0.603,0.278,0.439,200.543,71.082,24.676,21.811,flat,0
site_hv02xi47qd,28,2024-01-29,1,1,14.127,3.072,78.027,13.512,0.000,,0.210,0.673,201.342,58.879,15.895,23.379,flat,0
site_653fbtaxzy,178,2024-06-27,4,6,13.081,0.184,70.630,8.623,0.418,0.710,0.279,0.401,185.042,88.312,20.567,18.130,critical_peak,0
site_pyswc8o9g8,59,2024-02-29,4,2,23.625,4.581,54.522,14.967,0.000,0.529,0.203,0.824,189.506,65.930,20.824,21.451,time_of_use,0
site_l7o5bnkp2o,71,2024-03-12,2,3,23.303,4.907,56.930,12.636,0.100,0.725,0.329,0.932,198.355,56.663,24.937,26.966,critical_peak,0
site_jby3v59n6p,234,2024-08-22,4,8,6.677,2.266,80.411,16.054,0.000,0.523,0.273,0.547,194.159,46.140,13.400,19.656,flat,0
site_l7o5bnkp2o,52,2024-02-22,4,2,21.721,5.387,64.967,10.494,0.000,0.595,0.166,0.733,189.090,64.154,19.699,20.924,critical_peak,0
site_hv02xi47qd,41,2024-02-11,0,2,20.160,3.091,57.629,17.662,0.000,0.593,0.264,0.785,209.533,86.556,20.457,23.537,time_of_use,0
site_esvkso5p9a,91,2024-04-01,1,4,22.454,5.966,60.308,13.867,0.000,,0.159,0.980,180.420,79.640,20.069,16.797,flat,0
site_wb8fh6amr3,84,2024-03-25,1,3,28.301,4.306,60.597,8.912,0.000,0.663,0.323,0.948,201.871,58.163,22.420,23.806,time_of_use,0
site_8a103kt75c,23,2024-01-24,3,1,20.072,3.203,49.020,20.176,,0.807,0.346,0.661,223.576,70.812,23.432,14.989,time_of_use,0
site_lpvyddf2dp,202,2024-07-21,0,7,3.367,0.989,73.258,15.396,0.000,0.719,0.314,0.621,198.476,83.700,21.510,21.923,time_of_use,0
site_l7o5bnkp2o,200,2024-07-19,5,7,6.765,1.366,72.492,7.934,0.000,0.651,0.237,0.507,185.632,54.474,19.681,24.036,flat,0
site_wkoe2l3dl1,227,2024-08-15,4,8,5.040,4.186,69.117,11.534,0.000,0.528,0.109,0.653,188.154,55.612,13.055,29.935,flat,0
site_xms2f2z823,75,2024-03-16,6,3,24.090,3.256,56.947,14.708,0.000,,0.442,0.640,174.770,55.707,21.485,17.566,time_of_use,0
site_12sjsgd733,1,2024-01-02,2,1,10.991,2.237,75.070,15.512,0.000,0.538,0.032,0.395,169.982,71.551,21.570,19.836,flat,0
site_xms2f2z823,221,2024-08-09,5,8,8.845,2.421,71.600,5.076,0.000,0.374,0.444,0.619,217.430,58.501,40.312,16.783,time_of_use,0
site_8ttmv07z34,231,2024-08-19,1,8,5.581,1.819,62.662,5.348,0.000,0.590,0.015,0.500,183.106,80.128,17.131,17.725,critical_peak,0
site_i72zb352li,151,2024-05-31,5,5,16.145,2.056,62.809,6.037,0.000,0.621,0.388,0.445,156.706,59.306,19.335,24.957,critical_peak,0
site_oqtmdxfv99,120,2024-04-30,2,4,18.504,2.982,67.950,12.413,2.619,0.677,0.137,0.710,180.435,63.162,17.029,23.591,time_of_use,0
site_pyswc8o9g8,33,2024-02-03,6,2,16.954,3.040,63.373,9.190,0.000,0.620,0.265,0.623,191.369,68.827,18.418,24.218,critical_peak,0
site_pyswc8o9g8,75,2024-03-16,6,3,23.434,3.897,67.391,17.360,0.000,0.659,,,202.671,72.033,12.856,29.810,time_of_use,0
site_l7o5bnkp2o,213,2024-08-01,4,8,6.368,1.540,77.540,11.987,0.000,0.707,0.149,0.750,197.005,65.326,14.085,25.407,critical_peak,0
site_oqtmdxfv99,214,2024-08-02,5,8,8.228,0.865,71.512,11.372,0.366,,0.015,0.444,160.259,64.198,9.511,21.862,critical_peak,0
site_653fbtaxzy,226,2024-08-14,3,8,7.562,2.093,81.945,10.575,0.000,0.723,0.306,0.535,202.473,85.062,19.247,7.934,flat,1
site_12sjsgd733,148,2024-05-28,2,5,12.618,1.857,51.218,6.112,0.000,0.615,,0.200,186.842,72.999,3.185,13.771,time_of_use,0
site_i72zb352li,100,2024-04-10,3,4,26.832,4.712,62.669,7.847,0.000,0.706,0.402,0.680,202.515,83.071,25.086,28.921,flat,0
site_azlkiez3zd,186,2024-07-05,5,7,12.758,2.173,79.110,5.438,0.000,0.699,0.318,0.616,174.184,72.019,13.488,17.631,critical_peak,0
site_wb8fh6amr3,229,2024-08-17,6,8,8.820,1.714,59.125,6.552,0.000,0.558,0.391,0.770,202.884,55.364,28.787,26.855,time_of_use,0
site_ruqwbu08ys,232,2024-08-20,2,8,7.805,2.509,63.168,14.562,0.000,0.488,0.084,0.501,210.359,60.336,20.242,29.760,critical_peak,0
site_azlkiez3zd,95,2024-04-05,5,4,21.653,3.237,50.849,12.209,0.000,0.784,0.161,0.490,182.033,76.941,20.465,18.431,time_of_use,0
site_xms2f2z823,95,2024-04-05,5,4,28.112,4.130,57.081,8.315,0.000,0.633,0.195,0.644,209.768,63.813,33.219,17.453,time_of_use,0
site_hv02xi47qd,226,2024-08-14,3,8,6.326,1.655,65.348,9.982,0.000,0.706,0.305,0.577,189.087,72.661,16.621,29.577,flat,0
site_lh13qhdxr8,88,2024-03-29,5,3,27.409,4.571,67.783,9.847,0.000,0.791,0.299,0.780,168.241,77.797,30.797,21.839,critical_peak,0
site_jby3v59n6p,65,2024-03-06,3,3,22.272,3.997,74.974,13.943,0.000,0.781,0.195,0.603,212.210,55.581,18.014,18.337,flat,0
site_lh13qhdxr8,153,2024-06-02,0,6,13.318,2.762,74.708,13.471,0.000,0.583,0.395,0.665,172.408,65.288,23.049,18.332,flat,0
site_lpvyddf2dp,174,2024-06-23,0,6,10.416,1.255,68.901,16.353,0.000,0.693,0.305,0.796,218.023,67.473,20.963,25.637,time_of_use,0
site_9ueuoqbp8k,195,2024-07-14,0,7,7.501,1.394,74.970,14.741,0.000,0.456,0.417,0.301,210.998,52.773,27.978,15.700,critical_peak,0
site_azlkiez3zd,19,2024-01-20,6,1,7.438,3.104,70.742,10.411,0.000,0.821,0.049,0.980,201.589,69.383,21.752,16.320,flat,0
site_esvkso5p9a,0,2024-01-01,1,1,6.548,1.002,52.037,9.537,0.000,0.619,0.181,0.702,199.139,74.642,17.137,24.901,flat,0
site_mmvs0z732r,220,2024-08-08,4,8,2.932,1.785,77.083,16.423,0.000,0.523,0.022,0.616,191.418,67.214,6.731,18.597,time_of_use,0
site_12sjsgd733,100,2024-04-10,3,4,24.381,4.186,56.666,10.909,0.340,0.608,,0.424,184.776,76.425,13.361,28.659,flat,0
site_mmvs0z732r,11,2024-01-12,5,1,13.918,4.075,66.284,9.655,0.000,0.517,0.180,0.526,168.875,72.150,17.533,22.569,flat,0
site_lh13qhdxr8,25,2024-01-26,5,1,15.628,3.078,45.159,9.202,3.555,0.730,0.081,0.675,151.708,,21.435,30.028,critical_peak,0
site_653fbtaxzy,74,2024-03-15,5,3,24.423,5.352,69.269,13.883,0.000,0.626,0.344,0.551,243.527,63.703,21.279,30.097,flat,0
site_l7o5bnkp2o,231,2024-08-19,1,8,10.259,2.274,80.797,7.489,0.000,0.655,0.299,0.628,205.614,47.717,22.024,13.058,critical_peak,0
site_owpbo6i70y,99,2024-04-09,2,4,24.365,4.897,59.084,11.023,0.000,0.642,0.037,0.908,164.686,67.298,12.765,21.279,flat,0
site_unn79reovm,119,2024-04-29,1,4,22.886,4.059,70.103,7.626,0.000,0.537,0.015,0.553,200.998,57.740,8.502,31.403,flat,0
site_pyswc8o9g8,18,2024-01-19,5,1,16.849,3.751,76.491,15.003,0.000,0.737,0.015,0.687,195.900,57.428,7.791,18.126,flat,0
site_l7o5bnkp2o,222,2024-08-10,6,8,7.846,1.289,76.703,10.421,0.000,0.888,0.278,0.505,209.521,64.760,19.368,18.444,critical_peak,0
site_653fbtaxzy,232,2024-08-20,2,8,10.267,3.685,71.536,10.051,0.000,0.569,0.164,0.523,180.258,69.551,8.568,14.361,critical_peak,0
site_mmvs0z732r,108,2024-04-18,4,4,24.664,4.025,56.710,11.550,0.000,0.607,0.015,0.788,161.948,62.375,17.680,27.116,flat,0
site_pyswc8o9g8,229,2024-08-17,6,8,8.748,2.782,63.338,9.547,0.000,0.575,0.202,0.621,237.970,68.685,18.670,15.567,time_of_use,0
site_wkoe2l3dl1,44,2024-02-14,3,2,21.214,1.778,58.666,7.833,0.000,0.568,0.176,0.630,203.968,59.080,15.377,21.359,critical_peak,0
site_653fbtaxzy,48,2024-02-18,0,2,22.622,4.760,57.145,4.985,0.000,0.854,0.193,0.665,202.723,76.056,19.783,20.894,time_of_use,0
site_esvkso5p9a,38,2024-02-08,4,2,18.091,3.370,59.700,16.919,0.000,0.601,0.087,0.841,183.257,54.212,,20.824,flat,0
site_esvkso5p9a,166,2024-06-15,6,6,8.051,1.442,73.364,12.293,0.000,0.735,0.090,0.486,224.865,80.599,20.395,34.443,time_of_use,0
site_jby3v59n6p,91,2024-04-01,1,4,26.737,3.414,54.743,8.317,0.000,0.563,0.277,0.616,222.972,64.783,15.836,21.766,flat,0
site_8a103kt75c,199,2024-07-18,4,7,10.510,1.520,62.139,16.440,0.000,0.607,0.331,0.575,239.341,68.516,23.462,20.285,flat,0
site_unn79reovm,184,2024-07-03,3,7,12.068,0.884,74.785,11.170,0.000,0.564,0.015,0.474,176.964,72.408,,26.702,time_of_use,1
site_l7o5bnkp2o,21,2024-01-22,1,1,,3.469,73.261,5.839,0.000,,0.196,0.820,210.933,57.223,26.266,6.055,time_of_use,0
site_8a103kt75c,171,2024-06-20,4,6,9.294,0.050,69.441,8.317,0.000,0.726,0.217,0.492,232.761,70.374,15.193,20.907,flat,0
site_owpbo6i70y,237,2024-08-25,0,8,7.654,0.887,57.174,11.042,0.000,0.876,0.024,0.607,176.649,60.712,13.589,25.379,time_of_use,0
site_q96oxsn6t7,81,2024-03-22,5,3,24.843,5.349,60.831,18.276,2.644,0.702,0.029,0.965,168.776,73.492,12.880,25.228,flat,0
site_pyswc8o9g8,88,2024-03-29,5,3,26.041,4.544,65.251,10.281,0.000,0.670,0.252,0.727,241.960,64.177,18.061,16.267,critical_peak,0
site_azlkiez3zd,234,2024-08-22,4,8,,2.007,56.758,6.736,0.000,0.704,0.121,0.588,175.949,66.583,27.232,28.848,flat,0
site_pyswc8o9g8,166,2024-06-15,6,6,10.516,2.347,91.443,5.873,0.000,0.600,0.214,0.471,227.264,67.656,24.603,21.924,time_of_use,0
site_8a103kt75c,67,2024-03-08,5,3,20.004,4.820,36.074,9.710,0.000,0.743,0.282,0.745,196.967,77.341,18.992,19.568,time_of_use,0
site_pyswc8o9g8,41,2024-02-11,0,2,18.731,3.830,63.844,6.918,0.000,0.658,0.110,0.626,192.000,49.507,12.038,15.456,time_of_use,0
site_unn79reovm,221,2024-08-09,5,8,4.556,1.563,73.339,12.406,0.000,0.737,0.254,0.297,194.980,69.939,17.091,29.713,time_of_use,1
site_esvkso5p9a,217,2024-08-05,1,8,9.129,1.058,70.919,11.132,0.000,0.724,0.215,0.758,190.773,69.732,20.274,16.827,flat,0
site_lpvyddf2dp,159,2024-06-08,6,6,9.798,1.919,69.027,15.626,0.000,0.700,0.235,0.806,,83.166,25.375,26.256,critical_peak,0
site_wkoe2l3dl1,207,2024-07-26,5,7,5.428,1.106,71.904,14.575,0.000,0.619,0.219,0.533,228.190,61.485,12.738,25.561,flat,0
site_lh13qhdxr8,230,2024-08-18,0,8,4.387,0.050,68.690,11.958,1.890,0.569,0.201,0.552,183.143,54.363,21.757,17.538,time_of_use,0
site_q96oxsn6t7,210,2024-07-29,1,7,9.839,1.847,69.001,5.784,0.000,0.584,0.232,0.520,184.191,60.126,17.306,23.207,time_of_use,0
site_azlkiez3zd,61,2024-03-02,6,3,,3.331,50.008,10.845,0.000,0.692,0.213,0.964,181.586,87.633,30.324,22.074,critical_peak,0
site_wb8fh6amr3,76,2024-03-17,0,3,21.805,3.777,65.581,,0.000,0.791,0.429,0.646,191.069,79.986,25.907,24.985,time_of_use,0
site_i72zb352li,157,2024-06-06,4,6,13.790,,67.943,12.409,4.241,0.839,0.314,0.701,170.013,76.978,22.398,20.149,time_of_use,0
site_cyoy81mba2,129,2024-05-09,4,5,17.215,1.222,60.362,12.124,0.000,0.707,0.112,0.518,182.486,58.836,16.683,28.593,time_of_use,0
site_esvkso5p9a,173,2024-06-22,6,6,15.566,1.976,81.849,9.410,0.000,0.662,0.389,0.540,217.926,59.697,20.243,10.895,flat,0
site_ruqwbu08ys,206,2024-07-25,4,7,9.028,1.443,77.479,0.633,0.000,0.497,0.126,0.426,182.957,69.992,21.174,17.017,critical_peak,0
site_8ttmv07z34,166,2024-06-15,6,6,9.688,1.960,66.844,13.517,0.000,0.591,0.185,0.541,190.572,66.917,21.091,19.134,time_of_use,0
site_wb8fh6amr3,32,2024-02-02,5,2,18.116,4.165,54.811,9.044,0.000,0.607,0.459,0.736,196.127,66.764,28.311,19.410,time_of_use,0
site_9ueuoqbp8k,85,2024-03-26,2,3,21.935,5.021,56.627,7.309,0.000,0.626,0.269,0.822,197.375,61.103,26.219,32.573,time_of_use,0
site_hv02xi47qd,158,2024-06-07,5,6,9.298,0.927,57.751,7.901,0.000,0.572,0.424,0.741,253.789,71.204,25.146,,time_of_use,0
site_lh13qhdxr8,192,2024-07-11,4,7,7.085,1.190,63.121,17.570,0.000,0.624,0.157,0.557,174.240,61.293,11.998,14.313,time_of_use,0
site_esvkso5p9a,204,2024-07-23,2,7,6.473,0.422,73.626,6.813,0.122,0.669,0.231,0.640,230.723,80.642,23.811,28.963,critical_peak,0
site_cyoy81mba2,94,2024-04-04,4,4,24.561,3.628,60.324,7.630,0.000,0.751,0.350,0.834,228.234,75.571,26.530,27.081,time_of_use,0
site_jby3v59n6p,123,2024-05-03,5,5,18.348,3.280,49.828,10.439,0.000,0.532,0.215,0.465,203.233,58.361,23.053,17.524,critical_peak,0
site_unn79reovm,132,2024-05-12,0,5,15.007,3.437,63.469,9.107,0.000,0.764,0.103,0.401,184.943,70.674,11.819,23.573,critical_peak,0
site_q96oxsn6t7,96,2024-04-06,6,4,25.766,2.592,64.288,15.948,0.000,0.625,0.207,0.625,164.369,73.766,18.792,22.965,critical_peak,0
site_oqtmdxfv99,57,2024-02-27,2,2,19.949,4.961,68.048,12.484,0.000,0.834,0.143,0.828,202.155,81.767,17.016,16.349,time_of_use,0
site_mmvs0z732r,101,2024-04-11,4,4,20.489,2.439,63.395,13.509,0.000,0.691,0.144,0.459,191.310,64.011,6.793,10.964,flat,0
site_lh13qhdxr8,43,2024-02-13,2,2,16.099,3.746,75.396,14.276,2.579,0.706,0.181,0.834,171.404,69.709,18.437,26.470,critical_peak,0
site_8a103kt75c,187,2024-07-06,6,7,6.117,1.000,68.773,12.327,0.000,0.649,0.265,0.522,226.779,70.435,26.890,20.165,critical_peak,0
site_wkoe2l3dl1,83,2024-03-24,0,3,24.552,5.305,63.083,15.904,0.000,0.592,0.210,0.842,183.176,60.582,19.804,29.197,flat,0
site_unn79reovm,170,2024-06-19,3,6,9.793,2.403,74.392,13.318,0.000,0.686,0.180,0.489,233.481,67.569,17.490,22.726,critical_peak,0
site_i72zb352li,223,2024-08-11,0,8,13.646,1.163,76.215,18.702,0.000,0.746,0.308,0.224,208.518,87.522,17.232,21.900,critical_peak,0
site_i72zb352li,24,2024-01-25,4,1,17.834,3.238,53.147,10.451,0.000,0.625,0.357,0.637,167.986,92.439,17.876,20.053,critical_peak,0
site_oqtmdxfv99,85,2024-03-26,2,3,23.482,3.445,68.624,4.565,0.000,0.567,0.282,0.682,196.171,76.494,26.971,26.420,time_of_use,1
site_i72zb352li,183,2024-07-02,2,7,13.029,1.072,66.920,15.779,0.000,0.521,0.338,0.461,190.676,62.980,21.660,19.336,time_of_use,0
site_8a103kt75c,116,2024-04-26,5,4,23.958,3.121,47.413,10.085,0.000,0.745,0.366,0.608,205.606,64.713,25.959,17.488,critical_peak,0
site_cyoy81mba2,101,2024-04-11,4,4,23.092,3.544,58.440,9.199,0.000,0.628,0.041,0.606,152.366,64.294,19.446,19.467,flat,0
site_l7o5bnkp2o,43,2024-02-13,2,2,15.778,3.619,61.970,1.842,0.000,0.606,0.247,0.635,194.002,64.668,17.766,30.047,critical_peak,0
site_unn79reovm,198,2024-07-17,3,7,5.819,0.597,55.990,9.438,0.000,0.546,0.294,0.174,190.455,58.954,21.798,19.916,flat,0
site_mmvs0z732r,201,2024-07-20,6,7,4.781,2.472,63.993,10.681,0.000,0.681,0.090,0.329,177.401,60.077,26.501,21.071,time_of_use,0
site_l7o5bnkp2o,96,2024-04-06,6,4,26.060,4.636,62.637,9.555,0.000,0.625,0.233,0.703,198.311,56.825,26.797,19.892,critical_peak,0
site_lh13qhdxr8,170,2024-06-19,3,6,7.702,0.434,75.558,9.599,0.000,0.536,0.398,0.562,208.504,72.132,24.335,17.936,critical_peak,0
site_xms2f2z823,60,2024-03-01,5,3,25.788,3.004,73.287,11.947,5.600,0.486,0.369,0.655,146.710,52.407,26.248,13.202,critical_peak,0
site_12sjsgd733,27,2024-01-28,0,1,13.818,4.169,67.027,6.092,0.100,0.621,0.142,,169.683,66.593,8.384,21.463,flat,0
site_9ueuoqbp8k,7,2024-01-08,1,1,11.790,3.123,75.487,3.218,0.000,0.593,0.255,0.454,191.563,57.978,22.232,21.948,critical_peak,0
site_wb8fh6amr3,39,2024-02-09,5,2,18.384,3.088,77.694,18.338,0.000,0.598,0.205,0.545,,90.924,36.384,20.328,time_of_use,0
site_oqtmdxfv99,121,2024-05-01,3,5,19.878,3.338,73.483,9.719,0.000,0.702,0.078,0.864,182.569,70.825,13.386,22.413,time_of_use,0
site_ruqwbu08ys,162,2024-06-11,2,6,9.149,2.062,62.715,6.462,,0.640,0.247,0.299,244.593,53.700,22.839,22.796,flat,0
site_q96oxsn6t7,63,2024-03-04,1,3,19.473,3.156,50.523,8.659,0.000,0.656,0.188,0.806,172.813,51.636,17.569,21.329,flat,0
site_oqtmdxfv99,17,2024-01-18,4,1,14.620,,70.149,5.261,0.000,0.781,0.183,0.670,198.887,79.876,6.803,25.950,critical_peak,0
site_esvkso5p9a,39,2024-02-09,5,2,15.523,4.611,69.380,3.481,0.000,0.545,0.243,0.677,177.351,72.716,24.911,18.371,time_of_use,0
site_unn79reovm,136,2024-05-16,4,5,,2.551,59.028,11.338,0.000,0.751,0.218,0.598,186.982,61.342,12.492,10.698,flat,0
site_xms2f2z823,86,2024-03-27,3,3,23.155,3.205,41.264,10.177,0.000,0.549,0.365,0.488,178.864,68.785,26.780,10.770,time_of_use,0
site_esvkso5p9a,184,2024-07-03,3,7,2.865,3.068,82.166,21.516,0.000,0.650,0.314,0.688,215.474,82.145,9.473,19.507,time_of_use,0
site_unn79reovm,105,2024-04-15,1,4,24.856,4.707,50.174,14.182,0.000,0.771,0.063,0.735,199.391,64.126,15.866,25.046,critical_peak,1
site_lh13qhdxr8,36,2024-02-06,2,2,14.576,3.576,62.103,12.550,0.000,0.649,0.110,0.735,175.788,69.252,9.919,31.363,flat,0
site_lh13qhdxr8,172,2024-06-21,5,6,9.691,1.452,62.483,7.473,1.561,0.522,0.114,0.756,189.148,54.591,10.494,12.170,flat,0
site_l7o5bnkp2o,192,2024-07-11,4,7,1.166,1.517,77.940,16.199,0.000,0.593,0.391,0.715,229.745,,27.140,29.244,time_of_use,0
site_xms2f2z823,18,2024-01-19,5,1,12.665,4.072,73.694,11.038,6.603,0.740,0.370,0.722,186.848,55.762,26.815,15.359,flat,0
site_mmvs0z732r,172,2024-06-21,5,6,11.465,1.211,74.276,14.488,0.000,0.749,0.140,0.551,163.755,75.052,17.328,9.737,flat,0
site_ruqwbu08ys,92,2024-04-02,2,4,22.810,4.487,,7.206,0.000,0.618,0.229,0.777,205.944,57.671,20.983,13.270,flat,0
site_jby3v59n6p,193,2024-07-12,5,7,7.691,1.040,75.826,12.380,0.000,0.781,0.237,0.643,198.062,57.887,24.304,28.427,time_of_use,0
site_653fbtaxzy,11,2024-01-12,5,1,6.462,2.520,75.535,9.574,0.000,0.785,0.339,0.680,231.427,88.051,26.261,19.376,flat,0
site_9ueuoqbp8k,165,2024-06-14,5,6,8.582,1.870,,9.504,0.000,0.565,0.451,0.599,204.142,65.533,34.628,19.727,time_of_use,0
site_lh13qhdxr8,55,2024-02-25,0,2,20.734,5.508,66.157,19.290,0.574,0.682,0.166,0.726,160.447,58.202,22.784,15.620,flat,0
site_cyoy81mba2,115,2024-04-25,4,4,25.594,2.909,63.198,10.802,0.000,0.577,0.195,0.674,170.390,71.831,25.374,29.891,critical_peak,0
site_owpbo6i70y,159,2024-06-08,6,6,6.059,3.398,65.959,12.222,0.000,0.632,0.206,0.643,194.759,71.356,17.265,13.981,critical_peak,0
site_cyoy81mba2,183,2024-07-02,2,7,7.022,0.140,75.554,15.146,0.000,0.648,0.276,0.369,179.164,72.430,23.442,11.013,time_of_use,0
site_q96oxsn6t7,204,2024-07-23,2,7,10.389,2.409,60.635,15.523,0.000,0.603,0.015,0.751,217.707,75.032,11.576,23.687,critical_peak,0
site_jby3v59n6p,182,2024-07-01,1,7,8.869,0.782,69.086,7.864,0.321,0.666,0.274,0.506,190.282,69.478,15.203,29.917,flat,0
site_unn79reovm,108,2024-04-18,4,4,24.287,4.125,47.749,9.896,0.000,0.675,0.027,0.667,213.682,86.849,24.528,19.321,flat,0
site_l7o5bnkp2o,31,2024-02-01,4,2,11.822,4.996,60.963,3.475,0.000,0.531,0.315,0.646,193.045,53.045,25.790,16.578,time_of_use,0
site_unn79reovm,28,2024-01-29,1,1,11.477,4.080,,16.712,0.000,0.532,0.111,0.418,,52.499,5.891,22.582,flat,0
site_lpvyddf2dp,45,2024-02-15,4,2,18.419,3.141,60.564,11.483,0.000,0.725,0.336,0.712,176.938,65.954,16.402,31.163,flat,0
site_mmvs0z732r,79,2024-03-20,3,3,24.680,3.678,54.753,19.421,0.000,0.596,0.152,0.865,169.266,57.682,21.084,16.742,critical_peak,0
site_owpbo6i70y,155,2024-06-04,2,6,,1.168,67.103,16.816,0.000,0.688,0.119,0.614,132.175,64.291,11.222,27.138,flat,0
site_653fbtaxzy,14,2024-01-15,1,1,10.976,3.486,74.479,12.578,0.000,0.523,0.334,0.473,225.190,80.164,31.862,15.577,time_of_use,0
site_653fbtaxzy,54,2024-02-24,6,2,23.444,4.400,65.704,13.645,0.000,,0.285,0.627,201.067,81.268,27.053,14.087,flat,1
site_ruqwbu08ys,135,2024-05-15,3,5,18.442,1.425,56.332,4.729,0.000,0.657,0.154,0.657,180.038,62.846,20.724,22.593,flat,0
site_l7o5bnkp2o,10,2024-01-11,4,1,11.194,3.457,65.720,16.140,0.000,0.673,0.060,0.685,202.061,48.629,12.682,27.509,flat,0
site_wb8fh6amr3,225,2024-08-13,2,8,5.480,1.627,85.998,16.212,0.000,0.718,0.231,0.820,,60.625,22.593,21.556,flat,0
site_wb8fh6amr3,90,2024-03-31,0,3,28.849,3.878,73.258,15.526,0.000,0.531,0.319,0.718,181.947,59.128,23.500,16.767,flat,0
site_i72zb352li,224,2024-08-12,1,8,5.734,2.157,80.760,15.386,0.000,0.710,0.325,0.620,221.327,70.144,23.050,23.148,critical_peak,0
site_mmvs0z732r,128,2024-05-08,3,5,20.652,3.013,75.521,8.597,0.196,0.638,0.123,0.678,188.794,60.292,7.405,22.994,flat,0
site_i72zb352li,169,2024-06-18,2,6,10.972,1.106,61.849,8.198,0.000,0.675,0.323,0.567,227.453,83.527,25.100,31.093,critical_peak,0
site_oqtmdxfv99,142,2024-05-22,3,5,17.831,1.925,79.106,5.105,0.000,0.707,0.177,0.526,202.617,74.219,17.847,23.274,critical_peak,0
site_esvkso5p9a,15,2024-01-16,2,1,12.480,3.250,62.113,5.960,0.000,0.522,0.049,0.670,201.745,76.980,13.909,23.414,critical_peak,0
site_pyswc8o9g8,233,2024-08-21,3,8,7.362,2.447,63.919,9.876,0.000,0.577,0.050,0.641,220.406,54.812,17.138,16.775,critical_peak,0
site_lpvyddf2dp,188,2024-07-07,0,7,5.809,2.443,88.615,10.884,0.000,0.745,0.298,0.664,189.615,80.624,26.091,20.307,critical_peak,0
site_mmvs0z732r,234,2024-08-22,4,8,11.602,2.866,69.744,3.569,0.000,0.617,0.080,0.695,157.965,69.719,15.414,17.091,flat,0
site_9ueuoqbp8k,145,2024-05-25,6,5,12.098,1.431,82.981,15.195,0.000,0.626,0.152,0.741,187.026,68.756,20.598,28.099,flat,0
site_8a103kt75c,85,2024-03-26,2,3,26.308,4.300,61.548,4.705,0.000,0.672,0.268,0.595,195.868,70.203,,23.576,time_of_use,0
site_azlkiez3zd,122,2024-05-02,4,5,22.616,2.224,60.860,12.228,0.000,0.728,0.208,0.741,180.701,74.278,12.873,28.319,time_of_use,0
site_hv02xi47qd,125,2024-05-05,0,5,17.151,3.485,60.103,7.959,0.000,0.752,0.242,0.770,188.533,75.055,21.644,25.155,critical_peak,0
site_unn79reovm,210,2024-07-29,1,7,6.075,2.086,66.243,20.447,0.000,0.658,0.060,0.540,206.156,85.541,2.941,18.760,time_of_use,0
site_azlkiez3zd,20,2024-01-21,0,1,14.678,4.539,53.132,18.678,0.000,0.699,0.272,0.925,173.906,75.270,24.238,23.022,flat,0
site_esvkso5p9a,212,2024-07-31,3,7,8.219,1.784,82.059,17.341,0.000,0.572,0.015,0.587,196.697,73.416,20.817,21.881,time_of_use,0
site_l7o5bnkp2o,77,2024-03-18,1,3,24.330,3.385,64.811,16.424,0.000,0.604,0.278,0.535,175.978,66.694,20.050,15.271,time_of_use,0
site_esvkso5p9a,178,2024-06-27,4,6,6.938,1.110,75.206,14.212,0.000,0.596,0.103,0.681,197.935,75.873,16.463,14.912,critical_peak,0
site_lpvyddf2dp,25,2024-01-26,5,1,14.206,4.733,79.175,10.007,0.000,0.640,0.185,0.684,174.837,65.965,19.698,24.619,critical_peak,0
site_ruqwbu08ys,170,2024-06-19,3,6,,0.777,69.151,11.479,0.000,0.523,0.156,0.433,220.248,62.860,23.593,7.469,critical_peak,0
site_cyoy81mba2,81,2024-03-22,5,3,25.261,4.083,58.560,9.190,0.000,0.609,0.125,0.538,149.732,61.790,17.767,30.822,flat,0
site_esvkso5p9a,100,2024-04-10,3,4,26.696,3.962,63.176,9.690,0.000,0.466,0.372,0.693,204.660,63.708,21.664,16.634,flat,0
site_jby3v59n6p,31,2024-02-01,4,2,17.313,2.555,69.163,15.165,0.000,0.669,0.309,,195.242,63.027,12.293,19.638,time_of_use,0
site_owpbo6i70y,165,2024-06-14,5,6,7.561,2.284,54.809,9.541,2.498,0.764,0.050,0.506,180.951,56.908,21.392,17.152,time_of_use,0
site_pyswc8o9g8,51,2024-02-21,3,2,18.602,3.673,65.349,7.807,0.000,0.671,0.015,0.692,190.253,63.371,20.987,18.255,critical_peak,0
site_azlkiez3zd,65,2024-03-06,3,3,23.195,2.968,58.228,14.590,0.000,0.586,0.234,0.490,197.023,93.585,25.500,14.747,flat,0
site_wkoe2l3dl1,2,2024-01-03,3,1,4.896,1.610,77.605,15.813,0.000,0.611,0.267,0.690,191.404,48.856,18.210,18.394,flat,0
site_oqtmdxfv99,53,2024-02-23,5,2,19.996,3.798,66.392,2.104,0.000,0.591,0.079,0.890,178.832,89.508,13.114,31.267,critical_peak,0
site_owpbo6i70y,46,2024-02-16,5,2,20.761,4.320,63.181,6.984,0.000,0.556,0.015,0.621,177.390,55.224,12.757,18.990,flat,0
site_wb8fh6amr3,136,2024-05-16,4,5,13.865,2.407,68.624,14.126,0.000,0.659,0.042,0.847,169.536,64.484,17.268,26.325,flat,0
site_ruqwbu08ys,187,2024-07-06,6,7,7.763,1.593,91.738,5.943,0.000,0.634,0.420,0.419,277.673,59.774,27.031,18.110,critical_peak,0
site_jby3v59n6p,6,2024-01-07,0,1,12.725,2.511,75.108,7.896,2.566,0.559,0.093,0.692,184.850,63.289,13.619,21.699,critical_peak,0
site_esvkso5p9a,10,2024-01-11,4,1,10.330,2.902,66.652,11.050,0.000,0.735,0.108,0.809,198.228,75.634,16.059,12.688,flat,0
site_cyoy81mba2,141,2024-05-21,2,5,12.220,1.747,80.586,14.893,0.000,0.465,0.269,0.691,180.288,47.809,26.982,23.004,critical_peak,0
site_653fbtaxzy,6,2024-01-07,0,1,10.737,2.887,72.848,7.818,0.000,0.644,0.268,0.463,190.434,101.989,18.447,32.049,critical_peak,0
site_9ueuoqbp8k,218,2024-08-06,2,8,6.328,0.505,70.595,18.421,0.000,0.650,0.060,0.500,180.949,65.243,14.295,32.883,flat,0
site_pyswc8o9g8,125,2024-05-05,0,5,21.467,2.403,55.902,17.657,0.000,0.646,0.198,,228.147,64.455,26.227,19.085,critical_peak,0
site_9ueuoqbp8k,116,2024-04-26,5,4,23.447,2.778,68.403,9.335,0.000,0.504,0.206,0.536,202.339,45.542,21.605,19.540,critical_peak,0
site_unn79reovm,60,2024-03-01,5,3,24.852,4.623,60.855,15.936,0.000,0.741,0.201,0.633,211.127,75.797,21.944,22.117,critical_peak,0
site_ruqwbu08ys,223,2024-08-11,0,8,1.945,1.869,60.371,6.609,0.000,0.650,0.440,0.355,227.261,57.480,29.588,15.228,critical_peak,0
site_12sjsgd733,176,2024-06-25,2,6,10.556,1.368,79.830,13.499,0.000,0.535,0.015,0.511,179.050,65.755,12.778,30.894,time_of_use,0
site_esvkso5p9a,140,2024-05-20,1,5,14.547,1.332,58.746,13.836,0.000,0.620,0.115,0.610,183.973,81.135,11.077,17.009,time_of_use,0
site_lpvyddf2dp,234,2024-08-22,4,8,10.254,2.483,93.878,8.476,0.000,0.704,0.111,0.863,184.732,49.629,12.917,35.321,flat,0
site_wb8fh6amr3,26,2024-01-27,6,1,19.266,3.308,,17.018,0.000,0.575,0.232,0.716,174.839,51.322,21.631,19.589,critical_peak,0
site_8ttmv07z34,232,2024-08-20,2,8,12.644,3.031,67.123,6.806,0.000,0.605,0.289,0.638,152.215,59.766,17.380,25.036,critical_peak,0
site_653fbtaxzy,172,2024-06-21,5,6,12.341,1.220,76.974,14.554,0.000,0.743,0.127,0.285,242.627,78.141,11.277,19.542,flat,0
site_esvkso5p9a,14,2024-01-15,1,1,15.484,3.168,67.395,5.547,0.000,0.750,0.087,0.865,194.703,90.176,17.361,20.029,time_of_use,0
site_pyswc8o9g8,201,2024-07-20,6,7,7.696,1.287,72.452,15.225,0.000,0.696,0.015,0.637,182.032,54.827,12.596,15.269,time_of_use,0
site_i72zb352li,58,2024-02-28,3,2,21.944,4.189,72.564,10.576,0.000,0.703,0.332,0.399,188.951,79.984,21.442,30.701,time_of_use,0
site_mmvs0z732r,131,2024-05-11,6,5,16.492,3.894,58.801,10.683,0.000,0.567,0.111,0.852,196.390,69.578,17.119,15.809,time_of_use,0
site_12sjsgd733,106,2024-04-16,2,4,18.647,2.871,59.163,18.022,0.000,0.677,0.047,0.388,180.655,70.059,14.274,15.537,critical_peak,0
site_12sjsgd733,68,2024-03-09,6,3,21.323,5.321,51.270,10.001,3.779,0.559,0.015,0.726,160.442,75.724,5.941,21.350,time_of_use,0
site_l7o5bnkp2o,74,2024-03-15,5,3,23.900,5.173,58.263,9.773,0.000,0.500,0.136,0.980,178.272,52.591,21.433,16.876,flat,0
site_owpbo6i70y,21,2024-01-22,1,1,11.531,2.441,55.463,10.249,0.000,0.626,0.038,0.601,168.908,52.987,12.849,20.691,time_of_use,0
site_hv02xi47qd,120,2024-04-30,2,4,19.853,2.190,54.006,9.564,0.000,0.716,0.308,0.717,187.849,57.757,25.295,27.700,time_of_use,0
site_653fbtaxzy,143,2024-05-23,4,5,13.410,2.428,82.201,18.132,0.000,0.662,0.340,0.623,237.420,90.322,13.872,22.886,critical_peak,0
site_mmvs0z732r,185,2024-07-04,4,7,7.179,3.038,73.938,4.253,0.000,0.592,0.179,0.676,211.178,54.068,20.261,18.252,time_of_use,0
site_oqtmdxfv99,86,2024-03-27,3,3,23.504,5.500,62.789,19.582,0.000,0.628,0.038,0.865,181.653,,12.830,22.647,time_of_use,0
site_lh13qhdxr8,31,2024-02-01,4,2,18.187,3.540,52.833,16.403,0.000,0.679,0.140,0.824,162.702,73.061,24.487,21.635,time_of_use,0
site_pyswc8o9g8,130,2024-05-10,5,5,17.166,3.805,76.410,18.442,0.000,0.649,0.228,0.687,234.368,53.826,10.128,10.083,time_of_use,0
site_esvkso5p9a,102,2024-04-12,5,4,23.961,4.862,56.980,11.434,0.000,0.498,0.160,0.980,190.694,68.490,24.163,22.606,time_of_use,0
site_8ttmv07z34,8,2024-01-09,2,1,13.220,2.233,61.324,11.261,0.000,0.670,0.145,0.352,227.613,60.729,22.026,28.386,critical_peak,0
site_esvkso5p9a,71,2024-03-12,2,3,26.087,2.952,51.852,4.390,0.000,0.642,0.167,0.757,211.561,58.234,18.637,15.233,critical_peak,0
site_cyoy81mba2,167,2024-06-16,0,6,7.698,1.977,77.790,5.547,0.000,0.560,0.222,0.553,186.648,50.886,18.552,25.312,time_of_use,0
site_jby3v59n6p,121,2024-05-01,3,5,20.336,2.145,79.036,17.970,0.000,0.581,0.125,0.447,186.217,57.943,11.417,24.072,time_of_use,0
site_xms2f2z823,45,2024-02-15,4,2,18.314,5.045,49.064,4.477,0.100,0.590,0.246,0.542,188.805,63.811,22.430,11.623,flat,1
site_ruqwbu08ys,225,2024-08-13,2,8,6.273,1.970,73.828,18.112,0.000,0.637,0.254,0.575,233.893,55.790,16.962,14.634,flat,0
site_mmvs0z732r,133,2024-05-13,1,5,17.187,3.642,71.395,5.491,0.000,0.669,0.188,0.617,146.648,67.233,9.864,20.773,critical_peak,0
site_12sjsgd733,18,2024-01-19,5,1,14.936,2.806,65.408,11.834,0.000,0.606,0.051,0.708,210.602,59.221,13.828,27.934,flat,0
site_owpbo6i70y,218,2024-08-06,2,8,1.874,1.590,71.451,0.200,0.000,0.546,0.015,0.672,205.508,59.589,10.147,9.218,flat,0
site_12sjsgd733,56,2024-02-26,1,2,19.006,3.106,65.810,11.483,0.000,0.583,0.034,0.537,,61.077,19.550,18.084,flat,0
site_xms2f2z823,93,2024-04-03,3,4,21.856,3.702,64.639,9.606,0.000,0.688,0.276,0.570,194.710,68.954,32.854,24.698,time_of_use,0
site_mmvs0z732r,90,2024-03-31,0,3,23.592,4.325,62.694,16.973,0.000,0.584,0.147,0.564,191.919,81.293,21.528,21.396,flat,0
site_azlkiez3zd,66,2024-03-07,4,3,21.792,3.821,56.798,11.826,0.000,0.771,0.283,0.735,191.313,69.295,25.266,24.211,time_of_use,0
site_owpbo6i70y,80,2024-03-21,4,3,24.913,4.537,56.546,6.306,0.000,0.644,0.159,0.572,159.516,65.808,7.350,23.197,critical_peak,0
site_wkoe2l3dl1,156,2024-06-05,3,6,14.425,0.227,64.018,3.905,0.000,0.703,0.142,0.452,177.263,59.653,18.141,21.281,time_of_use,0
site_xms2f2z823,237,2024-08-25,0,8,11.573,2.084,88.507,11.469,0.100,0.710,0.435,0.494,181.694,55.190,32.953,24.817,time_of_use,0
site_q96oxsn6t7,68,2024-03-09,6,3,23.554,4.882,60.213,4.014,0.000,0.694,0.079,0.762,165.619,63.015,17.687,17.594,time_of_use,0
site_mmvs0z732r,104,2024-04-14,0,4,26.333,3.468,63.261,14.112,0.927,0.644,0.253,0.657,227.842,65.100,21.341,,time_of_use,1
site_lh13qhdxr8,63,2024-03-04,1,3,23.391,4.224,60.281,10.985,0.000,0.590,0.079,0.659,205.122,60.459,21.104,25.927,flat,0
site_wkoe2l3dl1,38,2024-02-08,4,2,18.611,3.363,62.924,15.762,0.000,0.564,0.337,0.652,194.432,48.743,14.305,25.465,flat,0
site_unn79reovm,228,2024-08-16,5,8,12.612,1.281,62.359,14.474,0.000,0.671,0.015,0.323,188.858,61.362,14.571,17.905,time_of_use,0
site_cyoy81mba2,179,2024-06-28,5,6,12.321,1.496,82.043,12.287,0.000,0.584,0.025,0.768,164.864,63.504,15.300,23.401,critical_peak,0
site_hv02xi47qd,55,2024-02-25,0,2,22.789,4.915,72.856,16.034,0.000,0.647,0.178,0.830,167.225,72.133,21.327,,flat,0
site_jby3v59n6p,58,2024-02-28,3,2,20.817,5.431,70.027,10.107,0.000,0.604,0.136,0.860,210.619,64.608,13.865,14.743,time_of_use,0
site_lpvyddf2dp,101,2024-04-11,4,4,22.909,4.099,59.873,7.168,0.000,0.553,0.207,0.838,174.349,71.039,17.607,23.446,flat,0
site_esvkso5p9a,146,2024-05-26,0,5,16.866,1.915,74.429,14.685,0.000,0.757,0.308,0.524,241.082,80.256,18.819,14.065,flat,0
site_cyoy81mba2,82,2024-03-23,6,3,22.221,3.779,64.447,3.901,,0.671,0.199,0.710,216.473,75.378,25.358,,flat,0
site_wb8fh6amr3,186,2024-07-05,5,7,4.304,1.551,63.981,4.806,0.000,,0.495,0.632,179.896,55.676,25.412,20.909,critical_peak,0
site_wb8fh6amr3,171,2024-06-20,4,6,16.630,1.116,70.017,18.200,0.000,0.550,0.227,0.980,171.318,53.857,26.801,9.289,flat,0
site_8ttmv07z34,128,2024-05-08,3,5,17.830,3.735,43.702,11.634,0.000,0.648,0.173,0.448,180.137,68.623,23.068,25.328,flat,0
site_unn79reovm,11,2024-01-12,5,1,7.973,2.658,67.302,7.342,0.000,0.606,0.179,0.378,249.351,59.220,9.836,24.665,flat,0
site_oqtmdxfv99,101,2024-04-11,4,4,25.019,2.379,61.271,13.049,0.000,0.635,0.150,0.508,192.985,69.618,18.637,11.089,flat,0
site_lh13qhdxr8,180,2024-06-29,6,6,12.812,1.213,59.448,9.652,0.000,0.702,0.341,0.650,185.910,74.839,19.510,10.384,flat,0
site_unn79reovm,213,2024-08-01,4,8,8.068,1.341,73.079,10.869,0.000,0.627,0.111,0.469,197.678,59.096,11.465,9.729,critical_peak,0
site_jby3v59n6p,137,2024-05-17,5,5,14.344,2.654,53.045,8.033,0.000,0.653,0.138,0.557,168.002,50.174,19.152,20.935,flat,0
site_12sjsgd733,233,2024-08-21,3,8,9.399,2.203,78.507,18.695,0.000,0.511,0.129,0.337,196.448,52.450,8.636,30.723,critical_peak,0
site_q96oxsn6t7,202,2024-07-21,0,7,6.647,0.628,66.132,10.798,0.000,0.576,0.099,0.826,186.742,56.958,20.158,27.240,time_of_use,1
site_i72zb352li,170,2024-06-19,3,6,15.827,2.172,67.169,9.383,0.000,0.784,0.065,0.621,183.424,68.086,14.790,30.211,critical_peak,0
site_pyswc8o9g8,120,2024-04-30,2,4,23.506,1.543,58.193,13.915,0.318,0.682,0.021,,209.648,53.835,20.827,18.810,time_of_use,0
site_8ttmv07z34,148,2024-05-28,2,5,14.800,1.531,71.049,2.213,2.188,0.663,0.133,0.520,167.877,56.809,16.963,18.071,time_of_use,0
site_i72zb352li,126,2024-05-06,1,5,25.615,3.210,62.020,6.833,0.000,0.711,0.291,0.343,205.314,88.198,25.910,17.767,flat,0
site_cyoy81mba2,17,2024-01-18,4,1,10.775,,66.682,7.403,0.000,0.583,0.135,0.516,188.200,65.820,22.186,29.627,critical_peak,0
site_l7o5bnkp2o,123,2024-05-03,5,5,19.413,2.354,51.105,11.642,0.000,0.713,0.245,0.493,190.604,68.623,18.880,22.657,critical_peak,0
site_9ueuoqbp8k,119,2024-04-29,1,4,17.772,2.841,60.579,8.165,0.000,0.516,0.216,0.435,182.846,58.268,14.252,22.279,flat,0
site_8ttmv07z34,0,2024-01-01,1,1,9.160,1.388,66.502,11.801,0.000,0.700,0.064,0.729,190.311,76.177,,25.711,flat,0
site_pyswc8o9g8,216,2024-08-04,0,8,7.123,0.504,74.238,14.553,0.000,0.661,0.245,0.290,207.909,70.521,21.122,26.353,flat,0
site_lh13qhdxr8,191,2024-07-10,3,7,5.537,1.861,85.040,11.461,0.000,0.647,0.235,0.710,192.422,72.690,23.456,24.372,flat,0
site_azlkiez3zd,142,2024-05-22,3,5,17.758,2.863,64.150,5.004,0.000,0.760,0.180,0.735,193.372,66.565,15.381,23.448,critical_peak,0
site_lpvyddf2dp,75,2024-03-16,6,3,23.954,3.562,55.460,8.009,0.000,,0.267,0.861,199.734,74.558,29.922,15.758,time_of_use,0
site_lpvyddf2dp,86,2024-03-27,3,3,29.378,4.275,43.471,9.486,5.076,0.657,0.169,0.628,195.217,65.885,28.644,24.518,time_of_use,0
site_wb8fh6amr3,105,2024-04-15,1,4,26.053,3.856,53.362,9.080,0.000,0.688,0.442,0.514,199.794,57.083,22.161,16.070,critical_peak,0
site_pyswc8o9g8,174,2024-06-23,0,6,11.165,1.855,61.168,1.282,0.100,0.683,0.166,0.718,241.883,52.342,18.994,32.549,time_of_use,0
site_q96oxsn6t7,224,2024-08-12,1,8,14.391,2.635,77.965,4.365,0.000,0.692,0.142,0.701,181.048,59.363,16.947,31.608,critical_peak,0
site_oqtmdxfv99,125,2024-05-05,0,5,21.426,2.758,85.827,12.803,0.000,0.816,0.106,0.762,164.722,72.191,18.025,24.226,critical_peak,0
site_owpbo6i70y,56,2024-02-26,1,2,17.209,4.490,76.862,10.963,0.000,0.683,0.080,0.864,129.803,78.420,11.653,10.774,flat,0
site_unn79reovm,64,2024-03-05,2,3,21.230,5.128,70.525,2.992,1.361,0.601,0.015,0.654,183.881,78.249,15.566,29.411,flat,0
site_mmvs0z732r,6,2024-01-07,0,1,8.748,3.123,66.218,9.855,0.000,0.617,0.073,0.623,156.741,57.965,14.248,19.110,critical_peak,0
site_653fbtaxzy,153,2024-06-02,0,6,10.446,1.756,64.905,11.389,0.000,0.691,0.330,0.679,225.529,73.787,14.682,19.376,flat,0
site_653fbtaxzy,189,2024-07-08,1,7,10.286,0.514,70.063,15.314,0.000,0.813,0.174,0.562,207.808,69.536,16.853,15.162,flat,0
site_8ttmv07z34,96,2024-04-06,6,4,21.965,3.766,54.149,9.289,5.814,0.781,0.087,0.534,161.482,55.443,19.349,9.410,critical_peak,0
site_ruqwbu08ys,142,2024-05-22,3,5,12.096,2.602,60.249,13.596,0.000,0.603,0.264,0.453,192.689,,24.161,33.299,critical_peak,0
site_ruqwbu08ys,40,2024-02-10,6,2,19.535,2.982,51.223,12.875,0.000,0.595,0.382,0.826,210.109,62.140,16.917,20.401,time_of_use,0
site_q96oxsn6t7,180,2024-06-29,6,6,7.756,1.969,84.922,8.810,0.000,0.580,0.174,0.766,166.662,58.390,18.187,22.584,flat,0
site_9ueuoqbp8k,69,2024-03-10,0,3,26.335,4.246,56.460,7.720,0.000,0.701,0.328,0.690,212.480,67.590,24.080,21.242,critical_peak,0
site_lpvyddf2dp,238,2024-08-26,1,8,7.174,2.365,78.169,10.035,0.000,0.562,0.291,0.712,213.291,75.503,24.240,26.659,time_of_use,0
site_cyoy81mba2,200,2024-07-19,5,7,11.313,2.317,82.319,9.148,0.000,0.619,0.210,0.694,191.000,61.871,10.768,25.523,flat,0
site_12sjsgd733,203,2024-07-22,1,7,11.691,0.680,59.358,5.099,0.000,0.583,0.101,0.268,189.720,64.179,-1.710,26.286,time_of_use,0
site_wb8fh6amr3,31,2024-02-01,4,2,18.597,3.157,68.962,0.200,0.000,0.765,0.302,0.707,186.139,83.259,23.608,26.919,time_of_use,0
site_owpbo6i70y,110,2024-04-20,6,4,22.806,2.446,44.554,9.937,0.000,0.667,0.179,0.636,196.739,62.617,14.091,11.038,flat,0
site_q96oxsn6t7,183,2024-07-02,2,7,9.155,1.127,98.000,7.955,0.000,0.497,0.089,0.691,170.809,56.094,13.252,30.162,time_of_use,0
site_oqtmdxfv99,114,2024-04-24,3,4,22.201,2.891,47.719,4.388,0.000,0.669,0.135,0.443,181.073,70.908,15.707,17.418,critical_peak,0
site_8ttmv07z34,156,2024-06-05,3,6,12.101,1.448,69.898,7.384,0.000,0.556,0.267,0.325,197.297,47.484,15.761,29.812,time_of_use,0
site_wb8fh6amr3,193,2024-07-12,5,7,9.473,0.386,71.866,12.954,0.000,0.754,0.227,0.678,232.439,57.153,29.113,29.129,time_of_use,0
site_653fbtaxzy,45,2024-02-15,4,2,18.601,3.537,59.958,11.628,0.000,0.645,0.358,0.661,192.588,81.265,23.199,25.817,flat,0
site_i72zb352li,204,2024-07-23,2,7,9.971,2.308,64.247,11.187,0.000,0.703,0.260,0.401,199.055,69.899,18.382,21.002,critical_peak,0
site_9ueuoqbp8k,61,2024-03-02,6,3,21.533,4.431,61.273,10.530,0.000,0.604,0.331,0.582,198.095,61.771,24.328,21.171,critical_peak,0
site_12sjsgd733,86,2024-03-27,3,3,27.598,3.616,57.469,12.243,0.000,0.591,0.048,0.474,174.730,48.609,23.858,18.745,time_of_use,0
site_xms2f2z823,3,2024-01-04,4,1,9.990,2.369,78.196,10.406,0.000,0.697,0.296,0.648,175.896,80.276,26.270,18.341,time_of_use,0
site_cyoy81mba2,68,2024-03-09,6,3,21.328,4.057,56.262,8.647,0.000,0.661,0.140,0.647,,80.053,10.379,25.140,time_of_use,0
site_12sjsgd733,121,2024-05-01,3,5,23.435,4.833,74.017,19.330,0.000,0.702,0.094,0.395,193.651,77.643,13.424,24.183,time_of_use,0
site_8a103kt75c,158,2024-06-07,5,6,9.835,2.563,63.014,17.782,0.000,0.716,0.550,0.542,237.486,85.063,29.994,14.653,time_of_use,0
site_owpbo6i70y,88,2024-03-29,5,3,26.336,4.446,65.336,13.314,0.000,0.709,0.097,0.824,165.161,58.922,14.952,12.949,critical_peak,0
site_cyoy81mba2,239,2024-08-27,2,8,7.085,1.905,77.404,16.727,0.000,0.598,0.092,0.435,191.666,71.503,23.416,25.960,time_of_use,0
site_esvkso5p9a,4,2024-01-05,5,1,11.703,1.218,77.620,12.375,0.000,0.676,0.179,0.582,186.688,65.315,10.470,20.576,time_of_use,0
site_mmvs0z732r,98,2024-04-08,1,4,26.710,3.116,58.732,9.767,0.000,0.684,0.238,0.730,212.612,78.492,12.224,28.697,critical_peak,0
site_azlkiez3zd,226,2024-08-14,3,8,9.673,2.326,71.117,11.969,0.000,0.610,0.228,0.539,142.653,69.085,25.567,24.382,flat,0
site_cyoy81mba2,174,2024-06-23,0,6,11.168,1.420,78.583,8.592,0.000,0.711,0.125,0.689,186.533,59.908,13.539,27.111,time_of_use,0
site_8a103kt75c,98,2024-04-08,1,4,25.964,2.903,56.986,21.299,0.000,0.707,0.377,0.635,222.709,79.719,20.121,15.888,critical_peak,0
site_wb8fh6amr3,106,2024-04-16,2,4,22.814,3.883,57.166,12.741,0.000,0.577,0.231,0.868,171.315,78.414,20.111,15.713,critical_peak,0
site_8a103kt75c,128,2024-05-08,3,5,26.656,3.028,69.325,11.002,0.000,0.714,0.427,0.693,224.881,103.580,26.791,14.818,flat,0
site_lh13qhdxr8,56,2024-02-26,1,2,,4.753,69.997,9.193,0.000,0.534,0.249,0.980,169.299,71.038,17.680,23.819,flat,0
site_653fbtaxzy,129,2024-05-09,4,5,15.890,4.116,61.696,14.215,0.000,0.618,0.440,0.663,197.294,82.933,30.143,24.089,time_of_use,0
site_q96oxsn6t7,115,2024-04-25,4,4,23.834,2.531,56.654,17.454,0.000,0.471,0.171,0.656,197.596,60.325,11.421,25.789,critical_peak,0
site_8ttmv07z34,135,2024-05-15,3,5,14.994,1.736,77.596,12.361,0.000,0.742,0.208,0.523,178.992,71.740,16.014,25.219,flat,0
site_mmvs0z732r,168,2024-06-17,1,6,9.845,1.999,85.917,10.972,0.000,0.469,0.024,0.418,164.048,60.602,10.367,18.038,critical_peak,0
site_8ttmv07z34,56,2024-02-26,1,2,24.461,4.569,67.164,17.056,0.000,,0.204,0.668,213.296,76.844,22.824,22.400,flat,0
site_12sjsgd733,46,2024-02-16,5,2,17.551,5.495,57.002,12.984,0.000,0.614,0.015,0.809,177.087,71.585,18.187,19.473,flat,0
site_ruqwbu08ys,110,2024-04-20,6,4,24.845,4.516,69.928,11.568,0.000,0.532,0.274,0.919,196.080,70.258,29.314,17.809,flat,0
site_q96oxsn6t7,52,2024-02-22,4,2,21.046,4.148,67.029,6.398,0.000,0.574,,0.891,210.111,42.366,19.217,31.479,critical_peak,0
site_oqtmdxfv99,129,2024-05-09,4,5,21.504,3.881,47.869,6.390,0.000,0.675,0.146,0.751,199.132,72.921,17.988,25.074,time_of_use,0
site_hv02xi47qd,93,2024-04-03,3,4,28.052,4.063,50.506,11.944,0.000,0.755,0.292,0.799,214.738,67.313,23.916,21.461,time_of_use,0
site_xms2f2z823,153,2024-06-02,0,6,11.005,1.690,61.084,8.399,0.000,0.626,0.419,0.532,165.359,58.917,27.986,18.572,flat,0
site_azlkiez3zd,30,2024-01-31,3,1,13.911,3.005,58.192,15.256,0.000,0.716,0.049,0.652,187.206,89.978,16.423,29.787,time_of_use,0
site_xms2f2z823,29,2024-01-30,2,1,12.160,2.495,83.158,13.548,0.000,0.700,,0.694,174.555,83.132,27.374,16.322,flat,0
site_xms2f2z823,186,2024-07-05,5,7,9.988,0.704,61.780,14.197,0.000,0.680,0.262,0.370,164.301,71.031,18.961,27.110,critical_peak,0
site_esvkso5p9a,101,2024-04-11,4,4,23.244,2.892,58.004,3.612,0.000,0.687,0.063,0.812,197.652,67.636,23.247,20.542,flat,0
site_8a103kt75c,129,2024-05-09,4,5,21.938,2.344,72.621,14.992,0.000,0.666,0.249,0.534,218.538,64.281,14.671,32.510,time_of_use,0
site_xms2f2z823,27,2024-01-28,0,1,14.897,3.534,73.448,4.922,0.000,0.675,0.470,0.493,201.743,50.565,26.959,,flat,0
site_9ueuoqbp8k,161,2024-06-10,1,6,10.315,2.356,68.583,8.413,4.627,0.603,0.204,0.597,222.204,66.427,21.400,17.761,critical_peak,0
site_unn79reovm,129,2024-05-09,4,5,22.527,3.877,65.205,9.465,0.000,0.786,0.088,0.480,190.143,65.326,16.343,25.617,time_of_use,0
site_oqtmdxfv99,38,2024-02-08,4,2,19.767,3.395,76.371,16.437,0.000,0.628,0.024,0.675,180.548,75.583,11.359,21.944,flat,0
site_xms2f2z823,69,2024-03-10,0,3,22.805,3.592,62.136,9.065,0.000,0.634,0.380,0.662,169.122,55.725,27.250,20.972,critical_peak,0
site_pyswc8o9g8,225,2024-08-13,2,8,9.653,1.472,75.276,12.541,0.973,0.650,0.015,0.656,200.456,55.558,19.604,20.884,flat,0
site_653fbtaxzy,144,2024-05-24,5,5,17.091,1.418,57.945,18.486,2.320,0.743,0.315,0.371,208.287,83.417,21.238,22.116,flat,0
site_lpvyddf2dp,87,2024-03-28,4,3,23.843,4.527,60.747,9.589,0.000,0.777,0.081,0.939,215.202,73.468,19.663,22.158,critical_peak,0
site_l7o5bnkp2o,61,2024-03-02,6,3,25.564,4.925,61.700,10.829,0.000,0.637,0.283,0.688,162.549,56.519,28.306,18.039,critical_peak,0
site_pyswc8o9g8,237,2024-08-25,0,8,7.094,3.079,73.152,11.389,0.000,0.650,,0.736,218.287,65.816,24.177,33.358,time_of_use,0
site_hv02xi47qd,85,2024-03-26,2,3,23.604,3.589,61.316,5.008,0.000,0.695,0.173,0.781,183.219,80.390,22.534,15.383,time_of_use,0
site_lpvyddf2dp,42,2024-02-12,1,2,22.135,4.515,,12.671,2.350,0.625,0.282,0.586,191.629,94.714,27.217,28.058,critical_peak,0
site_esvkso5p9a,132,2024-05-12,0,5,20.556,2.531,68.123,3.237,0.000,0.588,0.169,,160.751,80.784,17.334,16.797,critical_peak,0
site_wkoe2l3dl1,41,2024-02-11,0,2,18.654,2.993,73.327,20.039,0.000,0.516,0.245,0.647,200.531,46.427,18.268,26.599,time_of_use,0
site_mmvs0z732r,193,2024-07-12,5,7,10.711,2.423,78.941,3.477,0.000,0.582,0.165,0.717,180.619,52.413,15.434,13.005,time_of_use,0
site_wb8fh6amr3,67,2024-03-08,5,3,23.700,4.215,65.764,5.726,0.000,0.593,0.184,0.605,200.361,62.557,18.725,16.262,time_of_use,0
site_jby3v59n6p,135,2024-05-15,3,5,15.102,,76.279,10.944,0.000,0.560,0.095,0.555,178.171,49.672,13.283,24.442,flat,0
site_jby3v59n6p,130,2024-05-10,5,5,14.458,1.278,64.874,10.272,0.000,0.702,0.162,0.447,204.499,65.981,20.947,26.304,time_of_use,0
site_oqtmdxfv99,33,2024-02-03,6,2,19.487,3.284,64.266,15.777,0.000,0.664,0.205,0.811,166.653,77.936,24.979,19.114,critical_peak,0
site_9ueuoqbp8k,93,2024-04-03,3,4,24.362,2.655,63.526,18.180,0.000,0.655,0.147,0.604,,56.806,23.090,25.436,time_of_use,0
site_8ttmv07z34,44,2024-02-14,3,2,16.824,2.740,61.888,6.674,0.000,0.542,0.279,0.405,215.819,54.070,20.242,23.091,critical_peak,0
site_unn79reovm,205,2024-07-24,3,7,10.139,0.583,64.161,13.963,0.000,0.720,0.108,0.354,191.903,79.473,18.377,22.319,critical_peak,0
site_oqtmdxfv99,218,2024-08-06,2,8,6.577,1.431,69.307,13.712,0.980,0.745,0.015,0.471,195.765,71.949,18.271,25.298,flat,0
site_12sjsgd733,115,2024-04-25,4,4,19.713,3.822,69.073,16.438,0.000,0.563,0.015,0.650,165.145,84.241,16.919,21.324,critical_peak,0
site_hv02xi47qd,236,2024-08-24,6,8,11.763,0.923,76.840,14.233,0.000,0.695,0.308,0.565,228.901,94.899,30.980,23.194,flat,0
site_l7o5bnkp2o,183,2024-07-02,2,7,6.136,0.144,79.692,9.324,0.000,0.554,0.218,0.529,221.075,60.618,15.048,13.600,time_of_use,0
site_esvkso5p9a,42,2024-02-12,1,2,19.673,3.614,73.941,8.730,1.314,0.820,0.089,0.835,189.650,101.634,11.659,11.582,critical_peak,0
site_oqtmdxfv99,177,2024-06-26,3,6,11.207,0.797,65.612,20.964,0.000,0.786,0.079,0.516,197.319,69.952,14.803,,critical_peak,1
site_cyoy81mba2,186,2024-07-05,5,7,7.229,1.231,69.193,14.933,0.000,0.612,0.111,0.354,201.154,74.858,19.594,25.255,critical_peak,0
site_9ueuoqbp8k,124,2024-05-04,6,5,23.526,3.525,,13.175,0.000,0.581,0.273,0.559,158.930,62.686,25.815,12.810,critical_peak,0
site_9ueuoqbp8k,26,2024-01-27,6,1,15.726,1.921,60.254,14.196,0.000,0.614,0.241,0.427,185.047,69.759,30.025,12.172,critical_peak,0
site_azlkiez3zd,130,2024-05-10,5,5,20.596,2.347,53.959,11.297,0.000,0.744,0.162,0.576,178.459,85.039,15.504,24.678,time_of_use,0
site_owpbo6i70y,128,2024-05-08,3,5,18.180,2.802,90.937,11.843,0.000,0.775,0.096,0.576,152.894,75.025,8.547,25.433,flat,0
site_jby3v59n6p,71,2024-03-12,2,3,26.367,4.321,53.098,8.532,0.000,0.523,0.153,0.610,187.468,58.679,20.181,18.349,critical_peak,0
site_12sjsgd733,182,2024-07-01,1,7,,2.026,66.504,14.958,0.000,0.598,0.015,0.351,215.861,62.826,12.226,10.812,flat,0
site_wkoe2l3dl1,226,2024-08-14,3,8,6.285,1.570,73.979,8.490,0.000,0.598,0.127,0.615,209.223,72.178,15.946,31.821,flat,0
site_pyswc8o9g8,144,2024-05-24,5,5,10.588,1.668,67.777,13.649,0.000,0.628,0.015,0.588,216.795,65.679,15.152,27.471,flat,0
site_ruqwbu08ys,222,2024-08-10,6,8,10.014,1.265,73.627,11.646,0.000,0.661,0.358,0.578,202.998,57.399,22.334,25.838,critical_peak,0
site_cyoy81mba2,172,2024-06-21,5,6,10.654,1.813,70.818,7.372,0.000,0.811,0.015,0.741,152.814,64.204,9.939,15.308,flat,1
site_lpvyddf2dp,82,2024-03-23,6,3,25.944,3.700,61.179,15.850,0.000,0.710,0.242,0.709,186.622,64.900,23.572,26.233,flat,0
site_12sjsgd733,212,2024-07-31,3,7,7.379,2.167,67.485,19.185,0.000,0.494,0.015,0.334,172.606,93.422,9.043,13.622,time_of_use,0
site_unn79reovm,48,2024-02-18,0,2,16.978,3.248,73.980,16.326,0.000,0.794,0.147,0.436,196.889,68.560,9.120,23.595,time_of_use,1
site_pyswc8o9g8,196,2024-07-15,1,7,8.705,0.050,77.507,2.065,0.237,0.766,0.178,0.560,214.743,46.135,21.499,10.459,critical_peak,0
site_653fbtaxzy,149,2024-05-29,3,5,13.341,1.210,65.567,16.587,0.000,0.684,0.165,0.199,224.671,89.729,21.241,20.536,time_of_use,0
site_jby3v59n6p,48,2024-02-18,0,2,22.161,5.479,70.634,16.261,0.000,0.638,0.133,0.622,173.294,66.290,17.524,18.177,time_of_use,0
site_owpbo6i70y,122,2024-05-02,4,5,19.819,2.860,58.051,10.538,0.000,0.634,0.015,0.797,169.974,76.297,11.342,16.408,time_of_use,0
site_12sjsgd733,75,2024-03-16,6,3,21.147,4.907,53.406,11.063,0.000,0.741,0.015,0.525,175.909,59.985,15.068,15.394,time_of_use,0
site_9ueuoqbp8k,86,2024-03-27,3,3,23.646,4.400,55.207,,0.000,0.672,0.117,0.579,180.017,65.059,18.524,29.966,time_of_use,0
site_wkoe2l3dl1,37,2024-02-07,3,2,11.346,3.074,86.320,18.976,0.000,0.576,0.235,0.525,193.833,67.778,20.674,24.846,flat,0
site_lh13qhdxr8,41,2024-02-11,0,2,16.745,4.998,67.354,11.975,0.000,0.686,0.209,0.980,159.949,82.084,26.553,,time_of_use,0
site_lh13qhdxr8,96,2024-04-06,6,4,21.889,4.473,52.936,11.884,0.000,0.683,0.209,0.823,139.095,76.238,16.428,33.438,critical_peak,0
site_owpbo6i70y,102,2024-04-12,5,4,22.944,2.921,42.737,10.574,0.000,0.534,0.015,0.467,171.893,57.708,9.916,11.207,time_of_use,0
site_wkoe2l3dl1,167,2024-06-16,0,6,8.180,1.774,71.825,14.023,0.000,0.588,0.337,0.892,206.096,57.427,20.649,18.031,time_of_use,0
site_wkoe2l3dl1,175,2024-06-24,1,6,9.767,0.778,58.830,7.023,0.000,0.591,0.255,0.706,195.831,45.866,18.921,23.139,time_of_use,0
site_lh13qhdxr8,239,2024-08-27,2,8,6.934,2.903,52.023,13.744,0.000,0.712,0.149,0.891,163.143,77.911,22.427,22.357,time_of_use,0
site_9ueuoqbp8k,70,2024-03-11,1,3,24.923,5.018,51.629,12.216,0.000,0.640,0.210,0.610,182.354,61.595,,24.134,critical_peak,0
site_8a103kt75c,207,2024-07-26,5,7,8.572,0.905,73.060,17.033,1.866,0.658,0.443,0.324,233.803,62.332,23.821,15.434,flat,0
site_653fbtaxzy,76,2024-03-17,0,3,29.574,3.603,66.685,14.225,0.000,0.820,0.219,0.713,,94.994,27.205,20.222,time_of_use,0
site_653fbtaxzy,15,2024-01-16,2,1,8.604,3.005,66.722,8.872,0.000,0.609,0.276,0.469,216.374,75.735,28.053,21.060,critical_peak,0
site_ruqwbu08ys,14,2024-01-15,1,1,11.215,3.056,67.279,5.128,0.945,0.702,0.171,0.411,191.445,57.033,21.755,20.601,time_of_use,0
site_azlkiez3zd,206,2024-07-25,4,7,8.958,1.890,92.608,17.760,0.000,0.675,0.232,0.546,197.532,,26.204,29.918,critical_peak,0
site_wb8fh6amr3,143,2024-05-23,4,5,14.975,3.125,65.133,16.942,0.000,0.650,0.405,0.687,157.866,59.071,23.718,17.025,critical_peak,1
site_653fbtaxzy,22,2024-01-23,2,1,14.463,2.805,68.087,8.487,0.000,0.719,0.158,0.856,209.621,79.199,18.769,22.208,time_of_use,1
site_hv02xi47qd,216,2024-08-04,0,8,11.032,0.598,68.294,17.278,0.000,0.670,0.361,0.523,200.531,78.524,21.037,27.544,flat,0
site_mmvs0z732r,147,2024-05-27,1,5,15.264,1.849,43.229,9.054,0.000,0.470,0.125,0.823,176.603,45.719,12.422,23.216,time_of_use,0
site_l7o5bnkp2o,141,2024-05-21,2,5,16.207,2.578,67.804,10.412,0.000,0.710,0.256,0.719,169.744,45.092,24.217,23.898,critical_peak,0
site_azlkiez3zd,22,2024-01-23,2,1,16.214,2.799,77.753,13.110,0.000,0.743,,0.788,161.572,65.397,21.302,20.964,time_of_use,0
site_lpvyddf2dp,221,2024-08-09,5,8,8.635,2.202,76.916,19.610,0.000,0.648,0.276,0.747,218.860,62.070,14.454,21.122,time_of_use,0
site_wkoe2l3dl1,94,2024-04-04,4,4,22.747,2.844,70.064,5.160,0.000,0.624,0.286,0.676,188.461,66.950,18.229,14.304,time_of_use,0
site_ruqwbu08ys,45,2024-02-15,4,2,19.857,2.706,55.559,5.661,0.000,0.658,0.215,0.540,208.571,56.459,32.013,18.831,flat,0
site_653fbtaxzy,210,2024-07-29,1,7,7.517,1.012,61.973,15.195,0.000,0.537,0.227,0.607,206.806,100.213,21.123,23.860,time_of_use,0
site_xms2f2z823,188,2024-07-07,0,7,6.646,1.415,73.931,12.917,0.000,0.684,0.286,0.594,209.852,58.161,27.723,13.546,critical_peak,0
site_12sjsgd733,156,2024-06-05,3,6,13.248,0.828,62.447,15.150,6.330,0.546,0.166,0.371,193.209,45.993,16.321,19.919,time_of_use,0
site_azlkiez3zd,213,2024-08-01,4,8,6.786,1.957,85.324,11.297,0.000,0.711,0.273,0.766,,83.696,19.997,23.721,critical_peak,0
site_ruqwbu08ys,84,2024-03-25,1,3,25.345,4.395,56.354,13.634,0.000,0.492,0.109,0.661,178.212,55.146,25.776,26.489,time_of_use,0
site_q96oxsn6t7,208,2024-07-27,6,7,5.749,2.163,70.015,20.161,1.139,0.426,0.015,0.685,208.962,47.889,16.986,21.190,flat,0
site_8a103kt75c,214,2024-08-02,5,8,9.693,2.741,67.726,12.323,0.000,0.724,0.447,0.569,222.285,73.569,25.764,26.655,critical_peak,0
site_wb8fh6amr3,72,2024-03-13,3,3,22.942,3.533,58.354,,0.000,0.722,0.364,0.927,163.192,65.674,23.886,4.960,flat,0
site_lpvyddf2dp,78,2024-03-19,2,3,28.026,4.845,46.547,13.013,0.000,0.724,0.217,0.919,230.625,79.679,25.207,23.700,critical_peak,0
site_wkoe2l3dl1,7,2024-01-08,1,1,10.669,,78.548,10.598,0.000,0.683,0.204,0.777,194.584,63.906,13.510,20.435,critical_peak,1
site_lpvyddf2dp,199,2024-07-18,4,7,4.590,0.050,68.132,5.567,0.000,0.750,0.246,0.631,227.957,78.904,18.715,21.754,flat,0
site_12sjsgd733,197,2024-07-16,2,7,10.214,1.418,74.292,4.294,0.000,0.555,0.146,0.391,214.004,84.164,12.116,21.596,critical_peak,0
site_xms2f2z823,12,2024-01-13,6,1,8.979,3.042,71.660,14.702,0.000,0.732,0.373,0.620,175.632,51.526,33.907,25.325,time_of_use,0
site_azlkiez3zd,152,2024-06-01,6,6,12.736,2.511,51.208,9.817,0.000,0.674,0.251,0.658,186.611,71.588,24.452,22.577,critical_peak,0
site_q96oxsn6t7,67,2024-03-08,5,3,20.835,3.671,81.534,12.122,,0.700,0.046,0.895,185.040,67.758,14.395,26.462,time_of_use,0
site_i72zb352li,237,2024-08-25,0,8,11.108,2.901,74.345,3.487,0.000,0.642,0.289,0.704,210.529,74.808,16.951,20.255,time_of_use,0
site_owpbo6i70y,22,2024-01-23,2,1,14.478,3.384,67.576,14.423,0.000,0.642,0.099,0.558,179.850,67.136,13.081,14.898,time_of_use,0
site_azlkiez3zd,128,2024-05-08,3,5,19.057,2.013,62.259,15.210,0.000,0.601,0.182,0.694,175.206,83.925,21.840,14.490,flat,0
site_8ttmv07z34,59,2024-02-29,4,2,21.495,4.065,71.650,6.012,0.000,0.638,0.266,0.780,206.899,48.696,23.288,27.124,time_of_use,0
site_i72zb352li,42,2024-02-12,1,2,20.871,3.583,67.467,11.796,0.000,0.665,0.491,0.622,195.496,63.712,20.152,32.470,critical_peak,1
site_ruqwbu08ys,70,2024-03-11,1,3,19.558,4.048,54.140,2.979,0.000,0.574,0.263,0.636,196.667,58.374,18.270,26.272,critical_peak,0
site_wkoe2l3dl1,228,2024-08-16,5,8,11.486,1.313,76.202,14.935,0.000,0.486,0.287,0.568,219.182,55.327,16.342,18.797,time_of_use,0
site_wkoe2l3dl1,70,2024-03-11,1,3,23.622,4.269,54.330,5.859,0.000,0.635,0.105,0.813,223.945,61.820,,27.599,critical_peak,0
site_owpbo6i70y,3,2024-01-04,4,1,9.746,2.364,67.684,19.063,,0.675,0.064,0.531,169.656,76.651,9.206,21.929,time_of_use,1
site_hv02xi47qd,207,2024-07-26,5,7,7.151,0.111,75.735,0.200,0.485,0.825,0.199,0.500,202.266,63.620,22.308,28.926,flat,0
site_wkoe2l3dl1,68,2024-03-09,6,3,23.105,4.474,62.027,8.974,1.829,0.790,0.258,0.605,181.768,69.882,20.822,8.816,time_of_use,0
site_l7o5bnkp2o,215,2024-08-03,6,8,7.110,1.278,67.715,10.407,0.000,0.716,0.264,0.723,215.131,59.449,26.119,10.993,critical_peak,0
site_pyswc8o9g8,118,2024-04-28,0,4,20.931,1.147,55.682,10.694,0.000,0.617,0.136,0.331,221.859,61.559,18.997,23.853,flat,0
site_q96oxsn6t7,125,2024-05-05,0,5,17.363,4.402,56.424,11.074,0.000,0.484,0.080,0.780,158.092,62.337,9.299,23.353,critical_peak,0
site_xms2f2z823,0,2024-01-01,1,1,5.793,2.461,76.788,10.119,0.000,0.626,0.414,0.624,206.152,70.646,23.940,19.731,flat,0
site_mmvs0z732r,112,2024-04-22,1,4,19.547,3.557,68.193,12.697,0.190,0.634,0.065,,200.097,55.049,19.624,23.189,time_of_use,0
site_xms2f2z823,62,2024-03-03,0,3,24.498,3.785,54.019,14.343,0.000,0.892,0.312,0.542,229.906,72.575,23.061,20.367,critical_peak,0
site_q96oxsn6t7,129,2024-05-09,4,5,13.353,3.566,56.814,17.919,0.000,0.572,0.074,0.842,167.933,62.584,7.341,16.803,time_of_use,0
site_wkoe2l3dl1,183,2024-07-02,2,7,7.913,2.000,63.416,4.777,0.000,0.556,0.181,0.563,199.413,74.532,6.316,20.158,time_of_use,0
site_ruqwbu08ys,35,2024-02-05,1,2,19.123,4.066,61.900,12.525,0.000,0.664,0.166,0.550,203.495,62.331,28.689,19.682,critical_peak,0
site_wb8fh6amr3,79,2024-03-20,3,3,24.537,3.708,53.740,7.659,0.000,0.643,0.307,0.613,159.997,77.445,19.986,29.388,critical_peak,0
site_cyoy81mba2,8,2024-01-09,2,1,9.927,2.332,67.108,12.228,0.000,0.651,0.209,0.657,220.072,43.808,24.225,24.511,critical_peak,0
site_12sjsgd733,30,2024-01-31,3,1,14.817,2.971,71.211,11.179,0.000,0.543,0.015,0.315,182.778,63.881,19.562,18.931,time_of_use,0
site_12sjsgd733,167,2024-06-16,0,6,6.725,0.437,67.680,10.900,0.000,,0.044,0.594,193.197,59.619,13.268,27.131,time_of_use,0
site_unn79reovm,101,2024-04-11,4,4,25.865,4.645,68.266,5.127,0.000,0.705,0.356,0.668,192.633,72.541,13.087,17.405,flat,0
site_jby3v59n6p,184,2024-07-03,3,7,13.346,2.347,77.008,11.569,0.000,0.676,0.135,0.692,226.532,80.742,13.805,17.964,time_of_use,0
site_esvkso5p9a,180,2024-06-29,6,6,8.942,2.339,63.015,13.470,3.805,0.628,0.268,0.691,199.065,85.934,21.209,20.485,flat,0
site_i72zb352li,124,2024-05-04,6,5,17.641,2.301,51.836,12.718,0.000,0.695,0.310,0.551,177.771,77.510,12.705,21.579,critical_peak,0
site_xms2f2z823,76,2024-03-17,0,3,24.121,2.935,69.385,16.218,0.000,0.672,0.349,0.474,213.440,74.809,30.515,7.252,time_of_use,0
site_q96oxsn6t7,197,2024-07-16,2,7,8.932,1.677,68.649,13.596,0.000,0.578,0.236,0.565,194.376,56.156,17.606,29.196,critical_peak,0
site_12sjsgd733,35,2024-02-05,1,2,15.002,2.884,76.012,15.073,2.336,0.626,0.060,0.449,158.412,79.410,5.291,17.285,critical_peak,1
site_oqtmdxfv99,95,2024-04-05,5,4,23.150,3.152,58.405,13.213,0.000,0.629,0.195,,195.876,83.777,15.001,24.790,time_of_use,0
site_i72zb352li,51,2024-02-21,3,2,24.085,5.101,62.464,4.731,0.000,0.640,0.297,0.760,178.963,86.224,20.195,30.769,critical_peak,0
site_esvkso5p9a,18,2024-01-19,5,1,13.901,2.454,75.694,14.229,0.000,0.644,0.177,0.728,190.224,72.465,15.272,18.060,flat,0
site_12sjsgd733,51,2024-02-21,3,2,16.757,3.026,61.246,7.479,0.000,0.770,0.024,0.599,151.711,58.099,8.417,18.354,critical_peak,0
site_wkoe2l3dl1,161,2024-06-10,1,6,6.085,2.207,65.666,2.506,0.000,0.596,0.433,0.737,189.560,66.151,21.807,28.318,critical_peak,0
site_wkoe2l3dl1,77,2024-03-18,1,3,24.106,4.182,60.681,15.773,0.000,0.571,0.255,0.879,209.862,63.522,17.062,16.994,time_of_use,0
site_653fbtaxzy,25,2024-01-26,5,1,17.360,2.096,75.701,12.349,1.622,0.634,0.274,0.405,187.355,89.851,21.343,24.162,critical_peak,0
site_12sjsgd733,171,2024-06-20,4,6,12.076,1.779,72.598,13.089,0.000,0.574,0.185,0.453,187.473,55.778,10.169,17.376,flat,0
site_653fbtaxzy,193,2024-07-12,5,7,5.574,1.995,63.990,2.978,0.000,0.670,0.219,0.547,184.316,94.021,20.300,20.080,time_of_use,0
site_12sjsgd733,119,2024-04-29,1,4,20.047,3.739,55.131,6.657,0.000,0.623,0.064,0.362,182.215,75.605,8.328,22.290,flat,0
site_owpbo6i70y,231,2024-08-19,1,8,8.839,0.050,80.651,5.696,0.000,0.632,0.188,0.595,174.408,59.534,19.719,25.538,critical_peak,0
site_unn79reovm,217,2024-08-05,1,8,8.558,0.456,65.150,14.297,0.000,0.629,0.175,,222.206,56.032,10.180,22.072,flat,0
site_wb8fh6amr3,172,2024-06-21,5,6,11.662,1.951,67.244,13.615,0.000,0.546,0.220,0.571,165.903,66.774,25.639,21.830,flat,0
site_hv02xi47qd,30,2024-01-31,3,1,15.948,2.448,56.093,11.867,0.000,0.691,0.312,0.742,189.096,84.330,23.372,35.286,time_of_use,0
site_12sjsgd733,43,2024-02-13,2,2,17.879,4.097,74.417,15.480,2.054,0.706,0.066,0.701,207.984,78.322,18.178,14.643,critical_peak,0
site_q96oxsn6t7,120,2024-04-30,2,4,19.737,3.901,51.454,4.810,0.000,0.621,0.158,,162.552,62.804,17.437,23.359,time_of_use,0
site_pyswc8o9g8,60,2024-03-01,5,3,19.034,5.417,56.246,9.829,0.000,0.569,0.015,0.758,199.813,57.219,13.403,29.347,critical_peak,0
site_8ttmv07z34,117,2024-04-27,6,4,21.935,,57.304,13.002,0.000,0.737,0.150,0.525,156.735,71.313,26.091,12.790,flat,0
site_12sjsgd733,92,2024-04-02,2,4,18.327,3.939,57.559,18.401,0.000,0.633,0.142,0.350,164.124,78.815,18.996,17.354,flat,0
site_hv02xi47qd,217,2024-08-05,1,8,9.365,2.166,75.095,8.063,0.000,0.611,0.078,0.653,210.926,75.501,8.878,28.753,flat,0
site_pyswc8o9g8,199,2024-07-18,4,7,5.691,2.095,80.639,9.438,0.000,0.747,0.015,0.806,183.529,63.852,18.006,20.889,flat,0
site_xms2f2z823,176,2024-06-25,2,6,8.824,2.012,85.534,12.789,0.678,0.724,0.289,0.660,200.966,65.877,20.891,22.339,time_of_use,0
site_lh13qhdxr8,0,2024-01-01,1,1,6.151,1.206,81.449,11.680,0.000,0.594,0.201,0.657,151.617,64.735,14.767,29.509,flat,0
site_ruqwbu08ys,63,2024-03-04,1,3,24.913,5.804,62.732,15.470,0.000,0.518,0.113,0.606,165.597,37.200,20.498,10.431,flat,0
site_azlkiez3zd,167,2024-06-16,0,6,11.236,0.404,74.862,11.321,0.192,0.586,0.217,0.702,193.120,68.836,22.622,20.533,time_of_use,0
site_9ueuoqbp8k,154,2024-06-03,1,6,13.851,1.931,73.591,8.307,0.000,0.476,0.338,0.442,183.519,61.049,25.643,27.070,flat,0
site_oqtmdxfv99,135,2024-05-15,3,5,16.771,2.820,63.296,1.636,0.000,0.668,0.049,0.633,179.810,73.268,6.352,21.838,flat,0
site_8a103kt75c,71,2024-03-12,2,3,26.171,2.756,47.095,10.876,0.000,0.732,0.356,0.518,232.875,70.060,25.786,21.067,critical_peak,0
site_oqtmdxfv99,51,2024-02-21,3,2,21.032,4.155,75.741,9.688,0.000,0.773,0.210,0.645,193.917,75.674,16.913,22.905,critical_peak,0
site_cyoy81mba2,40,2024-02-10,6,2,19.964,4.956,55.214,14.381,0.000,0.681,0.129,0.852,186.987,63.262,19.678,21.212,time_of_use,0
site_azlkiez3zd,91,2024-04-01,1,4,26.245,4.610,53.393,13.727,0.000,0.734,0.213,0.684,197.260,73.853,23.680,28.382,flat,0
site_wkoe2l3dl1,233,2024-08-21,3,8,10.071,2.177,76.711,15.818,0.000,0.680,0.311,0.588,193.744,61.206,22.096,18.836,critical_peak,0
site_lpvyddf2dp,211,2024-07-30,2,7,2.638,0.093,67.830,14.788,0.000,0.743,0.241,0.614,224.248,61.237,17.909,18.896,time_of_use,0
site_oqtmdxfv99,66,2024-03-07,4,3,24.871,1.809,60.691,9.701,0.000,0.720,0.144,0.699,205.062,75.896,8.862,19.036,time_of_use,0
site_lh13qhdxr8,40,2024-02-10,6,2,16.321,2.592,67.484,15.378,0.000,0.710,0.186,0.873,165.472,56.912,33.035,19.685,time_of_use,0
site_xms2f2z823,162,2024-06-11,2,6,7.853,1.953,71.832,3.465,0.000,0.630,0.334,0.193,180.151,51.478,22.198,23.612,flat,1
site_unn79reovm,18,2024-01-19,5,1,15.051,3.592,73.653,8.861,0.000,0.669,0.070,0.614,182.840,61.424,15.129,23.032,flat,0
site_wkoe2l3dl1,46,2024-02-16,5,2,17.244,3.047,45.787,12.196,0.000,0.582,0.292,0.604,184.651,55.479,16.212,29.445,flat,0
site_9ueuoqbp8k,182,2024-07-01,1,7,6.003,1.165,77.987,8.977,0.000,0.521,0.162,,220.192,62.059,28.315,32.791,flat,0
site_ruqwbu08ys,193,2024-07-12,5,7,8.709,2.936,72.340,,0.212,0.676,0.228,0.499,210.940,67.971,23.431,28.760,time_of_use,0
site_q96oxsn6t7,104,2024-04-14,0,4,22.801,4.381,66.953,11.613,1.635,0.666,0.187,0.849,190.556,57.861,27.244,25.160,time_of_use,0
site_hv02xi47qd,84,2024-03-25,1,3,25.719,4.179,71.179,9.119,0.000,0.736,0.264,0.793,225.532,87.448,19.579,20.532,time_of_use,0
site_lpvyddf2dp,55,2024-02-25,0,2,19.273,4.890,60.922,14.602,0.000,0.616,0.400,0.980,189.524,66.020,26.589,21.197,flat,0
site_mmvs0z732r,47,2024-02-17,6,2,21.419,3.914,49.646,14.314,0.000,0.781,0.115,0.980,200.314,61.208,4.688,5.562,flat,0
site_8ttmv07z34,149,2024-05-29,3,5,14.786,1.534,67.703,13.557,0.000,0.676,0.119,0.509,153.691,55.009,13.790,10.704,time_of_use,0
site_pyswc8o9g8,4,2024-01-05,5,1,8.514,2.435,71.412,7.889,0.000,0.580,,0.892,221.725,45.736,15.696,21.314,time_of_use,0
site_i72zb352li,74,2024-03-15,5,3,29.933,4.202,67.727,8.469,0.000,0.559,0.240,0.764,202.220,80.999,18.993,19.728,flat,0
site_xms2f2z823,42,2024-02-12,1,2,22.137,2.165,48.378,11.997,1.213,0.703,0.218,0.479,177.791,50.373,13.386,7.324,critical_peak,0
site_jby3v59n6p,73,2024-03-14,4,3,21.853,4.542,69.594,5.578,2.925,0.558,0.200,0.578,205.405,64.249,15.244,21.473,flat,0
site_12sjsgd733,54,2024-02-24,6,2,23.892,1.889,60.617,6.415,0.000,0.667,0.083,0.267,207.096,67.696,7.348,25.058,flat,0
site_12sjsgd733,9,2024-01-10,3,1,12.520,2.209,74.610,7.145,0.000,0.723,0.127,0.437,169.302,70.729,17.059,19.309,flat,0
site_i72zb352li,212,2024-07-31,3,7,8.993,,69.740,13.144,0.000,0.760,0.193,0.456,206.101,,9.549,27.199,time_of_use,0
site_12sjsgd733,127,2024-05-07,2,5,18.512,2.420,58.430,10.023,0.000,0.635,0.133,0.465,171.982,63.303,18.424,25.339,flat,0
site_unn79reovm,239,2024-08-27,2,8,9.986,2.131,60.826,6.480,0.000,0.604,0.083,0.292,222.995,69.772,15.469,29.463,time_of_use,0
site_xms2f2z823,124,2024-05-04,6,5,15.437,2.531,63.114,9.189,0.000,0.579,0.353,0.539,183.903,72.030,32.062,24.881,critical_peak,0
site_unn79reovm,157,2024-06-06,4,6,13.613,1.221,47.016,,0.000,0.587,0.091,0.391,160.402,73.169,15.714,21.654,time_of_use,0
site_unn79reovm,236,2024-08-24,6,8,8.924,2.561,71.116,16.887,0.000,0.797,0.145,0.302,205.796,67.231,24.821,22.848,flat,0
site_jby3v59n6p,112,2024-04-22,1,4,23.833,2.857,62.556,14.283,0.000,0.563,0.151,0.420,,68.629,14.586,24.499,time_of_use,0
site_oqtmdxfv99,83,2024-03-24,0,3,26.678,4.812,73.975,10.882,0.000,0.736,0.229,0.785,209.355,53.156,18.460,23.226,flat,0
site_jby3v59n6p,214,2024-08-02,5,8,7.180,2.501,69.419,14.699,0.000,0.523,0.152,0.578,178.466,55.765,19.390,31.217,critical_peak,0
site_mmvs0z732r,63,2024-03-04,1,3,20.454,5.224,60.397,1.961,0.000,0.770,0.145,0.630,190.546,71.240,21.529,27.135,flat,0
site_lpvyddf2dp,177,2024-06-26,3,6,5.289,0.400,76.884,10.426,0.000,0.539,0.316,0.771,230.405,62.656,19.838,32.114,critical_peak,0
site_wb8fh6amr3,163,2024-06-12,3,6,16.873,0.715,59.173,4.956,0.000,0.514,0.145,0.534,148.340,72.825,16.625,24.980,flat,0
site_xms2f2z823,166,2024-06-15,6,6,11.656,1.232,69.099,9.734,0.000,0.624,0.301,0.645,188.562,48.256,25.537,15.008,time_of_use,0
site_l7o5bnkp2o,130,2024-05-10,5,5,14.825,3.039,74.815,7.785,0.983,0.617,0.194,0.611,184.169,53.546,21.050,21.813,time_of_use,0
site_unn79reovm,93,2024-04-03,3,4,25.509,4.205,45.588,4.503,0.000,0.698,0.160,0.410,198.578,71.233,24.215,21.596,time_of_use,0
site_lpvyddf2dp,30,2024-01-31,3,1,16.908,3.512,52.974,14.001,0.000,0.700,0.110,0.803,195.607,74.726,19.489,26.861,time_of_use,0
site_lpvyddf2dp,36,2024-02-06,2,2,15.536,4.190,73.365,7.240,3.136,0.649,0.212,0.787,167.999,71.009,22.488,18.984,flat,0
site_esvkso5p9a,49,2024-02-19,1,2,15.879,4.246,62.854,14.106,0.000,0.584,0.331,0.755,197.650,76.573,20.868,10.508,time_of_use,0
site_cyoy81mba2,192,2024-07-11,4,7,5.726,2.520,66.052,6.117,0.000,0.616,0.176,0.769,191.143,43.684,14.507,22.742,time_of_use,0
site_azlkiez3zd,14,2024-01-15,1,1,9.703,4.184,66.538,9.427,0.000,,0.091,0.748,189.038,73.755,27.911,,time_of_use,0
site_pyswc8o9g8,193,2024-07-12,5,7,3.174,2.258,73.708,13.432,0.000,0.676,0.137,0.760,,72.394,18.919,15.438,time_of_use,0
site_12sjsgd733,29,2024-01-30,2,1,12.885,2.430,75.392,12.597,0.000,0.562,0.015,0.516,163.364,82.278,17.637,18.230,flat,0
site_12sjsgd733,180,2024-06-29,6,6,8.016,1.470,60.360,11.167,0.000,0.749,0.132,0.468,167.655,58.087,15.509,10.764,flat,0
site_hv02xi47qd,56,2024-02-26,1,2,20.887,,69.082,16.495,0.000,0.733,0.196,0.789,205.487,70.194,18.881,20.230,flat,0
site_8a103kt75c,191,2024-07-10,3,7,9.644,1.983,61.573,8.295,0.000,0.741,0.373,0.647,249.397,73.624,23.870,22.015,flat,0
site_wkoe2l3dl1,54,2024-02-24,6,2,18.132,4.370,67.050,10.196,0.000,0.633,0.319,0.476,142.566,57.823,18.797,18.862,flat,0
site_unn79reovm,226,2024-08-14,3,8,8.517,1.300,75.959,11.342,0.000,0.631,0.033,0.288,213.362,65.486,13.930,32.602,flat,0
site_9ueuoqbp8k,168,2024-06-17,1,6,13.087,1.545,57.905,10.646,0.000,0.777,0.146,0.576,187.407,46.913,13.138,27.750,critical_peak,0
site_wkoe2l3dl1,34,2024-02-04,0,2,18.715,3.335,70.845,7.732,2.984,0.592,0.397,0.754,180.917,57.997,11.714,29.449,critical_peak,0
site_lpvyddf2dp,145,2024-05-25,6,5,17.583,2.186,68.238,10.265,0.000,0.693,0.319,0.816,184.696,66.581,19.724,30.851,flat,0
site_unn79reovm,199,2024-07-18,4,7,6.701,1.351,78.409,12.667,0.000,0.628,0.235,0.503,192.133,63.285,13.355,28.266,flat,0
site_lpvyddf2dp,173,2024-06-22,6,6,8.698,1.235,52.431,4.533,0.000,0.732,0.388,0.772,197.596,66.500,21.744,21.038,flat,0
site_esvkso5p9a,223,2024-08-11,0,8,11.660,1.935,75.708,13.428,0.000,0.575,0.190,0.519,205.086,78.495,21.480,17.905,critical_peak,0
site_i72zb352li,80,2024-03-21,4,3,24.225,5.019,56.775,18.960,0.000,0.694,0.323,0.547,212.659,84.197,15.266,17.922,critical_peak,0
site_lh13qhdxr8,206,2024-07-25,4,7,5.841,0.940,74.145,1.032,0.000,0.719,0.285,0.758,184.657,70.959,25.859,26.992,critical_peak,0
site_esvkso5p9a,235,2024-08-23,5,8,9.731,2.397,74.892,13.267,0.000,0.536,0.338,0.666,198.617,68.263,29.331,23.789,flat,0
site_xms2f2z823,36,2024-02-06,2,2,16.303,3.498,75.708,9.137,0.000,0.705,0.276,0.743,153.552,55.588,29.190,25.888,flat,0
site_i72zb352li,173,2024-06-22,6,6,9.643,3.309,70.178,9.881,0.000,0.706,0.336,0.536,191.127,71.332,18.036,28.011,flat,0
site_lh13qhdxr8,47,2024-02-17,6,2,22.667,4.029,65.163,3.638,0.000,0.757,0.392,0.726,211.883,67.458,25.424,21.396,flat,0
site_azlkiez3zd,169,2024-06-18,2,6,14.396,0.833,70.176,17.671,0.000,0.733,0.190,0.697,184.186,67.147,22.922,26.079,critical_peak,0
site_lpvyddf2dp,53,2024-02-23,5,2,23.172,3.883,64.747,18.807,0.000,0.663,0.203,0.661,176.231,78.527,24.911,20.295,critical_peak,0
site_ruqwbu08ys,75,2024-03-16,6,3,25.288,2.147,53.118,13.188,0.000,0.565,0.421,0.903,240.967,58.489,31.118,26.202,time_of_use,0
site_lh13qhdxr8,94,2024-04-04,4,4,27.993,4.600,56.372,13.010,0.000,0.646,0.322,0.889,199.999,61.867,26.081,24.331,time_of_use,0
site_ruqwbu08ys,103,2024-04-13,6,4,24.050,4.835,49.674,14.525,0.000,0.592,0.267,0.504,213.747,49.220,22.383,32.823,time_of_use,0
site_xms2f2z823,55,2024-02-25,0,2,18.826,3.711,74.449,10.905,0.000,0.617,0.256,0.481,186.242,56.351,25.861,20.441,flat,0
site_pyswc8o9g8,188,2024-07-07,0,7,7.023,1.080,64.706,1.548,0.000,0.672,0.128,0.433,249.188,59.733,25.656,22.972,critical_peak,0
site_lh13qhdxr8,35,2024-02-05,1,2,15.277,3.782,78.750,13.938,0.000,0.551,,0.887,,67.338,14.397,19.250,critical_peak,0
site_12sjsgd733,69,2024-03-10,0,3,23.074,5.631,55.211,10.043,,0.641,0.078,0.637,169.736,71.163,9.869,29.669,critical_peak,0
site_ruqwbu08ys,47,2024-02-17,6,2,18.369,3.479,65.138,10.043,0.000,0.690,0.250,0.634,189.434,71.489,17.151,24.600,flat,0
site_unn79reovm,10,2024-01-11,4,1,12.614,4.020,76.803,9.922,4.097,0.778,0.096,0.656,168.398,78.401,14.202,18.341,flat,0
site_pyswc8o9g8,34,2024-02-04,0,2,21.112,3.805,66.330,12.598,0.000,0.632,0.173,0.777,214.814,64.266,18.350,19.737,critical_peak,0
site_lpvyddf2dp,158,2024-06-07,5,6,9.794,2.363,62.303,15.269,0.000,0.598,0.151,,209.249,70.533,22.480,17.672,time_of_use,0
site_12sjsgd733,177,2024-06-26,3,6,10.931,1.815,69.511,4.680,2.332,0.633,0.015,0.213,227.171,76.537,12.616,21.478,critical_peak,0
site_wkoe2l3dl1,66,2024-03-07,4,3,27.241,4.789,67.637,5.546,0.000,0.718,0.116,0.980,218.612,59.020,17.975,26.735,time_of_use,0
site_ruqwbu08ys,6,2024-01-07,0,1,7.285,2.311,65.910,4.639,0.000,0.666,0.263,0.646,178.951,65.751,22.582,7.345,critical_peak,0
site_esvkso5p9a,182,2024-07-01,1,7,7.574,1.057,64.959,17.994,0.000,0.608,0.149,0.771,183.920,73.105,13.027,24.955,flat,0
site_azlkiez3zd,80,2024-03-21,4,3,23.872,4.416,56.484,8.014,0.000,0.571,0.177,0.873,190.450,69.770,21.498,18.262,critical_peak,0
site_jby3v59n6p,205,2024-07-24,3,7,9.338,0.892,,12.783,0.000,0.597,0.179,0.267,211.832,60.258,18.726,21.055,critical_peak,0
site_ruqwbu08ys,27,2024-01-28,0,1,,3.726,68.286,15.022,0.000,0.655,0.201,0.704,199.377,55.063,16.750,23.727,flat,0
site_unn79reovm,42,2024-02-12,1,2,16.214,3.289,68.998,9.400,0.000,0.577,0.015,0.641,190.460,50.134,10.666,17.699,critical_peak,0
site_wb8fh6amr3,128,2024-05-08,3,5,20.059,2.491,47.803,9.950,0.000,0.699,0.342,0.687,185.183,71.697,24.795,27.170,flat,0
site_lpvyddf2dp,21,2024-01-22,1,1,14.257,1.900,81.074,9.906,,0.732,0.370,0.877,215.475,68.954,25.950,23.024,time_of_use,0
site_azlkiez3zd,227,2024-08-15,4,8,1.431,1.307,84.331,15.328,0.000,0.699,0.113,0.649,197.511,68.446,17.702,24.122,flat,0
site_mmvs0z732r,183,2024-07-02,2,7,10.541,1.409,72.591,9.775,1.165,0.514,0.136,0.710,211.765,68.794,14.153,9.676,time_of_use,0
site_oqtmdxfv99,138,2024-05-18,6,5,17.932,1.774,76.027,17.361,0.000,0.593,0.118,0.650,207.575,71.162,24.023,25.448,time_of_use,0
site_i72zb352li,158,2024-06-07,5,6,14.534,1.943,72.698,16.489,0.000,0.472,0.299,0.645,,88.219,18.337,28.112,time_of_use,0
site_q96oxsn6t7,62,2024-03-03,0,3,22.281,4.093,65.627,13.518,0.000,0.598,0.172,0.836,157.071,56.350,16.519,27.219,critical_peak,0
site_cyoy81mba2,54,2024-02-24,6,2,22.191,4.435,71.587,4.416,0.000,0.540,0.162,0.623,163.155,69.256,29.149,23.082,flat,0
site_12sjsgd733,166,2024-06-15,6,6,7.639,2.613,74.373,12.566,0.000,0.750,0.210,0.318,187.042,66.601,16.969,27.207,time_of_use,0
site_hv02xi47qd,219,2024-08-07,3,8,6.432,2.333,57.677,10.525,0.100,0.567,0.259,0.702,183.430,48.245,15.920,31.297,time_of_use,0
site_8ttmv07z34,173,2024-06-22,6,6,9.837,1.488,79.914,12.645,0.000,0.589,0.239,0.364,206.428,62.423,14.007,35.063,flat,0
site_l7o5bnkp2o,198,2024-07-17,3,7,8.306,1.723,72.586,8.056,0.644,0.655,0.308,0.953,204.179,58.406,26.221,15.776,flat,0
site_xms2f2z823,147,2024-05-27,1,5,10.362,2.171,74.369,10.821,0.000,0.668,0.467,0.454,223.494,71.739,18.509,24.441,time_of_use,0
site_owpbo6i70y,42,2024-02-12,1,2,21.241,4.886,59.413,14.688,0.000,0.674,0.106,0.661,157.476,58.528,9.092,19.737,critical_peak,0
site_cyoy81mba2,21,2024-01-22,1,1,12.067,2.736,64.747,18.136,0.000,,0.191,0.489,174.238,70.051,21.367,19.403,time_of_use,0
site_pyswc8o9g8,119,2024-04-29,1,4,22.131,3.393,44.695,13.464,0.000,0.588,0.212,0.402,200.509,50.691,18.086,22.987,flat,0
site_owpbo6i70y,90,2024-03-31,0,3,24.655,3.416,62.336,15.049,0.000,0.565,0.310,0.760,182.251,70.493,13.683,19.296,flat,0
site_i72zb352li,176,2024-06-25,2,6,9.169,1.193,60.131,11.546,0.000,0.606,0.119,0.394,181.381,68.164,19.704,27.852,time_of_use,0
site_653fbtaxzy,145,2024-05-25,6,5,10.176,0.671,80.252,11.414,0.000,0.611,0.219,0.424,217.371,72.544,18.555,17.934,flat,0
site_q96oxsn6t7,222,2024-08-10,6,8,5.141,,68.785,6.251,0.000,0.538,0.200,0.714,188.107,73.178,20.013,20.830,critical_peak,0
site_9ueuoqbp8k,117,2024-04-27,6,4,22.009,3.955,69.747,11.654,0.000,0.500,0.306,0.789,210.270,54.485,26.117,26.849,flat,0
site_9ueuoqbp8k,169,2024-06-18,2,6,10.597,1.270,59.057,10.801,0.000,0.628,0.225,0.636,199.551,46.196,20.647,23.260,critical_peak,0
site_12sjsgd733,13,2024-01-14,0,1,14.336,2.162,72.188,6.293,0.000,0.736,0.285,0.352,202.073,68.439,22.459,19.252,time_of_use,0
site_mmvs0z732r,24,2024-01-25,4,1,10.095,3.496,68.635,8.683,0.000,0.775,0.089,0.736,179.618,71.954,9.181,26.337,critical_peak,0
site_oqtmdxfv99,154,2024-06-03,1,6,14.002,1.875,59.872,14.633,0.000,0.491,0.152,0.606,225.269,65.477,5.995,15.635,flat,0
site_jby3v59n6p,174,2024-06-23,0,6,10.171,1.329,77.892,9.518,0.000,0.659,0.024,0.535,198.867,53.345,,22.475,time_of_use,0
site_9ueuoqbp8k,44,2024-02-14,3,2,17.966,4.454,72.122,11.540,0.000,0.684,0.285,0.698,206.704,44.828,16.477,31.456,critical_peak,0
site_jby3v59n6p,190,2024-07-09,2,7,8.678,1.042,76.133,8.289,0.000,0.534,0.194,0.482,189.656,55.167,10.408,23.961,flat,0
site_lh13qhdxr8,39,2024-02-09,5,2,23.673,2.963,81.455,8.543,0.000,0.646,0.177,0.917,193.786,74.780,17.128,30.467,time_of_use,0
site_mmvs0z732r,217,2024-08-05,1,8,8.944,1.322,85.451,11.240,0.000,0.542,0.049,0.607,173.607,57.034,18.284,21.995,flat,0
site_wkoe2l3dl1,177,2024-06-26,3,6,10.209,0.050,70.655,13.388,0.000,0.456,0.178,0.719,196.920,46.218,19.142,17.059,critical_peak,0
site_jby3v59n6p,146,2024-05-26,0,5,,2.655,60.544,7.788,0.000,0.586,0.273,0.605,199.904,70.186,18.615,23.896,flat,0
site_owpbo6i70y,13,2024-01-14,0,1,9.681,3.200,77.439,13.310,0.954,0.642,0.185,0.631,176.470,75.181,14.107,28.004,time_of_use,0
site_wb8fh6amr3,89,2024-03-30,6,3,22.334,2.600,64.099,18.480,0.000,0.684,0.226,0.734,183.573,90.396,22.312,14.639,critical_peak,0
site_lpvyddf2dp,114,2024-04-24,3,4,25.687,2.963,66.530,9.693,0.000,0.610,0.315,0.617,184.471,,19.842,21.086,critical_peak,0
site_mmvs0z732r,206,2024-07-25,4,7,8.322,1.230,75.197,11.434,0.000,0.509,0.175,0.749,181.238,62.333,23.835,14.644,critical_peak,0
site_q96oxsn6t7,26,2024-01-27,6,1,15.549,3.858,73.477,4.894,0.000,0.686,0.132,0.980,169.803,58.131,22.700,29.238,critical_peak,0
site_653fbtaxzy,125,2024-05-05,0,5,20.417,2.970,70.524,5.323,0.000,0.759,0.158,0.653,184.090,52.049,16.804,22.487,critical_peak,0
site_jby3v59n6p,41,2024-02-11,0,2,17.457,5.686,62.355,12.463,0.000,0.685,0.249,0.512,185.190,66.217,21.378,28.740,time_of_use,0
site_lpvyddf2dp,71,2024-03-12,2,3,26.396,2.646,58.803,14.434,0.000,0.768,0.115,0.786,219.599,73.250,19.618,27.274,critical_peak,0
site_l7o5bnkp2o,97,2024-04-07,0,4,19.934,3.241,55.962,3.886,0.000,0.635,0.333,0.884,214.859,55.390,26.031,23.007,critical_peak,0
site_12sjsgd733,109,2024-04-19,5,4,25.853,2.869,48.525,13.251,0.000,0.690,0.015,0.475,194.388,76.298,18.268,17.678,flat,0
site_653fbtaxzy,205,2024-07-24,3,7,9.466,1.230,70.295,15.716,0.000,0.834,0.339,0.518,208.173,72.476,25.031,24.229,critical_peak,0
site_lh13qhdxr8,68,2024-03-09,6,3,25.536,3.799,59.543,15.163,0.000,0.680,0.273,0.779,171.556,67.734,30.339,31.773,time_of_use,0
site_i72zb352li,162,2024-06-11,2,6,12.771,3.026,78.282,12.739,0.000,0.727,0.278,0.526,207.609,104.349,13.609,26.283,flat,0
site_jby3v59n6p,53,2024-02-23,5,2,20.062,3.092,58.078,14.914,0.000,0.653,0.220,0.611,228.578,76.383,12.125,21.057,critical_peak,0
site_653fbtaxzy,238,2024-08-26,1,8,15.040,2.086,56.519,17.341,0.000,0.657,0.217,0.556,228.878,75.230,18.582,16.286,time_of_use,0
site_i72zb352li,127,2024-05-07,2,5,19.444,2.341,69.810,8.898,0.000,0.747,0.262,0.547,176.949,74.102,18.965,25.719,flat,0
site_owpbo6i70y,84,2024-03-25,1,3,24.001,4.367,73.732,12.171,2.005,0.713,0.061,0.508,160.163,65.966,10.074,26.663,time_of_use,0
site_8a103kt75c,81,2024-03-22,5,3,26.740,3.234,61.389,5.375,0.000,0.729,0.371,0.646,209.702,84.109,31.256,15.939,flat,0
site_xms2f2z823,195,2024-07-14,0,7,5.916,3.096,66.470,14.688,10.395,0.751,0.321,0.653,207.229,84.852,30.990,20.907,critical_peak,0
site_unn79reovm,91,2024-04-01,1,4,24.920,5.167,76.124,15.126,0.000,0.546,0.046,0.346,197.939,71.145,16.930,18.898,flat,0
site_l7o5bnkp2o,2,2024-01-03,3,1,4.725,1.942,68.231,16.531,0.000,,0.190,0.727,200.358,55.752,27.640,18.080,flat,0
site_mmvs0z732r,34,2024-02-04,0,2,16.175,4.711,62.854,9.311,0.000,0.778,0.066,0.724,190.938,56.271,5.300,18.456,critical_peak,0
site_lh13qhdxr8,148,2024-05-28,2,5,14.566,1.681,69.134,13.043,0.000,0.655,0.329,0.553,176.378,73.262,17.918,18.004,time_of_use,0
site_unn79reovm,195,2024-07-14,0,7,7.322,1.358,,8.394,1.395,0.561,0.131,0.410,206.956,73.803,,27.417,critical_peak,0
site_pyswc8o9g8,203,2024-07-22,1,7,6.436,1.697,69.011,15.926,0.000,0.660,0.196,0.499,207.172,62.582,15.479,19.991,time_of_use,0
site_653fbtaxzy,204,2024-07-23,2,7,5.776,1.103,,11.260,0.000,0.707,0.333,0.614,210.666,76.577,24.861,29.167,critical_peak,1
site_i72zb352li,116,2024-04-26,5,4,22.367,3.022,70.983,13.723,0.000,0.658,0.248,0.660,204.998,74.936,14.989,27.350,critical_peak,0
site_ruqwbu08ys,229,2024-08-17,6,8,6.251,1.692,76.803,18.441,0.000,0.576,0.270,0.335,192.169,,,26.225,time_of_use,0
site_653fbtaxzy,93,2024-04-03,3,4,26.349,3.823,67.369,3.020,2.268,0.781,0.283,0.657,208.240,80.463,23.770,13.548,time_of_use,0
site_mmvs0z732r,107,2024-04-17,3,4,23.292,2.929,62.443,16.323,3.241,0.621,0.124,0.801,188.674,63.736,15.147,19.450,critical_peak,0
site_azlkiez3zd,221,2024-08-09,5,8,11.491,2.344,73.252,4.106,0.000,0.611,0.161,0.576,181.204,82.120,22.630,24.346,time_of_use,0
site_i72zb352li,230,2024-08-18,0,8,8.041,1.522,64.693,3.543,0.000,0.654,0.080,0.457,194.197,65.420,9.590,26.148,time_of_use,0
site_8ttmv07z34,108,2024-04-18,4,4,21.221,4.148,48.047,13.035,0.000,0.688,0.118,0.547,179.752,68.311,20.307,21.318,flat,0
site_8a103kt75c,137,2024-05-17,5,5,14.663,2.721,58.028,14.026,0.000,0.647,0.257,0.771,192.465,72.698,22.788,22.544,flat,0
site_9ueuoqbp8k,180,2024-06-29,6,6,9.775,0.607,77.881,15.913,0.000,0.752,0.201,0.569,199.181,71.170,19.476,20.692,flat,0
site_esvkso5p9a,13,2024-01-14,0,1,10.178,2.596,76.243,5.144,0.000,0.628,0.166,0.586,209.215,70.580,16.888,24.694,time_of_use,1
site_8ttmv07z34,161,2024-06-10,1,6,14.302,1.812,58.111,10.118,0.000,0.659,0.088,0.524,166.101,69.149,23.848,34.898,critical_peak,0
site_wkoe2l3dl1,18,2024-01-19,5,1,10.706,3.173,66.775,14.562,0.000,0.731,0.129,0.818,215.483,61.020,13.848,26.998,flat,0
site_owpbo6i70y,215,2024-08-03,6,8,7.619,1.182,,10.825,0.000,0.665,0.049,0.627,187.800,70.062,15.779,12.226,critical_peak,0
site_oqtmdxfv99,209,2024-07-28,0,7,7.381,1.725,79.902,12.218,0.000,0.769,0.105,0.515,216.319,69.972,22.156,32.699,flat,0
site_wkoe2l3dl1,151,2024-05-31,5,5,15.523,1.592,70.360,12.557,0.000,0.561,0.258,0.620,207.492,58.276,15.314,29.989,critical_peak,0
site_mmvs0z732r,227,2024-08-15,4,8,10.556,1.711,72.125,19.303,0.000,0.464,0.032,0.638,182.419,57.413,9.506,25.947,flat,0
site_azlkiez3zd,118,2024-04-28,0,4,26.312,4.179,66.218,7.473,0.000,0.599,0.147,0.831,198.672,63.166,23.488,29.847,flat,0
site_wb8fh6amr3,94,2024-04-04,4,4,24.680,,65.881,4.176,0.000,0.741,0.238,0.468,177.634,64.005,29.619,19.195,time_of_use,0
site_oqtmdxfv99,89,2024-03-30,6,3,23.044,4.920,58.506,18.276,,0.654,,0.744,205.744,80.390,9.842,24.137,critical_peak,0
site_9ueuoqbp8k,224,2024-08-12,1,8,6.405,2.545,74.281,5.023,0.000,0.682,0.330,0.642,206.241,53.478,18.010,17.793,critical_peak,0
site_pyswc8o9g8,153,2024-06-02,0,6,11.598,1.665,60.942,,0.000,0.627,0.073,0.435,233.624,73.007,16.345,18.929,flat,0
site_lpvyddf2dp,112,2024-04-22,1,4,23.103,3.055,56.918,14.826,5.989,0.644,0.369,0.654,180.889,89.074,25.719,22.137,time_of_use,0
site_xms2f2z823,202,2024-07-21,0,7,9.383,0.095,71.696,13.263,0.000,0.627,0.268,,179.637,57.479,23.076,18.737,time_of_use,0
site_oqtmdxfv99,146,2024-05-26,0,5,16.236,3.662,67.972,11.346,0.000,0.566,0.248,0.601,209.039,49.098,14.770,23.276,flat,0
site_12sjsgd733,193,2024-07-12,5,7,8.835,1.991,74.477,10.117,0.000,0.579,0.180,0.501,174.583,66.607,17.031,15.913,time_of_use,0
site_9ueuoqbp8k,97,2024-04-07,0,4,28.634,4.570,55.399,15.948,0.000,0.725,0.300,0.716,233.557,56.709,21.385,26.012,critical_peak,0
site_l7o5bnkp2o,229,2024-08-17,6,8,7.066,0.863,55.864,14.191,0.000,0.465,0.321,0.461,198.312,62.575,26.224,24.102,time_of_use,1
site_q96oxsn6t7,160,2024-06-09,0,6,12.118,2.074,73.542,10.342,0.000,0.751,0.089,0.818,174.161,71.674,7.221,25.614,critical_peak,0
site_hv02xi47qd,102,2024-04-12,5,4,22.117,4.435,60.073,8.640,0.000,0.580,0.074,0.556,205.640,76.731,13.365,21.466,time_of_use,0
site_l7o5bnkp2o,154,2024-06-03,1,6,4.396,2.822,64.002,11.714,0.000,0.571,0.214,0.580,181.324,67.278,14.007,16.498,flat,0
site_8a103kt75c,173,2024-06-22,6,6,12.053,1.861,75.040,20.727,0.000,0.682,0.293,0.805,213.309,72.317,24.053,25.890,flat,0
site_oqtmdxfv99,193,2024-07-12,5,7,8.779,0.393,58.146,9.816,0.000,0.767,0.242,0.367,213.293,68.066,13.285,21.414,time_of_use,0
site_l7o5bnkp2o,193,2024-07-12,5,7,3.152,2.089,67.896,11.554,0.000,0.766,0.339,0.745,180.862,68.698,21.083,18.635,time_of_use,0
site_9ueuoqbp8k,164,2024-06-13,4,6,13.376,1.302,67.046,9.602,0.000,0.604,0.274,0.422,213.163,56.919,21.060,25.411,flat,0
site_esvkso5p9a,57,2024-02-27,2,2,27.907,5.059,51.804,20.627,1.646,0.634,0.160,0.925,207.663,86.038,11.514,17.282,time_of_use,0
site_owpbo6i70y,27,2024-01-28,0,1,15.219,3.115,67.048,5.639,0.000,0.700,0.115,0.558,137.914,70.859,17.338,20.478,flat,0
site_mmvs0z732r,83,2024-03-24,0,3,23.189,5.332,78.201,11.634,0.000,0.696,0.181,0.795,187.418,77.471,13.216,10.275,flat,0
site_i72zb352li,71,2024-03-12,2,3,22.619,4.576,57.937,11.791,0.000,0.717,0.334,0.582,172.990,76.486,18.618,23.340,critical_peak,0
site_esvkso5p9a,3,2024-01-04,4,1,8.513,2.878,76.213,8.703,0.000,0.644,0.113,0.690,199.461,80.033,14.490,9.044,time_of_use,0
site_azlkiez3zd,207,2024-07-26,5,7,9.728,1.159,76.595,5.665,0.000,0.582,0.173,0.607,180.400,75.729,30.556,19.212,flat,0
site_12sjsgd733,150,2024-05-30,4,5,12.983,3.027,86.650,10.884,0.000,0.698,0.065,0.447,184.479,87.809,11.978,31.469,critical_peak,0
site_wkoe2l3dl1,174,2024-06-23,0,6,12.012,1.060,76.566,15.238,0.000,0.764,0.239,0.532,175.833,60.440,21.836,19.565,time_of_use,0
site_8a103kt75c,236,2024-08-24,6,8,9.571,3.193,57.291,11.816,0.000,0.689,0.463,0.688,201.216,65.646,21.955,21.479,flat,0
site_mmvs0z732r,35,2024-02-05,1,2,14.482,1.440,65.801,10.646,3.651,0.560,0.050,0.408,183.196,68.131,14.266,11.684,critical_peak,0
site_wkoe2l3dl1,31,2024-02-01,4,2,16.110,4.559,77.073,9.012,0.100,0.612,0.256,0.937,195.053,45.184,15.980,15.401,time_of_use,0
site_8ttmv07z34,175,2024-06-24,1,6,10.884,1.369,71.912,17.075,1.193,0.475,0.107,0.262,180.288,59.446,22.045,20.853,time_of_use,0
site_azlkiez3zd,149,2024-05-29,3,5,15.199,2.387,70.597,11.058,0.000,0.701,0.241,0.480,204.922,68.048,21.145,10.461,time_of_use,0
site_hv02xi47qd,126,2024-05-06,1,5,21.268,2.729,65.689,8.093,0.000,0.568,0.084,0.915,204.524,73.282,15.637,25.393,flat,0
site_cyoy81mba2,117,2024-04-27,6,4,19.268,2.539,58.888,9.081,0.000,0.671,0.223,0.511,196.933,65.409,18.476,14.265,flat,0
site_jby3v59n6p,126,2024-05-06,1,5,17.382,3.512,71.568,16.799,0.000,0.385,0.277,0.691,194.261,66.451,25.347,15.750,flat,0
site_653fbtaxzy,117,2024-04-27,6,4,17.426,2.544,65.740,16.180,2.678,0.858,0.283,0.749,212.658,77.897,13.884,29.403,flat,0
site_8ttmv07z34,83,2024-03-24,0,3,30.447,4.435,66.595,15.135,0.000,0.710,0.230,0.637,187.566,57.481,24.835,11.518,flat,0
site_i72zb352li,28,2024-01-29,1,1,16.796,2.861,58.626,7.619,0.000,0.631,0.029,0.653,189.469,65.998,2.707,27.869,flat,0
site_ruqwbu08ys,38,2024-02-08,4,2,18.069,3.840,67.638,11.814,0.000,0.592,0.217,0.578,209.635,62.085,15.695,20.058,flat,0
site_12sjsgd733,143,2024-05-23,4,5,12.151,1.962,54.189,10.460,0.287,0.674,0.015,0.318,183.737,61.163,11.621,21.775,critical_peak,0
site_azlkiez3zd,147,2024-05-27,1,5,18.450,3.408,77.598,11.510,0.000,0.769,0.131,0.816,172.341,77.578,21.482,31.947,time_of_use,0
site_9ueuoqbp8k,186,2024-07-05,5,7,5.941,0.813,81.147,8.715,0.000,0.581,0.175,0.431,198.534,65.897,25.244,26.900,critical_peak,0
site_8a103kt75c,31,2024-02-01,4,2,18.994,3.199,78.326,13.020,0.000,0.824,0.226,0.487,208.968,85.200,19.436,23.108,time_of_use,0
site_i72zb352li,77,2024-03-18,1,3,22.666,5.519,60.991,19.727,0.000,0.636,0.389,0.547,207.981,75.014,23.929,31.173,time_of_use,0
site_l7o5bnkp2o,111,2024-04-21,0,4,24.247,2.522,67.126,18.327,0.000,0.659,0.231,0.586,194.054,56.791,14.479,25.249,time_of_use,0
site_q96oxsn6t7,199,2024-07-18,4,7,7.392,0.631,64.976,12.091,0.000,0.658,0.160,0.917,186.815,84.894,9.779,26.783,flat,0
site_l7o5bnkp2o,106,2024-04-16,2,4,21.278,4.016,62.395,9.669,0.000,0.695,0.113,0.771,180.561,70.355,20.067,18.363,critical_peak,0
site_oqtmdxfv99,186,2024-07-05,5,7,11.426,0.830,81.799,9.829,1.245,0.578,0.015,0.518,194.605,60.115,12.069,18.544,critical_peak,0
site_i72zb352li,35,2024-02-05,1,2,14.285,3.038,76.069,,2.564,0.756,0.106,0.749,180.674,70.102,6.535,24.832,critical_peak,0
site_owpbo6i70y,47,2024-02-17,6,2,22.480,4.295,58.990,11.562,2.198,,0.166,0.556,165.899,56.140,16.509,,flat,0
site_oqtmdxfv99,133,2024-05-13,1,5,18.407,2.436,62.962,9.132,0.000,0.888,0.201,0.549,190.547,68.665,17.463,27.492,critical_peak,0
site_wkoe2l3dl1,108,2024-04-18,4,4,19.966,3.857,60.155,7.332,0.000,0.607,0.386,0.802,234.929,79.543,21.990,27.663,flat,0
site_oqtmdxfv99,36,2024-02-06,2,2,18.110,2.836,62.386,13.205,0.000,0.763,0.158,0.771,187.210,73.646,26.547,23.183,flat,0
site_lh13qhdxr8,42,2024-02-12,1,2,16.551,3.144,60.903,5.832,0.000,0.695,0.130,0.888,180.255,72.202,,22.658,critical_peak,0
site_pyswc8o9g8,134,2024-05-14,2,5,14.625,3.337,87.838,14.857,0.000,0.557,0.161,0.702,195.016,61.842,10.410,18.295,critical_peak,0
site_l7o5bnkp2o,23,2024-01-24,3,1,17.645,3.208,67.927,10.555,0.000,0.597,0.300,0.612,171.983,54.904,16.491,12.794,time_of_use,0
site_jby3v59n6p,220,2024-08-08,4,8,12.798,0.949,81.628,20.752,0.000,0.673,0.258,0.471,188.615,66.058,15.354,21.183,time_of_use,0
site_wb8fh6amr3,64,2024-03-05,2,3,21.984,4.175,64.994,8.018,,0.550,0.309,0.838,181.520,71.300,15.193,18.646,flat,0
site_pyswc8o9g8,141,2024-05-21,2,5,14.677,2.317,79.056,12.073,0.000,0.623,0.098,0.564,212.288,,9.486,12.495,critical_peak,0
site_8a103kt75c,65,2024-03-06,3,3,25.578,3.413,63.747,0.200,0.000,0.695,0.338,0.672,203.973,85.290,23.530,20.674,flat,0
site_owpbo6i70y,145,2024-05-25,6,5,10.684,2.591,68.429,12.868,0.000,0.708,0.161,0.554,190.677,61.319,17.012,12.145,flat,0
site_9ueuoqbp8k,162,2024-06-11,2,6,14.350,0.427,65.721,15.639,3.881,0.604,0.426,0.404,188.136,63.897,,29.381,flat,0
site_9ueuoqbp8k,82,2024-03-23,6,3,21.376,4.591,57.552,10.055,0.000,0.688,0.314,0.652,203.499,73.997,32.727,40.470,flat,0
site_mmvs0z732r,2,2024-01-03,3,1,11.699,,72.944,16.971,2.114,,0.275,0.628,162.935,80.119,18.763,19.937,flat,0
site_lh13qhdxr8,166,2024-06-15,6,6,7.144,1.367,74.016,10.491,5.736,0.707,0.228,0.824,169.267,54.166,20.224,26.494,time_of_use,1
site_esvkso5p9a,17,2024-01-18,4,1,8.295,3.617,75.856,13.060,0.000,0.652,0.225,0.690,176.749,83.745,19.662,13.267,critical_peak,0
site_azlkiez3zd,236,2024-08-24,6,8,11.474,2.708,84.131,6.863,0.279,0.591,0.205,0.917,185.518,77.008,21.005,25.077,flat,0
site_i72zb352li,16,2024-01-17,3,1,12.712,1.224,71.601,8.109,0.000,0.663,0.383,0.495,159.801,82.730,16.790,19.529,critical_peak,0
site_jby3v59n6p,185,2024-07-04,4,7,6.848,1.230,63.463,9.816,0.000,0.639,0.119,,216.367,67.127,21.471,39.118,time_of_use,1
site_653fbtaxzy,43,2024-02-13,2,2,17.614,4.227,69.047,9.477,0.000,0.631,0.301,0.470,193.966,87.319,32.805,16.474,critical_peak,0
site_653fbtaxzy,94,2024-04-04,4,4,20.444,5.317,57.901,12.236,0.000,0.642,0.277,0.450,195.020,90.133,21.279,22.628,time_of_use,0
site_lpvyddf2dp,37,2024-02-07,3,2,22.234,4.217,71.871,12.490,0.000,0.608,0.257,0.733,190.843,72.577,16.710,36.600,flat,1
site_653fbtaxzy,152,2024-06-01,6,6,14.250,1.664,62.790,7.042,1.821,0.659,0.345,0.400,209.158,85.855,22.963,13.559,critical_peak,0
site_cyoy81mba2,133,2024-05-13,1,5,20.194,1.657,65.016,15.788,0.000,0.660,0.322,0.713,184.271,60.139,20.446,22.337,critical_peak,0
site_esvkso5p9a,60,2024-03-01,5,3,25.909,4.509,55.472,9.793,0.000,0.598,0.176,0.932,200.366,71.548,21.647,13.563,critical_peak,1
site_ruqwbu08ys,105,2024-04-15,1,4,25.938,3.921,56.320,14.993,0.000,0.594,0.226,0.659,202.096,60.285,18.020,21.168,critical_peak,0
site_oqtmdxfv99,165,2024-06-14,5,6,6.469,1.155,75.378,5.208,0.000,0.604,0.047,0.470,222.143,91.925,11.334,28.639,time_of_use,0
site_12sjsgd733,230,2024-08-18,0,8,8.069,1.895,75.501,25.034,0.000,0.724,0.189,0.370,216.404,73.608,11.446,27.199,time_of_use,0
site_pyswc8o9g8,76,2024-03-17,0,3,20.665,5.624,70.490,5.929,0.917,0.634,0.117,0.861,201.883,61.255,14.134,18.102,time_of_use,0
site_9ueuoqbp8k,21,2024-01-22,1,1,16.632,3.516,67.308,8.352,0.000,0.694,0.147,0.577,179.655,61.813,21.089,27.804,time_of_use,0
site_12sjsgd733,7,2024-01-08,1,1,11.858,1.988,74.195,4.891,0.000,0.536,0.112,0.707,183.622,76.442,13.661,13.697,critical_peak,0
site_653fbtaxzy,32,2024-02-02,5,2,15.216,4.183,75.096,14.431,0.000,0.619,0.287,0.601,221.586,85.806,24.612,19.324,time_of_use,0
site_hv02xi47qd,121,2024-05-01,3,5,19.279,4.778,69.767,9.634,0.000,0.679,0.227,0.884,205.805,86.324,28.660,23.545,time_of_use,0
site_azlkiez3zd,157,2024-06-06,4,6,10.983,2.884,71.958,14.231,0.000,0.670,0.233,0.739,158.534,69.118,24.091,25.889,time_of_use,0
site_mmvs0z732r,70,2024-03-11,1,3,23.459,4.210,56.800,11.251,0.000,0.772,0.090,0.900,196.456,71.901,14.503,8.239,critical_peak,0
site_ruqwbu08ys,213,2024-08-01,4,8,7.909,1.317,65.290,6.192,0.000,0.710,0.216,0.469,205.853,67.375,21.655,19.591,critical_peak,0
site_pyswc8o9g8,94,2024-04-04,4,4,18.440,4.680,47.758,11.877,0.000,0.586,0.062,0.543,214.292,75.335,19.000,30.292,time_of_use,0
site_8ttmv07z34,167,2024-06-16,0,6,6.837,0.547,70.565,17.357,0.000,0.634,0.174,0.601,193.019,70.485,23.579,19.887,time_of_use,0
site_i72zb352li,155,2024-06-04,2,6,10.756,2.013,69.689,7.860,0.000,0.858,0.205,0.608,196.874,89.801,15.820,22.441,flat,0
site_8a103kt75c,42,2024-02-12,1,2,20.120,4.047,61.371,10.364,0.000,0.675,0.199,0.669,230.337,84.305,10.378,14.605,critical_peak,0
site_8ttmv07z34,69,2024-03-10,0,3,22.937,4.146,52.236,8.769,0.000,0.752,0.236,0.692,188.282,85.308,19.009,18.245,critical_peak,0
site_azlkiez3zd,154,2024-06-03,1,6,15.420,1.847,62.586,17.042,0.986,0.571,0.061,0.764,192.772,79.757,20.020,17.559,flat,1
site_9ueuoqbp8k,213,2024-08-01,4,8,7.095,0.864,82.126,6.814,0.000,0.654,0.288,0.364,218.032,49.779,19.684,25.333,critical_peak,0
site_mmvs0z732r,91,2024-04-01,1,4,24.183,4.360,48.217,8.233,2.214,0.708,0.094,0.625,162.495,50.907,6.517,19.223,flat,0
site_hv02xi47qd,163,2024-06-12,3,6,6.140,1.475,84.828,15.102,0.000,0.744,0.160,0.969,205.189,67.102,22.438,27.562,flat,0
site_653fbtaxzy,29,2024-01-30,2,1,17.970,3.400,68.569,12.361,0.000,0.700,0.341,,190.570,82.673,26.197,5.911,flat,0
site_xms2f2z823,154,2024-06-03,1,6,11.761,2.507,80.878,13.890,0.000,0.778,0.244,0.593,162.985,67.331,17.782,15.090,flat,0
site_8ttmv07z34,136,2024-05-16,4,5,18.188,3.156,64.548,8.395,1.470,0.520,,0.456,169.122,56.717,24.164,34.381,flat,0
site_653fbtaxzy,163,2024-06-12,3,6,8.951,2.469,74.573,16.088,0.000,0.635,0.243,0.402,192.845,73.402,20.064,19.627,flat,0
site_esvkso5p9a,152,2024-06-01,6,6,9.896,1.368,56.271,16.273,0.000,0.726,0.342,0.448,222.219,71.530,,21.044,critical_peak,0
site_oqtmdxfv99,100,2024-04-10,3,4,25.341,4.087,64.677,7.092,0.000,0.612,0.063,0.804,191.475,83.311,12.315,24.070,flat,0
site_q96oxsn6t7,221,2024-08-09,5,8,6.852,2.314,84.786,7.971,0.000,0.491,0.110,0.854,163.431,65.197,6.365,20.108,time_of_use,0
site_wb8fh6amr3,122,2024-05-02,4,5,17.033,2.053,60.436,7.076,0.000,0.592,0.324,0.616,197.231,72.988,27.956,26.874,time_of_use,0
site_cyoy81mba2,1,2024-01-02,2,1,2.797,3.796,61.547,9.549,0.000,0.620,0.059,0.744,184.285,54.482,19.691,30.813,flat,0
site_hv02xi47qd,176,2024-06-25,2,6,9.498,1.623,71.917,21.152,0.000,0.556,0.241,0.677,213.132,84.838,21.161,24.438,time_of_use,0
site_unn79reovm,14,2024-01-15,1,1,10.804,3.896,67.612,7.844,0.000,0.721,0.188,0.251,194.232,75.214,,25.672,time_of_use,0
site_8a103kt75c,90,2024-03-31,0,3,23.712,4.193,59.653,13.022,0.000,0.950,0.251,0.678,204.440,79.489,35.602,15.084,flat,0
site_ruqwbu08ys,127,2024-05-07,2,5,20.188,4.758,61.133,9.172,0.000,0.579,0.271,0.581,177.645,46.426,28.622,18.777,flat,0
site_wkoe2l3dl1,43,2024-02-13,2,2,16.550,4.421,59.870,6.112,0.000,0.612,0.215,0.980,203.667,58.684,13.124,24.488,critical_peak,0
site_8a103kt75c,221,2024-08-09,5,8,7.355,2.795,62.341,13.502,0.000,0.777,0.439,0.452,159.874,88.748,22.534,11.809,time_of_use,0
site_ruqwbu08ys,41,2024-02-11,0,2,23.359,4.057,49.186,4.647,0.000,0.714,0.174,0.631,172.075,69.594,20.123,19.151,time_of_use,0
site_xms2f2z823,65,2024-03-06,3,3,21.913,4.192,70.586,14.042,0.000,0.745,0.305,0.660,161.171,73.384,17.878,17.355,flat,0
site_esvkso5p9a,82,2024-03-23,6,3,26.816,3.047,66.467,13.038,1.684,0.716,0.288,0.712,207.342,70.127,24.851,16.969,flat,0
site_pyswc8o9g8,206,2024-07-25,4,7,5.508,1.331,67.864,10.780,0.000,0.636,0.218,0.476,241.031,67.608,24.854,22.825,critical_peak,0
site_lh13qhdxr8,101,2024-04-11,4,4,22.331,1.817,51.216,17.129,0.000,0.566,0.206,0.763,,72.221,15.498,13.262,flat,0
site_9ueuoqbp8k,209,2024-07-28,0,7,6.920,1.862,79.046,18.661,0.000,0.805,0.267,0.273,188.917,61.373,22.654,22.844,flat,0
site_azlkiez3zd,229,2024-08-17,6,8,5.795,1.795,75.626,9.198,0.000,0.714,0.195,0.831,192.180,64.968,15.306,21.510,time_of_use,0
site_unn79reovm,232,2024-08-20,2,8,7.636,2.075,49.206,16.218,0.000,0.630,0.149,0.304,208.649,70.716,17.464,21.641,critical_peak,0
site_9ueuoqbp8k,178,2024-06-27,4,6,11.248,1.569,80.749,7.469,1.267,0.501,0.183,0.501,213.772,52.585,18.013,35.461,critical_peak,0
site_cyoy81mba2,213,2024-08-01,4,8,2.426,1.326,80.680,8.346,0.000,0.668,0.201,0.581,230.805,66.430,19.562,15.106,critical_peak,0
site_mmvs0z732r,162,2024-06-11,2,6,9.993,1.229,81.767,14.811,0.000,0.589,0.128,0.586,213.991,64.892,19.306,26.678,flat,0
site_unn79reovm,47,2024-02-17,6,2,19.675,3.438,53.697,12.554,0.000,0.679,0.099,0.323,173.811,64.221,16.059,19.096,flat,0
site_oqtmdxfv99,198,2024-07-17,3,7,5.535,1.113,82.075,12.938,0.000,0.746,0.040,0.745,191.196,79.885,16.066,18.341,flat,0
site_lh13qhdxr8,223,2024-08-11,0,8,8.930,2.074,76.900,5.626,0.816,0.587,0.353,0.606,199.884,83.322,27.665,13.419,critical_peak,0
site_mmvs0z732r,88,2024-03-29,5,3,22.916,3.589,48.287,14.851,0.000,0.572,0.015,0.787,189.137,53.641,13.752,15.946,critical_peak,0
site_xms2f2z823,129,2024-05-09,4,5,19.061,2.273,50.720,11.479,0.000,0.638,0.344,0.475,166.285,71.204,21.443,23.844,time_of_use,0
site_hv02xi47qd,116,2024-04-26,5,4,20.298,3.938,65.303,17.488,0.000,0.637,0.246,0.862,187.366,87.104,26.734,29.352,critical_peak,0
site_esvkso5p9a,208,2024-07-27,6,7,11.418,1.525,80.008,,0.000,0.596,0.119,0.711,175.660,75.733,16.774,24.202,flat,0
site_lpvyddf2dp,122,2024-05-02,4,5,18.226,2.979,,7.075,0.000,0.672,0.165,0.875,169.443,77.792,18.819,21.864,time_of_use,0
site_8ttmv07z34,15,2024-01-16,2,1,11.344,3.746,58.430,11.152,0.000,0.569,0.112,0.437,156.787,68.962,18.157,19.397,critical_peak,0
site_unn79reovm,57,2024-02-27,2,2,18.271,4.742,72.127,7.239,0.000,0.487,0.099,0.620,193.878,71.736,11.605,28.041,time_of_use,0
site_owpbo6i70y,181,2024-06-30,0,6,8.801,1.424,64.336,11.617,0.000,0.776,0.199,0.572,188.042,89.185,5.406,10.663,flat,0
site_8a103kt75c,211,2024-07-30,2,7,13.500,1.120,86.508,8.909,0.000,0.715,0.404,0.587,215.131,69.720,22.845,20.638,time_of_use,0
site_ruqwbu08ys,173,2024-06-22,6,6,12.014,1.688,71.055,12.815,0.000,0.668,0.130,0.529,193.573,71.669,23.789,25.016,flat,0
site_mmvs0z732r,237,2024-08-25,0,8,9.152,2.556,54.675,10.598,0.000,0.599,0.061,0.535,194.790,62.010,9.444,25.285,time_of_use,0
site_lpvyddf2dp,140,2024-05-20,1,5,12.065,3.846,58.463,6.570,5.058,0.552,0.322,0.801,192.905,71.731,22.980,23.406,time_of_use,0
site_oqtmdxfv99,45,2024-02-15,4,2,23.044,4.773,66.287,6.965,0.000,0.732,0.015,0.739,217.986,80.278,13.054,22.060,flat,0
site_lpvyddf2dp,66,2024-03-07,4,3,23.814,4.916,82.531,10.078,0.000,,0.339,0.931,203.608,73.287,19.705,20.715,time_of_use,0
site_azlkiez3zd,174,2024-06-23,0,6,9.793,1.148,82.866,7.746,0.000,0.684,0.217,0.505,185.687,90.593,19.035,23.025,time_of_use,0
site_i72zb352li,30,2024-01-31,3,1,11.139,3.763,63.723,10.314,0.000,0.626,0.309,0.616,231.160,69.966,20.512,25.707,time_of_use,0
site_lpvyddf2dp,136,2024-05-16,4,5,18.357,1.805,56.569,14.330,0.000,0.716,0.307,0.697,217.332,76.558,23.398,30.906,flat,0
site_ruqwbu08ys,192,2024-07-11,4,7,2.589,2.123,62.981,15.529,0.000,0.637,0.240,0.684,233.917,59.999,28.626,13.964,time_of_use,0
site_owpbo6i70y,43,2024-02-13,2,2,22.662,4.446,64.886,6.911,0.000,0.513,0.048,0.978,180.070,64.608,23.909,13.982,critical_peak,0
site_esvkso5p9a,48,2024-02-18,0,2,20.103,4.900,62.554,13.539,0.000,0.638,0.286,0.980,186.107,69.724,21.519,21.644,time_of_use,0
site_owpbo6i70y,118,2024-04-28,0,4,21.189,3.727,72.674,18.251,0.000,0.544,0.217,0.849,164.817,82.736,18.226,21.283,flat,0
site_esvkso5p9a,163,2024-06-12,3,6,9.918,0.720,65.582,4.574,0.000,0.549,0.182,0.680,212.040,81.093,22.821,16.252,flat,0
site_pyswc8o9g8,58,2024-02-28,3,2,19.032,3.704,74.700,8.074,0.000,0.593,0.166,0.656,197.485,55.257,17.068,22.641,time_of_use,0
site_unn79reovm,7,2024-01-08,1,1,9.484,2.535,63.373,9.398,0.000,0.612,0.122,0.403,182.588,59.733,18.752,19.456,critical_peak,0
site_wb8fh6amr3,114,2024-04-24,3,4,19.921,4.193,59.246,10.190,0.000,0.627,0.294,0.904,164.309,70.212,30.565,19.481,critical_peak,0
site_pyswc8o9g8,149,2024-05-29,3,5,16.752,2.966,80.066,6.891,0.000,0.535,0.215,0.650,191.117,39.309,12.006,21.781,time_of_use,0
site_wb8fh6amr3,164,2024-06-13,4,6,7.090,1.921,75.265,14.043,0.000,0.556,0.438,0.613,178.519,68.935,32.242,15.219,flat,0
site_owpbo6i70y,52,2024-02-22,4,2,20.990,3.807,68.975,12.345,0.000,0.634,0.165,0.674,161.317,63.705,7.269,12.818,critical_peak,0
site_ruqwbu08ys,52,2024-02-22,4,2,18.890,3.610,61.712,10.020,0.000,0.690,0.129,,184.160,59.096,26.218,14.934,critical_peak,0
site_unn79reovm,85,2024-03-26,2,3,24.602,3.461,53.588,9.523,0.000,0.541,0.039,0.565,201.924,78.073,7.115,42.779,time_of_use,0
site_esvkso5p9a,51,2024-02-21,3,2,23.934,3.882,59.210,9.295,0.000,0.713,0.184,0.980,189.728,81.720,16.116,19.444,critical_peak,0
site_wkoe2l3dl1,65,2024-03-06,3,3,,4.116,47.550,11.623,0.000,0.509,0.341,0.880,198.145,56.385,21.035,27.829,flat,0
site_mmvs0z732r,59,2024-02-29,4,2,25.172,3.686,52.706,6.661,5.219,0.790,0.015,0.869,193.664,68.361,10.365,27.548,time_of_use,0
site_wkoe2l3dl1,58,2024-02-28,3,2,20.626,3.648,68.548,4.048,0.000,0.705,0.354,0.840,196.392,66.505,17.370,34.883,time_of_use,0
site_ruqwbu08ys,230,2024-08-18,0,8,7.507,2.403,79.150,15.475,0.000,0.631,0.396,0.355,202.199,61.191,22.917,22.729,time_of_use,0
site_wkoe2l3dl1,172,2024-06-21,5,6,6.737,1.989,80.386,10.019,0.000,0.493,0.194,0.542,175.526,75.307,14.581,23.876,flat,0
site_jby3v59n6p,66,2024-03-07,4,3,20.831,3.438,67.805,11.811,0.000,0.545,0.089,0.641,171.663,66.191,11.254,35.031,time_of_use,0
site_azlkiez3zd,164,2024-06-13,4,6,10.249,2.374,71.857,10.323,0.000,0.767,0.161,0.810,198.245,83.658,16.405,,flat,0
site_pyswc8o9g8,215,2024-08-03,6,8,6.381,1.475,67.673,12.089,0.000,0.744,0.214,0.492,226.263,70.510,18.501,27.124,critical_peak,0
site_hv02xi47qd,106,2024-04-16,2,4,25.783,4.013,60.589,14.872,2.550,0.777,0.357,0.808,184.237,,27.884,17.641,critical_peak,0
site_hv02xi47qd,188,2024-07-07,0,7,9.946,1.549,77.258,12.298,0.000,0.651,0.191,0.758,169.995,71.094,20.928,16.744,critical_peak,0
site_653fbtaxzy,127,2024-05-07,2,5,21.362,3.528,66.533,12.968,0.000,0.643,0.359,0.509,194.825,74.783,26.539,16.421,flat,0
site_azlkiez3zd,44,2024-02-14,3,2,17.620,2.607,73.464,15.515,0.000,0.620,0.160,0.583,177.487,80.571,20.294,28.360,critical_peak,0
site_esvkso5p9a,35,2024-02-05,1,2,17.895,3.034,64.827,11.578,,0.652,0.253,0.717,181.758,70.032,19.457,13.163,critical_peak,0
site_8ttmv07z34,12,2024-01-13,6,1,8.360,2.938,70.337,2.690,0.000,0.696,0.329,0.519,192.844,70.960,20.195,31.062,time_of_use,0
site_azlkiez3zd,185,2024-07-04,4,7,18.644,1.585,66.989,12.016,0.000,0.638,0.257,0.760,187.585,62.744,25.494,21.199,time_of_use,0
site_8a103kt75c,46,2024-02-16,5,2,20.293,3.551,79.598,10.861,4.954,0.719,0.378,0.332,194.908,78.633,25.658,19.818,flat,0
site_pyswc8o9g8,1,2024-01-02,2,1,8.747,1.260,73.205,17.515,1.058,0.624,0.364,0.476,226.976,56.918,26.360,20.969,flat,0
site_wb8fh6amr3,80,2024-03-21,4,3,24.987,3.008,61.700,4.299,0.000,0.637,0.233,0.885,186.505,57.281,24.119,15.477,critical_peak,0
site_cyoy81mba2,106,2024-04-16,2,4,24.123,4.678,60.204,10.293,0.000,0.689,0.108,0.772,163.652,76.282,19.137,18.894,critical_peak,0
site_9ueuoqbp8k,132,2024-05-12,0,5,15.787,3.283,66.294,10.473,0.000,0.761,0.235,0.558,216.930,68.915,20.815,26.285,critical_peak,0
site_cyoy81mba2,140,2024-05-20,1,5,19.165,1.075,82.046,13.402,0.401,0.580,0.211,0.595,185.823,60.726,30.735,20.682,time_of_use,0
site_9ueuoqbp8k,177,2024-06-26,3,6,7.424,0.327,88.957,13.044,0.000,0.565,0.291,0.680,204.290,66.697,24.234,25.638,critical_peak,0
site_xms2f2z823,7,2024-01-08,1,1,11.158,4.587,60.140,17.094,2.357,0.779,0.215,0.620,192.275,54.953,27.279,11.837,critical_peak,0
site_653fbtaxzy,116,2024-04-26,5,4,18.041,3.347,61.678,9.011,0.000,0.684,0.230,0.737,208.452,72.301,20.624,24.842,critical_peak,0
site_8ttmv07z34,130,2024-05-10,5,5,14.702,3.319,60.628,12.817,0.000,0.626,0.246,0.737,178.740,68.145,24.419,23.108,time_of_use,0
site_azlkiez3zd,49,2024-02-19,1,2,18.057,5.085,63.275,16.461,0.000,0.688,0.278,0.913,189.833,69.730,18.115,21.324,time_of_use,0
site_8ttmv07z34,168,2024-06-17,1,6,8.882,1.240,53.447,16.180,0.000,0.625,0.134,0.293,198.637,65.686,19.667,19.493,critical_peak,0
site_owpbo6i70y,199,2024-07-18,4,7,6.304,1.501,84.299,3.880,0.000,0.737,0.039,0.615,178.147,61.814,12.233,17.747,flat,0
site_ruqwbu08ys,158,2024-06-07,5,6,12.386,1.526,63.375,12.194,0.000,0.471,0.215,0.664,209.776,65.457,21.659,13.695,time_of_use,0
site_owpbo6i70y,169,2024-06-18,2,6,7.089,2.018,89.057,9.239,0.000,0.630,0.136,0.886,169.025,64.884,9.514,18.323,critical_peak,0
site_unn79reovm,125,2024-05-05,0,5,21.651,2.734,71.453,21.768,0.000,0.649,0.070,0.422,224.014,68.193,18.625,21.616,critical_peak,0
site_ruqwbu08ys,163,2024-06-12,3,6,12.620,1.597,66.274,3.992,0.000,0.571,0.184,0.417,194.630,71.597,18.718,25.041,flat,0
site_lh13qhdxr8,173,2024-06-22,6,6,7.709,2.119,62.991,16.244,4.509,0.577,0.369,0.741,184.184,46.048,31.667,18.653,flat,0
site_l7o5bnkp2o,5,2024-01-06,6,1,2.451,2.682,79.027,11.725,0.000,0.712,0.320,0.521,211.725,44.803,29.243,25.318,time_of_use,0
site_azlkiez3zd,205,2024-07-24,3,7,5.753,0.502,76.107,15.767,0.000,0.659,0.087,0.638,177.479,76.447,15.925,34.915,critical_peak,0
site_lpvyddf2dp,231,2024-08-19,1,8,9.156,0.996,78.460,3.816,0.000,0.654,0.139,0.266,208.345,72.858,17.527,22.674,critical_peak,0
site_9ueuoqbp8k,198,2024-07-17,3,7,6.052,1.459,67.410,9.050,0.000,0.458,0.350,0.617,225.924,62.263,22.328,19.286,flat,0
site_hv02xi47qd,208,2024-07-27,6,7,4.691,1.444,69.429,11.096,0.000,0.658,0.188,0.579,210.926,55.274,18.607,22.167,flat,0
site_unn79reovm,158,2024-06-07,5,6,6.678,2.006,71.470,9.526,0.000,0.662,0.186,0.326,235.399,79.401,7.697,24.311,time_of_use,0
site_12sjsgd733,116,2024-04-26,5,4,23.071,2.424,55.987,7.106,0.000,0.589,0.068,0.540,200.205,71.179,13.778,26.425,critical_peak,0
site_9ueuoqbp8k,101,2024-04-11,4,4,21.748,4.565,67.156,7.153,0.000,0.575,0.415,0.661,201.961,58.470,29.104,14.214,flat,0
site_lpvyddf2dp,169,2024-06-18,2,6,10.921,0.050,82.971,24.332,0.000,0.598,0.154,0.550,184.267,62.286,20.664,25.879,critical_peak,0
site_wkoe2l3dl1,60,2024-03-01,5,3,30.225,4.578,73.786,9.828,0.000,0.657,0.160,0.806,197.945,54.316,21.653,14.232,critical_peak,0
site_pyswc8o9g8,116,2024-04-26,5,4,16.021,3.361,66.677,17.455,0.000,0.552,0.169,0.639,,60.042,16.077,15.267,critical_peak,0
site_8a103kt75c,72,2024-03-13,3,3,27.164,3.002,56.135,17.677,0.000,0.673,0.440,0.644,220.193,65.744,24.450,18.356,flat,1
site_9ueuoqbp8k,138,2024-05-18,6,5,17.116,1.911,63.900,20.448,0.000,0.480,0.335,0.484,198.864,50.744,22.041,27.492,time_of_use,0
site_8ttmv07z34,238,2024-08-26,1,8,10.474,3.030,72.385,15.271,0.000,0.664,0.195,0.578,204.699,61.720,20.563,22.010,time_of_use,0
site_8a103kt75c,69,2024-03-10,0,3,24.321,4.389,74.286,1.893,0.000,0.738,0.270,0.744,226.343,89.759,16.904,17.609,critical_peak,0
site_i72zb352li,122,2024-05-02,4,5,22.398,3.087,46.481,8.797,3.806,0.755,0.372,,193.727,75.729,17.456,24.666,time_of_use,0
site_9ueuoqbp8k,6,2024-01-07,0,1,13.668,2.915,80.038,16.659,0.000,0.626,0.260,0.703,173.959,61.359,19.374,23.305,critical_peak,0
site_jby3v59n6p,224,2024-08-12,1,8,6.822,2.296,72.436,5.066,0.000,0.573,0.056,0.324,206.978,62.269,7.576,15.149,critical_peak,0
site_653fbtaxzy,33,2024-02-03,6,2,17.892,1.204,48.308,5.633,0.000,0.871,0.382,0.481,209.478,68.195,20.462,19.314,critical_peak,0
site_lh13qhdxr8,182,2024-07-01,1,7,4.677,0.865,68.897,12.209,0.000,0.658,0.233,0.742,202.056,87.956,16.046,26.979,flat,0
site_cyoy81mba2,236,2024-08-24,6,8,10.680,2.482,87.084,14.430,0.000,0.595,0.248,0.633,196.840,62.138,17.204,20.051,flat,0
site_l7o5bnkp2o,216,2024-08-04,0,8,5.211,1.504,78.436,8.674,0.000,0.654,0.288,0.690,214.528,69.080,19.086,13.691,flat,0
site_lh13qhdxr8,213,2024-08-01,4,8,9.709,2.699,63.332,3.196,0.000,0.616,0.203,0.665,201.638,67.837,25.591,19.227,critical_peak,0
site_wkoe2l3dl1,140,2024-05-20,1,5,9.273,3.863,62.733,14.209,0.000,0.470,0.478,0.642,194.028,66.746,28.462,34.700,time_of_use,0
site_l7o5bnkp2o,64,2024-03-05,2,3,22.822,5.429,63.592,15.216,0.000,0.636,0.098,0.761,194.211,59.637,15.261,11.057,flat,0
site_oqtmdxfv99,80,2024-03-21,4,3,27.955,4.938,54.471,15.362,0.000,0.666,0.115,0.980,203.094,75.293,17.025,25.075,critical_peak,0
site_oqtmdxfv99,55,2024-02-25,0,2,18.990,3.546,78.981,15.317,0.000,0.812,0.156,0.916,171.492,84.837,20.209,29.882,flat,0
site_jby3v59n6p,12,2024-01-13,6,1,9.089,3.852,66.129,11.672,0.000,0.422,0.302,0.864,193.585,64.814,18.599,17.979,time_of_use,0
site_xms2f2z823,56,2024-02-26,1,2,18.425,,66.803,8.516,0.000,0.675,0.252,0.592,186.947,74.947,25.774,17.401,flat,0
site_lpvyddf2dp,77,2024-03-18,1,3,24.931,4.137,68.197,10.070,0.000,0.814,0.213,0.900,187.523,83.394,21.135,20.856,time_of_use,0
site_wkoe2l3dl1,120,2024-04-30,2,4,16.976,1.950,60.913,21.133,0.000,0.413,0.172,0.554,184.290,39.287,13.117,25.499,time_of_use,0
site_azlkiez3zd,50,2024-02-20,2,2,25.077,4.444,62.091,11.324,0.000,0.534,0.268,0.825,216.316,93.974,17.721,17.289,time_of_use,0
site_azlkiez3zd,1,2024-01-02,2,1,9.122,1.893,80.866,11.826,0.000,0.579,0.134,0.794,221.627,86.119,20.320,32.377,flat,0
site_hv02xi47qd,119,2024-04-29,1,4,22.560,4.791,60.956,17.766,0.488,0.644,0.131,0.813,221.601,75.166,27.428,21.900,flat,0
site_ruqwbu08ys,80,2024-03-21,4,3,22.427,3.730,50.996,16.740,0.000,0.693,0.307,0.667,217.246,59.046,26.700,17.666,critical_peak,0
site_wkoe2l3dl1,128,2024-05-08,3,5,18.024,,64.597,9.746,1.372,0.479,0.208,0.624,179.799,77.197,19.407,29.397,flat,0
site_8a103kt75c,220,2024-08-08,4,8,4.708,0.649,62.357,12.084,0.000,0.823,0.396,0.480,212.386,80.614,28.907,15.764,time_of_use,0
site_oqtmdxfv99,93,2024-04-03,3,4,24.308,4.818,61.166,11.760,0.000,0.782,0.277,0.678,188.792,70.342,23.187,24.345,time_of_use,0
site_esvkso5p9a,45,2024-02-15,4,2,,4.035,67.112,3.984,0.000,0.640,0.144,0.809,218.111,53.352,18.547,26.438,flat,0
site_hv02xi47qd,77,2024-03-18,1,3,20.821,4.153,61.871,11.831,0.000,0.595,0.231,0.757,186.643,81.482,28.324,22.463,time_of_use,0
site_azlkiez3zd,33,2024-02-03,6,2,18.720,3.593,61.827,10.052,0.000,0.605,0.284,0.766,173.916,60.784,29.509,26.827,critical_peak,0
site_pyswc8o9g8,121,2024-05-01,3,5,17.662,2.796,67.139,9.789,0.000,0.821,0.168,0.725,177.086,59.374,26.227,20.576,time_of_use,1
site_lh13qhdxr8,231,2024-08-19,1,8,6.833,3.116,73.634,1.489,0.000,0.654,0.162,0.713,167.974,63.343,17.631,23.667,critical_peak,0
site_xms2f2z823,141,2024-05-21,2,5,20.847,3.098,58.884,20.810,0.000,0.696,0.130,0.585,192.381,64.802,17.270,23.505,critical_peak,0
site_azlkiez3zd,59,2024-02-29,4,2,24.798,4.157,60.193,9.727,0.000,0.646,0.268,0.947,175.630,69.802,20.404,23.161,time_of_use,0
site_8a103kt75c,59,2024-02-29,4,2,25.609,3.998,72.347,7.261,0.000,0.788,0.286,0.621,205.506,74.306,23.864,25.268,time_of_use,0
site_9ueuoqbp8k,212,2024-07-31,3,7,7.932,2.131,63.094,9.869,0.000,0.665,0.208,0.522,196.099,65.081,18.235,24.921,time_of_use,0
site_q96oxsn6t7,95,2024-04-05,5,4,26.993,3.103,72.246,9.476,2.407,0.616,0.162,0.868,176.074,68.219,20.931,22.540,time_of_use,0
site_q96oxsn6t7,196,2024-07-15,1,7,6.884,1.081,82.102,14.593,0.000,0.696,0.068,0.611,181.933,69.945,11.888,34.774,critical_peak,0
site_mmvs0z732r,49,2024-02-19,1,2,20.951,3.108,65.130,0.200,0.000,0.591,0.215,0.821,172.676,56.535,23.049,28.035,time_of_use,0
site_oqtmdxfv99,173,2024-06-22,6,6,10.239,1.399,83.018,,0.644,0.705,0.217,0.776,185.483,92.942,25.152,17.794,flat,0
site_ruqwbu08ys,224,2024-08-12,1,8,7.176,1.088,62.214,5.203,1.023,0.600,0.221,0.429,193.914,74.195,22.110,15.044,critical_peak,0
site_mmvs0z732r,111,2024-04-21,0,4,23.527,3.370,62.393,21.604,0.000,0.630,0.220,0.577,203.433,67.502,23.992,24.357,time_of_use,0
site_esvkso5p9a,206,2024-07-25,4,7,2.354,0.978,73.141,17.999,0.000,0.637,0.239,0.834,194.023,70.895,22.980,27.413,critical_peak,0
site_owpbo6i70y,123,2024-05-03,5,5,17.683,3.284,68.042,5.689,0.000,0.584,0.056,0.833,157.282,57.399,9.650,18.049,critical_peak,0
site_cyoy81mba2,10,2024-01-11,4,1,10.985,4.454,57.018,6.303,0.000,0.755,0.283,0.678,197.616,64.958,14.216,19.410,flat,0
site_unn79reovm,192,2024-07-11,4,7,5.695,,,20.410,3.827,0.548,0.111,0.606,189.898,70.635,10.555,24.873,time_of_use,0
site_8a103kt75c,107,2024-04-17,3,4,22.083,3.685,69.704,17.355,0.125,0.679,0.360,0.943,190.462,74.090,25.695,29.506,critical_peak,0
site_owpbo6i70y,25,2024-01-26,5,1,13.209,2.892,56.897,10.001,0.000,0.643,0.015,0.511,153.123,,10.727,15.450,critical_peak,0
site_unn79reovm,32,2024-02-02,5,2,17.631,3.827,79.857,11.502,0.000,0.715,0.015,0.525,191.738,65.188,12.476,34.783,time_of_use,0
site_mmvs0z732r,22,2024-01-23,2,1,13.378,2.887,61.587,5.974,0.000,0.576,0.039,0.832,162.234,47.951,6.255,23.159,time_of_use,0
site_wkoe2l3dl1,95,2024-04-05,5,4,25.216,4.755,66.965,,0.000,0.635,0.165,0.969,204.936,65.093,19.117,15.353,time_of_use,0
site_owpbo6i70y,79,2024-03-20,3,3,25.204,4.015,51.466,11.230,0.000,0.637,0.015,0.486,160.447,71.223,8.975,17.083,critical_peak,0
site_xms2f2z823,156,2024-06-05,3,6,11.454,1.999,67.949,9.927,0.000,0.703,0.279,0.496,197.183,73.532,24.593,17.429,time_of_use,0
site_azlkiez3zd,222,2024-08-10,6,8,9.542,0.311,62.674,14.974,0.000,0.734,0.370,0.510,183.335,79.574,23.589,25.581,critical_peak,0
site_azlkiez3zd,129,2024-05-09,4,5,20.602,1.829,52.154,11.903,0.000,0.707,0.106,0.597,195.419,62.299,27.375,23.333,time_of_use,0
site_jby3v59n6p,226,2024-08-14,3,8,7.525,2.961,57.789,9.758,0.000,0.629,0.198,0.675,191.062,62.719,10.578,16.879,flat,0
site_wb8fh6amr3,139,2024-05-19,0,5,,1.961,70.722,8.578,0.000,0.508,0.231,0.656,190.019,85.671,16.495,12.469,time_of_use,0
site_653fbtaxzy,28,2024-01-29,1,1,14.799,3.285,72.268,12.929,0.000,0.626,0.272,0.752,190.178,65.088,17.144,25.899,flat,0
site_i72zb352li,198,2024-07-17,3,7,5.371,0.962,83.072,,0.000,0.680,0.427,0.468,219.233,80.051,18.088,12.154,flat,0
site_esvkso5p9a,121,2024-05-01,3,5,17.109,3.373,47.762,16.422,2.305,0.820,0.211,0.980,200.768,89.646,22.960,20.323,time_of_use,0
site_pyswc8o9g8,117,2024-04-27,6,4,,4.151,53.195,10.425,0.000,0.721,0.202,0.748,208.194,,24.310,18.891,flat,0
site_hv02xi47qd,113,2024-04-23,2,4,20.519,4.065,61.751,16.301,4.246,0.615,0.210,0.696,173.888,66.684,22.300,27.107,time_of_use,0
site_cyoy81mba2,105,2024-04-15,1,4,21.175,4.914,51.092,11.455,0.000,0.704,0.213,0.980,184.868,46.768,28.560,23.687,critical_peak,0
site_unn79reovm,238,2024-08-26,1,8,13.738,2.318,65.379,19.195,0.000,0.554,0.074,0.496,184.967,81.165,12.588,21.885,time_of_use,0
site_jby3v59n6p,13,2024-01-14,0,1,9.635,3.657,66.847,10.291,0.000,0.604,0.240,0.546,176.159,65.330,15.675,32.731,time_of_use,0
site_owpbo6i70y,214,2024-08-02,5,8,8.920,0.050,75.276,19.436,0.000,0.702,0.206,0.579,161.757,64.410,23.707,22.095,critical_peak,0
site_q96oxsn6t7,133,2024-05-13,1,5,16.854,2.271,61.283,11.589,0.000,0.612,0.067,0.980,159.437,57.654,13.225,18.286,critical_peak,0
site_q96oxsn6t7,223,2024-08-11,0,8,9.709,2.586,70.361,10.704,0.000,0.604,0.059,0.877,173.630,55.111,17.243,18.087,critical_peak,0
site_l7o5bnkp2o,104,2024-04-14,0,4,23.673,3.168,76.751,10.360,0.000,0.573,0.343,0.438,195.760,63.531,19.278,25.379,time_of_use,0
site_jby3v59n6p,35,2024-02-05,1,2,12.553,3.207,69.076,9.650,0.000,0.598,0.255,0.555,198.534,44.307,13.662,19.177,critical_peak,0
site_jby3v59n6p,225,2024-08-13,2,8,8.763,1.727,84.723,12.652,0.000,0.762,0.015,0.303,218.089,63.419,8.888,28.582,flat,0
site_mmvs0z732r,19,2024-01-20,6,1,9.665,3.686,68.662,10.613,0.000,0.584,0.169,0.800,193.863,68.448,16.490,21.680,flat,0
site_i72zb352li,82,2024-03-23,6,3,26.740,4.413,75.153,11.286,0.000,0.603,0.332,0.693,191.485,69.484,22.971,25.893,flat,0
site_wkoe2l3dl1,52,2024-02-22,4,2,21.939,5.469,71.252,8.235,0.000,0.544,0.120,0.730,203.429,71.271,18.526,19.186,critical_peak,0
site_lpvyddf2dp,65,2024-03-06,3,3,25.436,2.936,64.200,13.523,0.000,0.722,0.384,0.980,191.991,61.589,23.869,20.143,flat,0
site_pyswc8o9g8,111,2024-04-21,0,4,,4.649,71.007,2.191,0.000,0.729,0.015,0.808,215.349,63.376,19.008,17.479,time_of_use,0
site_unn79reovm,131,2024-05-11,6,5,17.623,4.011,56.554,12.556,0.000,0.809,0.043,0.577,191.549,72.564,9.551,28.189,time_of_use,1
site_azlkiez3zd,41,2024-02-11,0,2,19.277,4.981,73.744,1.950,,0.653,0.181,0.980,176.204,74.987,21.329,29.605,time_of_use,0
site_8a103kt75c,224,2024-08-12,1,8,4.274,2.027,72.468,5.074,0.000,0.697,0.287,0.663,203.912,,11.031,24.105,critical_peak,0
site_cyoy81mba2,120,2024-04-30,2,4,20.497,2.294,61.636,13.717,0.000,0.567,0.195,0.706,147.911,64.240,19.266,26.107,time_of_use,0
site_oqtmdxfv99,144,2024-05-24,5,5,14.209,3.046,59.908,11.844,0.000,0.733,0.135,0.671,181.036,75.829,14.376,22.002,flat,0
site_lh13qhdxr8,218,2024-08-06,2,8,9.032,2.571,69.611,12.409,0.000,0.627,0.187,0.825,179.356,69.530,18.770,19.793,flat,0
site_lpvyddf2dp,208,2024-07-27,6,7,1.965,2.217,66.838,5.788,0.000,0.643,0.356,0.656,207.989,82.496,20.867,24.718,flat,0
site_azlkiez3zd,182,2024-07-01,1,7,13.174,1.882,81.935,19.678,0.000,0.794,0.043,0.758,177.878,70.715,15.234,28.784,flat,0
site_l7o5bnkp2o,228,2024-08-16,5,8,7.592,2.662,68.182,14.521,0.000,0.646,0.343,0.782,181.544,65.339,19.106,26.031,time_of_use,0
site_oqtmdxfv99,23,2024-01-24,3,1,13.723,4.503,69.674,11.725,5.072,0.635,0.161,0.768,176.481,79.473,20.023,26.083,time_of_use,0
site_xms2f2z823,87,2024-03-28,4,3,28.554,4.094,63.433,11.203,0.000,0.660,0.328,0.810,207.927,69.837,29.628,24.699,critical_peak,0
site_lpvyddf2dp,40,2024-02-10,6,2,16.723,4.274,66.694,8.343,0.000,0.736,0.176,0.980,183.885,68.671,16.911,15.698,time_of_use,0
site_8ttmv07z34,139,2024-05-19,0,5,12.301,2.230,77.182,6.911,0.000,0.560,0.239,0.447,222.714,69.398,26.961,16.283,time_of_use,0
site_pyswc8o9g8,162,2024-06-11,2,6,7.116,1.997,73.869,11.988,3.807,0.602,0.180,0.583,222.492,55.678,24.943,17.958,flat,0
site_pyswc8o9g8,100,2024-04-10,3,4,24.609,3.469,49.928,5.835,2.519,0.597,0.168,0.544,230.795,49.777,19.084,26.755,flat,0
site_lpvyddf2dp,212,2024-07-31,3,7,10.099,2.080,82.471,10.284,0.000,0.636,0.280,0.562,202.557,73.954,10.468,23.822,time_of_use,0
site_wb8fh6amr3,0,2024-01-01,1,1,7.097,2.665,80.546,15.083,0.000,0.693,0.434,0.747,205.242,82.590,28.104,23.228,flat,0
site_lh13qhdxr8,227,2024-08-15,4,8,8.876,2.171,67.033,10.810,0.000,0.673,0.136,0.607,181.172,66.657,25.463,22.961,flat,0
site_lpvyddf2dp,105,2024-04-15,1,4,25.487,3.726,47.640,7.254,0.000,0.528,0.196,0.711,214.938,68.681,18.481,19.434,critical_peak,0
site_8ttmv07z34,106,2024-04-16,2,4,24.452,2.508,53.584,11.493,0.000,0.720,0.235,0.360,181.481,57.264,26.340,23.036,critical_peak,0
site_l7o5bnkp2o,195,2024-07-14,0,7,6.726,0.620,76.419,9.501,0.000,0.668,0.322,,212.316,48.348,14.596,13.528,critical_peak,0
site_653fbtaxzy,73,2024-03-14,4,3,24.562,4.913,64.668,9.210,0.000,0.609,0.182,0.514,189.606,73.847,18.735,28.691,flat,0
site_jby3v59n6p,51,2024-02-21,3,2,22.729,4.170,61.314,7.798,2.065,0.619,0.080,0.439,156.128,62.816,17.149,27.381,critical_peak,0
site_pyswc8o9g8,151,2024-05-31,5,5,13.213,3.321,69.134,6.014,0.532,,0.108,0.514,234.670,68.232,18.958,23.644,critical_peak,0
site_653fbtaxzy,106,2024-04-16,2,4,21.909,4.176,49.718,12.890,0.926,0.700,0.159,0.615,227.240,87.865,25.387,22.802,critical_peak,0
site_9ueuoqbp8k,36,2024-02-06,2,2,16.517,5.094,72.269,8.597,0.804,0.581,,0.752,188.002,61.513,29.514,24.063,flat,0
site_esvkso5p9a,218,2024-08-06,2,8,5.705,2.471,68.119,14.780,0.000,0.553,0.123,0.669,194.207,63.790,15.036,17.738,flat,0
site_oqtmdxfv99,2,2024-01-03,3,1,12.879,2.378,,11.278,0.000,0.756,0.069,0.734,166.200,75.451,7.657,26.932,flat,0
site_xms2f2z823,159,2024-06-08,6,6,9.439,1.637,77.472,14.124,0.000,0.722,0.286,0.631,180.297,64.982,29.860,14.640,critical_peak,0
site_hv02xi47qd,95,2024-04-05,5,4,27.173,3.806,51.691,12.810,0.000,0.841,0.185,0.821,194.149,79.147,26.655,27.402,time_of_use,0
site_wb8fh6amr3,68,2024-03-09,6,3,24.399,5.878,61.951,7.116,0.000,0.817,0.362,0.849,172.084,65.051,25.725,16.727,time_of_use,0
site_9ueuoqbp8k,235,2024-08-23,5,8,10.264,1.273,75.759,9.414,0.000,0.627,0.189,0.598,193.813,55.845,19.304,19.504,flat,0
site_esvkso5p9a,90,2024-03-31,0,3,28.628,4.419,59.728,7.163,0.000,0.753,0.191,0.955,236.627,73.321,23.339,16.995,flat,0
site_9ueuoqbp8k,167,2024-06-16,0,6,11.072,1.505,71.079,2.489,0.000,0.624,0.275,0.396,207.979,62.770,16.320,24.045,time_of_use,0
site_jby3v59n6p,125,2024-05-05,0,5,14.230,3.769,65.534,14.020,0.000,0.583,0.361,0.529,186.143,57.823,17.637,24.018,critical_peak,0
site_i72zb352li,5,2024-01-06,6,1,10.694,1.695,62.949,5.664,0.000,0.669,0.139,0.569,189.378,72.022,16.862,22.678,time_of_use,0
site_lh13qhdxr8,19,2024-01-20,6,1,13.701,2.791,70.447,13.795,0.000,0.653,0.172,0.756,189.052,82.653,21.483,13.044,flat,0
site_wb8fh6amr3,63,2024-03-04,1,3,22.611,5.729,55.342,8.808,0.000,0.737,0.360,0.871,194.661,65.580,25.621,17.425,flat,0
site_12sjsgd733,61,2024-03-02,6,3,23.219,4.064,67.174,13.899,0.000,0.720,0.144,0.475,189.597,64.150,14.585,18.461,critical_peak,0
site_ruqwbu08ys,28,2024-01-29,1,1,11.698,3.659,56.974,11.310,0.000,0.597,0.095,0.665,172.965,55.437,18.820,16.599,flat,0
site_azlkiez3zd,115,2024-04-25,4,4,24.013,3.660,56.898,4.861,0.000,0.777,0.301,0.828,189.419,63.309,31.120,21.601,critical_peak,0
site_i72zb352li,98,2024-04-08,1,4,24.023,2.192,57.372,14.664,0.000,0.610,0.225,0.502,233.413,95.460,22.626,20.269,critical_peak,0
site_unn79reovm,52,2024-02-22,4,2,21.095,3.560,77.282,13.955,0.000,0.693,0.139,0.557,201.606,88.826,22.635,23.799,critical_peak,0
site_xms2f2z823,108,2024-04-18,4,4,23.187,2.976,68.588,13.086,0.000,0.683,0.173,0.526,224.756,88.632,28.450,23.679,flat,1
site_i72zb352li,202,2024-07-21,0,7,6.420,3.175,77.511,7.958,2.847,0.690,0.446,0.609,195.238,76.531,26.989,33.644,time_of_use,0
site_unn79reovm,141,2024-05-21,2,5,11.028,3.189,61.643,13.955,0.000,0.783,0.082,0.472,182.138,83.422,12.616,18.486,critical_peak,0
site_q96oxsn6t7,78,2024-03-19,2,3,24.508,4.238,61.184,16.632,0.000,0.480,0.059,0.790,184.103,71.838,11.480,19.031,critical_peak,0
site_lpvyddf2dp,225,2024-08-13,2,8,10.416,0.536,86.357,11.281,0.000,0.729,0.089,0.678,205.996,76.364,23.910,20.832,flat,0
site_8a103kt75c,222,2024-08-10,6,8,9.059,1.582,73.307,15.125,0.000,0.756,0.371,0.444,237.731,97.429,20.040,23.182,critical_peak,0
site_cyoy81mba2,102,2024-04-12,5,4,23.944,2.244,69.885,8.846,0.000,0.502,0.256,0.514,190.532,47.775,14.754,28.019,time_of_use,0
site_hv02xi47qd,2,2024-01-03,3,1,9.114,3.186,63.585,14.592,,0.643,0.369,0.690,212.413,63.781,20.991,18.212,flat,0
site_8a103kt75c,196,2024-07-15,1,7,11.985,2.010,78.188,15.872,0.000,0.616,0.304,0.517,204.578,64.700,12.516,18.002,critical_peak,0
site_ruqwbu08ys,96,2024-04-06,6,4,25.311,3.064,62.753,11.091,0.000,0.588,0.363,0.604,220.851,74.579,24.328,29.048,critical_peak,0
site_lpvyddf2dp,237,2024-08-25,0,8,9.959,1.136,69.558,14.451,0.000,0.814,0.392,0.703,210.922,88.871,25.565,29.432,time_of_use,0
site_lh13qhdxr8,99,2024-04-09,2,4,24.156,3.712,,10.383,0.000,0.674,0.186,0.658,195.737,79.095,20.741,22.321,flat,0
site_azlkiez3zd,108,2024-04-18,4,4,27.746,2.178,76.602,10.641,0.000,0.677,0.258,0.656,190.521,73.814,25.048,24.078,flat,0
site_12sjsgd733,162,2024-06-11,2,6,13.610,1.929,60.907,12.417,0.000,0.605,0.064,0.525,193.351,67.112,13.966,23.284,flat,0
site_hv02xi47qd,29,2024-01-30,2,1,17.927,3.466,67.784,13.363,2.195,0.668,0.261,0.827,169.171,96.903,22.294,31.731,flat,0
site_lpvyddf2dp,103,2024-04-13,6,4,22.459,2.985,47.158,10.833,0.000,0.765,0.354,0.724,,74.281,22.471,,time_of_use,0
site_8ttmv07z34,207,2024-07-26,5,7,11.013,1.073,79.538,10.711,0.000,0.523,0.172,0.415,196.384,72.582,19.912,19.436,flat,0
site_azlkiez3zd,6,2024-01-07,0,1,8.997,2.652,87.643,10.700,0.000,0.937,0.262,0.771,181.466,81.011,29.775,23.511,critical_peak,0
site_i72zb352li,239,2024-08-27,2,8,5.997,2.967,70.764,11.215,0.000,0.641,0.247,0.454,156.174,73.220,20.557,35.982,time_of_use,0
site_lh13qhdxr8,93,2024-04-03,3,4,24.180,3.947,62.302,2.639,0.000,0.600,0.129,0.977,147.456,62.754,16.929,27.342,time_of_use,0
site_hv02xi47qd,134,2024-05-14,2,5,17.238,2.016,68.357,4.414,0.000,0.784,0.402,0.710,208.959,83.478,19.811,17.842,critical_peak,0
site_oqtmdxfv99,239,2024-08-27,2,8,12.494,1.539,66.224,13.045,3.870,0.770,0.074,0.423,185.120,81.134,8.329,24.663,time_of_use,0
site_8a103kt75c,147,2024-05-27,1,5,16.474,3.750,61.593,14.306,0.000,0.822,0.373,0.726,190.111,80.883,19.800,20.373,time_of_use,0
site_lh13qhdxr8,38,2024-02-08,4,2,16.649,2.933,71.640,0.200,0.000,0.613,0.252,0.957,174.194,64.884,18.334,17.562,flat,1
site_pyswc8o9g8,194,2024-07-13,6,7,10.930,1.247,66.458,9.357,0.000,0.628,0.049,0.403,205.463,58.396,15.907,15.442,time_of_use,0
site_8ttmv07z34,187,2024-07-06,6,7,10.523,1.876,80.055,7.183,0.000,0.766,0.087,0.399,184.247,78.054,19.845,23.163,critical_peak,0
site_wkoe2l3dl1,196,2024-07-15,1,7,4.990,1.766,70.115,12.142,0.718,0.576,0.205,0.429,167.407,79.435,16.339,22.490,critical_peak,0
site_l7o5bnkp2o,120,2024-04-30,2,4,22.255,3.585,65.303,13.617,0.000,0.625,0.278,0.618,207.686,73.757,13.314,19.356,time_of_use,0
site_jby3v59n6p,148,2024-05-28,2,5,10.186,1.832,78.751,5.318,0.000,0.605,0.158,0.321,204.421,61.067,10.905,18.379,time_of_use,0
site_jby3v59n6p,16,2024-01-17,3,1,13.214,3.656,62.353,13.777,0.441,0.583,0.188,0.380,184.146,58.190,16.487,23.204,critical_peak,0
site_jby3v59n6p,30,2024-01-31,3,1,16.028,4.116,76.315,9.181,0.000,0.676,0.235,0.690,181.409,58.507,19.086,21.245,time_of_use,0
site_oqtmdxfv99,134,2024-05-14,2,5,18.336,2.243,78.184,2.904,0.000,0.783,0.189,0.699,178.233,71.444,,35.363,critical_peak,0
site_q96oxsn6t7,79,2024-03-20,3,3,27.631,3.001,64.900,6.188,0.000,0.629,0.234,0.873,174.720,70.329,19.491,10.716,critical_peak,0
site_jby3v59n6p,229,2024-08-17,6,8,7.909,0.935,63.228,10.771,0.000,0.521,0.177,0.670,243.405,64.313,16.479,22.044,time_of_use,0
site_9ueuoqbp8k,196,2024-07-15,1,7,7.839,0.944,71.651,12.234,0.000,0.645,0.235,0.483,230.060,80.315,16.177,27.325,critical_peak,0
site_wb8fh6amr3,203,2024-07-22,1,7,6.631,1.229,68.147,14.836,0.000,0.494,0.365,0.550,201.212,54.138,13.768,20.318,time_of_use,0
site_wb8fh6amr3,85,2024-03-26,2,3,24.961,3.384,63.885,,0.000,0.712,0.336,0.783,166.764,73.289,24.730,23.743,time_of_use,0
site_wkoe2l3dl1,200,2024-07-19,5,7,7.228,2.855,67.719,8.874,0.000,0.526,0.190,0.662,184.200,56.434,12.752,30.628,flat,0
site_i72zb352li,115,2024-04-25,4,4,20.685,2.358,61.231,11.691,3.325,0.700,0.322,0.371,188.131,80.000,20.688,19.612,critical_peak,0
site_pyswc8o9g8,226,2024-08-14,3,8,6.969,2.064,86.031,13.109,0.000,0.612,0.195,0.483,240.438,51.311,15.979,15.961,flat,0
site_hv02xi47qd,104,2024-04-14,0,4,21.413,3.290,55.814,8.693,0.000,0.617,0.353,0.980,198.637,75.216,22.684,13.350,time_of_use,0
site_ruqwbu08ys,3,2024-01-04,4,1,10.974,2.319,70.889,12.788,4.354,0.669,0.297,0.534,203.992,65.242,15.825,11.050,time_of_use,0
site_8a103kt75c,56,2024-02-26,1,2,24.547,4.843,63.061,6.307,0.000,0.565,0.560,0.788,249.557,69.680,33.080,17.475,flat,0
site_i72zb352li,54,2024-02-24,6,2,21.860,4.036,63.253,20.290,0.000,0.780,0.355,0.558,182.258,75.616,25.357,22.090,flat,0
site_i72zb352li,132,2024-05-12,0,5,18.600,2.537,69.049,8.652,0.000,0.773,0.411,0.387,175.827,57.015,16.728,25.959,critical_peak,0
site_q96oxsn6t7,230,2024-08-18,0,8,9.448,3.408,75.724,7.192,0.000,0.644,0.064,0.850,169.253,61.814,15.447,20.082,time_of_use,0
site_pyswc8o9g8,220,2024-08-08,4,8,11.667,1.186,70.091,16.075,0.000,0.512,0.125,,227.789,78.363,14.148,25.920,time_of_use,0
site_wkoe2l3dl1,214,2024-08-02,5,8,7.028,2.120,71.951,11.832,5.313,0.566,0.302,0.717,187.920,44.516,19.166,25.491,critical_peak,0
site_cyoy81mba2,78,2024-03-19,2,3,19.952,3.841,71.577,14.139,0.000,0.507,0.015,0.938,162.551,54.744,17.188,24.743,critical_peak,0
site_12sjsgd733,129,2024-05-09,4,5,18.183,3.536,62.096,11.064,0.000,0.675,0.038,0.624,190.259,79.428,5.260,20.539,time_of_use,0
site_lpvyddf2dp,39,2024-02-09,5,2,16.597,4.093,71.881,9.712,0.000,0.750,0.246,0.937,194.372,77.521,13.173,18.944,time_of_use,0
site_wb8fh6amr3,88,2024-03-29,5,3,22.437,4.191,63.430,14.929,1.311,0.612,0.294,0.839,176.259,63.422,20.599,25.823,critical_peak,0
site_pyswc8o9g8,80,2024-03-21,4,3,26.446,3.169,58.682,14.316,0.000,0.690,0.165,0.511,226.046,64.071,27.642,5.944,critical_peak,0
site_mmvs0z732r,148,2024-05-28,2,5,11.066,2.917,70.087,12.416,0.000,0.685,0.118,0.553,192.197,86.449,12.206,23.117,time_of_use,0
site_hv02xi47qd,25,2024-01-26,5,1,19.618,3.421,65.427,8.347,0.000,0.500,0.112,0.727,199.944,55.731,15.338,20.751,critical_peak,0
site_8a103kt75c,70,2024-03-11,1,3,19.158,4.891,78.558,20.268,0.000,0.748,0.515,0.758,224.432,66.130,23.289,26.696,critical_peak,0
site_jby3v59n6p,87,2024-03-28,4,3,23.452,4.959,54.518,5.725,0.000,0.686,0.031,0.786,190.847,75.080,12.792,18.452,critical_peak,0
site_lpvyddf2dp,24,2024-01-25,4,1,10.986,3.806,72.253,3.946,0.000,0.777,0.267,0.805,187.461,76.828,25.636,27.644,critical_peak,0
site_8ttmv07z34,220,2024-08-08,4,8,8.000,2.518,75.827,5.438,0.000,0.660,0.215,0.410,179.751,75.108,22.079,33.555,time_of_use,0
site_i72zb352li,193,2024-07-12,5,7,10.509,2.487,88.592,6.445,0.000,0.650,0.184,0.334,188.333,79.070,16.339,32.057,time_of_use,0
site_mmvs0z732r,238,2024-08-26,1,8,11.814,3.967,76.488,12.569,3.415,0.574,0.022,0.662,169.679,70.271,8.907,22.317,time_of_use,0
site_xms2f2z823,71,2024-03-12,2,3,25.230,5.172,69.010,19.098,,0.651,0.230,0.599,229.698,62.836,29.901,22.440,critical_peak,0
site_ruqwbu08ys,200,2024-07-19,5,7,8.015,0.050,79.616,15.022,0.000,0.499,0.168,0.565,201.050,51.330,25.572,22.518,flat,0
site_ruqwbu08ys,203,2024-07-22,1,7,7.641,0.327,79.812,8.904,0.000,0.624,0.230,0.272,188.317,67.577,20.547,13.515,time_of_use,0
site_l7o5bnkp2o,17,2024-01-18,4,1,10.928,3.632,69.034,10.846,0.000,0.570,0.307,0.585,203.757,52.004,17.951,20.793,critical_peak,0
site_i72zb352li,192,2024-07-11,4,7,8.237,0.707,79.963,13.619,0.000,0.536,0.351,0.451,179.312,70.784,14.054,20.303,time_of_use,0
site_unn79reovm,34,2024-02-04,0,2,17.565,3.286,44.468,,0.000,0.818,0.216,0.243,185.779,67.179,14.480,30.108,critical_peak,0
site_unn79reovm,144,2024-05-24,5,5,15.060,2.111,52.203,12.148,0.000,0.599,0.015,0.377,175.730,66.300,21.066,23.367,flat,0
site_owpbo6i70y,158,2024-06-07,5,6,8.509,2.508,70.395,4.602,0.000,0.783,0.084,0.706,186.907,54.479,17.220,16.854,time_of_use,0
site_azlkiez3zd,195,2024-07-14,0,7,5.302,1.764,62.680,8.814,0.000,0.654,0.066,0.490,212.177,73.304,8.361,17.786,critical_peak,0
site_lh13qhdxr8,67,2024-03-08,5,3,22.951,3.985,64.156,15.798,0.000,0.532,0.230,0.687,173.371,56.547,21.282,16.330,time_of_use,0
site_lpvyddf2dp,19,2024-01-20,6,1,12.325,3.497,63.020,5.740,0.916,0.672,0.274,0.775,190.156,81.948,24.038,23.129,flat,0
site_l7o5bnkp2o,81,2024-03-22,5,3,19.117,5.284,58.675,10.344,0.000,0.648,0.268,0.980,149.199,54.152,18.179,20.232,flat,0
site_l7o5bnkp2o,178,2024-06-27,4,6,8.150,1.143,68.771,18.411,0.000,0.529,0.125,0.535,195.054,55.856,12.392,32.242,critical_peak,0
site_oqtmdxfv99,172,2024-06-21,5,6,8.193,1.801,63.377,7.406,0.000,0.763,0.139,0.565,189.371,68.871,12.720,15.188,flat,0
site_8a103kt75c,218,2024-08-06,2,8,6.505,1.431,77.305,6.763,0.827,0.594,0.233,0.483,195.899,85.282,20.923,17.639,flat,0
site_wkoe2l3dl1,82,2024-03-23,6,3,24.611,4.697,70.225,18.943,0.000,0.709,0.368,0.854,198.072,71.061,18.236,20.290,flat,1
site_8a103kt75c,117,2024-04-27,6,4,16.268,2.654,63.407,9.773,0.000,0.735,0.379,0.564,205.056,95.052,18.590,5.281,flat,0
site_12sjsgd733,28,2024-01-29,1,1,13.917,3.833,73.537,9.770,0.000,0.472,0.140,0.589,184.943,61.460,18.977,27.506,flat,0
site_i72zb352li,119,2024-04-29,1,4,23.082,2.671,68.812,9.923,0.000,0.632,0.215,0.648,194.694,84.162,26.114,21.505,flat,0
site_cyoy81mba2,201,2024-07-20,6,7,10.868,1.771,78.438,5.992,0.000,0.577,0.178,0.766,203.922,60.702,16.870,15.411,time_of_use,0
site_xms2f2z823,44,2024-02-14,3,2,18.867,3.622,62.010,16.515,0.000,0.692,0.318,0.404,188.985,72.012,26.990,10.066,critical_peak,0
site_pyswc8o9g8,235,2024-08-23,5,8,13.060,2.492,63.920,11.697,0.000,0.591,0.142,0.629,242.544,54.247,18.164,15.479,flat,1
site_esvkso5p9a,52,2024-02-22,4,2,21.083,4.441,64.912,9.945,0.000,0.686,0.317,0.730,188.621,61.926,21.189,14.308,critical_peak,0
site_cyoy81mba2,73,2024-03-14,4,3,22.918,4.772,,9.621,0.000,0.653,0.138,0.826,186.117,53.031,21.184,14.732,flat,0
site_l7o5bnkp2o,48,2024-02-18,0,2,21.021,3.829,63.134,9.688,0.000,0.661,0.212,0.492,169.339,63.009,7.185,20.160,time_of_use,0
site_azlkiez3zd,235,2024-08-23,5,8,9.564,1.899,78.568,10.731,0.000,0.714,0.265,0.620,192.729,,28.701,28.665,flat,0
site_owpbo6i70y,205,2024-07-24,3,7,7.931,1.250,82.205,15.704,0.435,0.735,0.015,,182.060,68.023,18.907,25.893,critical_peak,0
site_wb8fh6amr3,70,2024-03-11,1,3,25.640,4.418,61.116,7.894,0.000,0.598,0.322,0.852,179.883,50.231,23.155,15.017,critical_peak,0
site_l7o5bnkp2o,98,2024-04-08,1,4,21.890,3.299,53.386,14.460,0.000,0.648,0.359,0.641,191.916,58.535,14.284,12.167,critical_peak,0
site_9ueuoqbp8k,146,2024-05-26,0,5,13.407,2.695,73.383,17.370,3.214,0.530,0.233,0.550,182.643,43.868,23.994,25.554,flat,0
site_mmvs0z732r,121,2024-05-01,3,5,17.220,3.714,64.635,5.441,0.000,0.507,0.200,0.886,196.514,56.936,26.469,28.890,time_of_use,0
site_wkoe2l3dl1,17,2024-01-18,4,1,15.019,2.912,78.056,9.442,0.000,0.649,0.145,0.980,168.159,68.904,14.004,30.778,critical_peak,0
site_pyswc8o9g8,172,2024-06-21,5,6,10.756,0.874,76.317,5.371,0.000,0.437,0.307,0.515,219.551,39.710,17.477,17.984,flat,0
site_wb8fh6amr3,155,2024-06-04,2,6,11.388,0.883,62.197,9.016,0.000,0.637,0.245,0.505,194.445,59.939,21.509,25.346,flat,0
site_12sjsgd733,125,2024-05-05,0,5,19.056,3.385,75.475,12.662,0.100,0.634,0.156,0.614,169.395,67.449,17.531,14.989,critical_peak,0
site_i72zb352li,104,2024-04-14,0,4,29.945,3.769,58.459,2.798,0.000,0.608,0.484,0.421,200.195,76.816,23.736,9.080,time_of_use,0
site_lpvyddf2dp,27,2024-01-28,0,1,16.206,3.224,70.371,11.454,0.000,0.578,0.274,0.522,189.851,70.463,23.417,25.114,flat,0
site_ruqwbu08ys,12,2024-01-13,6,1,10.765,2.472,72.206,19.559,0.000,0.622,0.162,0.678,204.182,56.886,23.960,15.736,time_of_use,0
site_wkoe2l3dl1,22,2024-01-23,2,1,16.056,3.528,61.145,2.838,0.000,0.638,,0.521,157.621,67.591,19.002,21.840,time_of_use,0
site_pyswc8o9g8,66,2024-03-07,4,3,23.139,3.192,64.632,17.366,0.000,0.705,0.240,0.685,196.306,46.966,28.545,21.579,time_of_use,0
site_ruqwbu08ys,134,2024-05-14,2,5,20.026,2.231,60.691,12.198,0.000,0.611,0.137,0.597,196.494,65.341,23.065,22.665,critical_peak,0
site_azlkiez3zd,72,2024-03-13,3,3,21.689,2.660,42.363,10.736,0.000,0.626,0.367,0.765,187.759,65.537,31.587,18.725,flat,0
site_lpvyddf2dp,73,2024-03-14,4,3,27.220,5.678,58.851,16.004,0.000,0.697,0.193,0.980,211.948,70.626,23.611,17.982,flat,0
site_pyswc8o9g8,126,2024-05-06,1,5,21.244,3.496,79.459,16.412,0.000,0.726,0.101,0.670,203.447,55.819,25.405,20.967,flat,0
site_oqtmdxfv99,150,2024-05-30,4,5,13.703,2.584,77.237,16.161,0.000,0.728,0.148,0.621,206.022,80.637,7.038,20.630,critical_peak,0
site_l7o5bnkp2o,90,2024-03-31,0,3,23.071,4.416,59.528,6.666,0.603,0.605,0.275,0.792,182.027,66.479,24.178,25.766,flat,0
site_cyoy81mba2,55,2024-02-25,0,2,23.494,5.642,48.167,8.476,0.000,0.643,0.210,0.980,162.884,51.115,26.836,30.787,flat,0
site_esvkso5p9a,117,2024-04-27,6,4,22.659,4.451,82.933,16.426,0.000,0.600,0.184,0.772,195.668,73.726,26.377,20.307,flat,1
site_cyoy81mba2,28,2024-01-29,1,1,20.389,3.317,67.457,9.057,0.000,0.571,0.086,0.553,206.944,49.435,13.830,22.042,flat,0
site_mmvs0z732r,195,2024-07-14,0,7,8.693,2.368,67.023,9.450,0.000,0.590,0.015,0.520,163.799,71.967,6.763,24.536,critical_peak,0
site_jby3v59n6p,195,2024-07-14,0,7,6.334,0.394,55.197,8.244,0.000,0.633,0.015,0.426,193.907,57.155,14.456,22.878,critical_peak,0
site_653fbtaxzy,165,2024-06-14,5,6,5.483,1.278,60.026,13.287,0.000,0.753,0.299,0.453,,95.895,21.922,23.822,time_of_use,0
site_lpvyddf2dp,7,2024-01-08,1,1,10.281,2.808,79.967,13.368,0.000,0.684,0.248,0.790,220.383,78.657,17.084,26.900,critical_peak,0
site_9ueuoqbp8k,64,2024-03-05,2,3,23.785,3.053,60.766,12.936,1.026,0.654,0.207,0.721,176.594,55.306,21.373,38.539,flat,0
site_wkoe2l3dl1,217,2024-08-05,1,8,5.702,2.300,67.068,13.190,0.000,0.559,0.203,0.727,203.548,70.165,14.213,25.718,flat,0
site_12sjsgd733,211,2024-07-30,2,7,2.461,2.252,71.493,13.903,0.000,0.643,0.030,0.379,204.677,75.871,13.805,20.240,time_of_use,0
site_esvkso5p9a,126,2024-05-06,1,5,17.589,1.710,67.887,18.572,0.000,0.777,0.131,0.707,193.514,73.658,18.067,11.434,flat,0
site_unn79reovm,98,2024-04-08,1,4,23.316,3.926,68.862,18.810,0.000,0.701,0.088,0.592,178.925,70.718,27.649,18.941,critical_peak,0
site_hv02xi47qd,31,2024-02-01,4,2,15.648,3.355,60.987,7.370,0.000,0.719,0.204,0.887,174.697,67.942,21.539,32.818,time_of_use,0
site_mmvs0z732r,54,2024-02-24,6,2,22.338,4.357,52.055,4.149,0.000,0.553,0.335,0.913,200.426,58.182,14.559,21.713,flat,0
site_ruqwbu08ys,54,2024-02-24,6,2,25.476,5.562,64.942,,,,0.076,0.789,226.632,44.768,15.211,14.458,flat,0
site_wkoe2l3dl1,212,2024-07-31,3,7,7.755,1.710,72.190,5.219,0.000,0.514,0.357,0.533,202.609,58.411,20.524,22.264,time_of_use,0
site_i72zb352li,84,2024-03-25,1,3,22.718,4.753,74.390,12.392,0.000,,0.328,0.397,194.004,68.875,17.700,26.282,time_of_use,0
site_xms2f2z823,218,2024-08-06,2,8,3.207,1.226,68.015,11.024,0.000,0.614,0.378,0.668,173.800,68.307,26.779,30.115,flat,0
site_unn79reovm,178,2024-06-27,4,6,10.707,0.685,61.972,3.329,0.000,0.599,0.016,0.149,198.306,88.150,18.737,22.959,critical_peak,0
site_lpvyddf2dp,17,2024-01-18,4,1,13.523,3.865,56.246,13.451,0.000,0.635,0.131,0.922,192.327,75.909,24.631,18.411,critical_peak,0
site_pyswc8o9g8,218,2024-08-06,2,8,7.080,2.858,80.155,7.599,0.000,0.554,0.150,0.413,233.009,75.418,18.964,16.888,flat,0
site_hv02xi47qd,164,2024-06-13,4,6,12.541,1.563,82.501,11.281,0.000,0.669,0.131,0.568,218.810,88.995,21.033,35.747,flat,0
site_q96oxsn6t7,82,2024-03-23,6,3,23.695,3.561,63.217,12.912,0.000,0.524,0.176,0.834,165.520,62.278,16.275,32.822,flat,0
site_wb8fh6amr3,182,2024-07-01,1,7,9.411,1.110,84.720,14.356,0.000,0.588,0.445,0.423,174.055,70.691,29.576,9.157,flat,0
site_oqtmdxfv99,35,2024-02-05,1,2,17.617,2.193,62.642,11.503,0.000,0.738,0.078,0.488,175.189,68.911,17.665,30.486,critical_peak,0
site_8ttmv07z34,115,2024-04-25,4,4,24.643,4.184,62.297,12.503,0.000,0.498,0.104,0.457,155.152,55.701,18.558,25.285,critical_peak,0
site_mmvs0z732r,205,2024-07-24,3,7,6.848,2.801,61.664,19.576,0.000,0.620,0.257,0.567,191.786,62.489,20.582,16.180,critical_peak,0
site_9ueuoqbp8k,8,2024-01-09,2,1,11.191,3.432,68.513,10.876,0.000,0.647,0.356,0.614,199.785,49.110,25.321,24.223,critical_peak,0
site_azlkiez3zd,231,2024-08-19,1,8,12.241,1.294,66.625,20.337,0.000,0.668,0.319,0.580,163.398,66.190,26.285,25.014,critical_peak,1
site_12sjsgd733,131,2024-05-11,6,5,20.758,1.824,64.016,11.290,0.000,0.484,0.133,0.381,148.945,60.208,8.085,29.122,time_of_use,0
site_xms2f2z823,126,2024-05-06,1,5,22.267,2.934,58.205,10.592,0.000,0.663,0.353,0.536,187.434,58.252,19.208,18.059,flat,0
site_xms2f2z823,150,2024-05-30,4,5,12.857,2.867,59.353,8.675,0.000,0.755,0.208,0.646,165.114,74.743,22.312,29.486,critical_peak,0
site_653fbtaxzy,181,2024-06-30,0,6,12.751,0.145,69.935,9.553,0.000,0.777,0.333,0.297,207.281,80.223,27.915,28.857,flat,0
site_xms2f2z823,4,2024-01-05,5,1,9.054,1.827,54.004,6.515,0.000,0.745,0.231,0.706,178.310,72.442,30.965,18.182,time_of_use,0
site_pyswc8o9g8,168,2024-06-17,1,6,13.709,2.495,63.368,12.923,0.000,0.670,0.094,0.694,229.810,82.350,13.998,24.873,critical_peak,0
site_wkoe2l3dl1,127,2024-05-07,2,5,18.535,1.383,55.812,16.641,0.000,0.458,0.265,0.736,204.879,40.198,21.881,19.149,flat,0
site_mmvs0z732r,115,2024-04-25,4,4,18.127,2.465,68.360,6.439,0.000,0.474,0.015,0.758,186.068,63.312,14.266,22.606,critical_peak,0
site_lh13qhdxr8,59,2024-02-29,4,2,25.207,3.118,53.577,9.400,3.373,0.691,0.249,0.933,169.712,72.103,27.641,28.478,time_of_use,0
site_653fbtaxzy,112,2024-04-22,1,4,20.256,4.540,70.731,12.158,0.000,0.661,0.100,0.728,201.000,88.969,19.466,17.421,time_of_use,0
site_9ueuoqbp8k,68,2024-03-09,6,3,21.790,3.724,49.042,15.023,0.000,0.620,0.321,0.586,192.537,69.593,23.653,21.429,time_of_use,0
site_cyoy81mba2,30,2024-01-31,3,1,13.800,2.972,79.883,12.554,0.000,0.629,0.048,0.649,165.963,50.371,,18.224,time_of_use,0
site_12sjsgd733,228,2024-08-16,5,8,11.493,1.890,88.740,10.958,0.000,0.615,0.015,0.263,158.457,64.490,14.806,21.182,time_of_use,0
site_9ueuoqbp8k,108,2024-04-18,4,4,19.094,3.078,48.958,16.477,0.000,0.556,0.316,0.648,219.194,66.581,25.245,,flat,0
site_8a103kt75c,16,2024-01-17,3,1,15.265,3.053,61.173,11.824,0.000,0.783,0.323,0.763,208.243,93.978,22.488,25.485,critical_peak,0
site_wkoe2l3dl1,51,2024-02-21,3,2,20.792,3.130,68.325,12.296,3.410,0.616,0.331,0.864,181.759,70.470,20.105,13.947,critical_peak,0
site_q96oxsn6t7,113,2024-04-23,2,4,23.033,5.496,46.441,7.126,0.000,0.666,0.028,0.723,204.594,72.266,22.602,24.398,time_of_use,0
site_cyoy81mba2,125,2024-05-05,0,5,14.399,3.684,65.493,12.509,0.000,0.590,0.128,0.665,209.677,60.626,10.773,23.567,critical_peak,0
site_esvkso5p9a,228,2024-08-16,5,8,7.352,1.136,74.828,15.040,0.000,,0.147,0.602,192.576,79.009,21.360,23.278,time_of_use,0
site_8a103kt75c,122,2024-05-02,4,5,23.766,3.450,58.696,,0.000,0.577,0.148,0.809,210.949,71.689,18.330,23.118,time_of_use,0
site_hv02xi47qd,111,2024-04-21,0,4,19.751,3.502,56.490,10.331,0.000,0.728,0.133,0.836,198.007,73.865,19.991,30.733,time_of_use,0
site_9ueuoqbp8k,37,2024-02-07,3,2,19.121,2.880,63.789,7.502,0.000,0.785,0.224,0.735,182.239,77.746,16.350,14.376,flat,0
site_azlkiez3zd,29,2024-01-30,2,1,16.543,2.987,61.952,12.731,2.967,0.692,0.190,0.580,170.031,74.845,23.551,18.496,flat,0
site_wb8fh6amr3,145,2024-05-25,6,5,14.798,1.204,65.705,13.609,0.000,0.695,0.495,0.748,,64.389,26.106,19.016,flat,0
site_8ttmv07z34,164,2024-06-13,4,6,10.557,1.880,68.748,10.567,0.000,0.534,0.209,0.575,173.872,45.897,9.290,27.793,flat,0
site_q96oxsn6t7,130,2024-05-10,5,5,16.010,3.709,67.617,13.005,0.000,0.712,0.299,0.923,185.334,59.822,16.770,28.482,time_of_use,0
site_esvkso5p9a,160,2024-06-09,0,6,14.641,2.412,57.923,14.944,0.000,0.593,0.290,0.627,186.870,81.982,24.473,20.492,critical_peak,0
site_azlkiez3zd,178,2024-06-27,4,6,6.781,1.086,68.663,11.663,0.000,0.628,0.172,0.633,176.048,82.774,22.670,33.461,critical_peak,0
site_unn79reovm,26,2024-01-27,6,1,15.387,2.369,65.351,12.919,0.000,0.683,0.203,0.584,185.841,70.793,19.389,22.698,critical_peak,0
site_8a103kt75c,175,2024-06-24,1,6,11.417,1.962,68.936,15.137,0.000,0.755,0.323,0.364,210.814,81.781,25.088,23.079,time_of_use,0
site_l7o5bnkp2o,68,2024-03-09,6,3,22.488,4.792,,9.407,0.000,0.690,0.273,0.962,178.720,63.754,26.880,14.728,time_of_use,0
site_8ttmv07z34,150,2024-05-30,4,5,13.106,1.455,63.654,13.788,0.000,0.591,0.015,0.451,191.295,56.989,12.710,26.031,critical_peak,0
site_lh13qhdxr8,216,2024-08-04,0,8,8.707,1.123,71.145,6.793,0.000,0.734,0.333,0.650,176.864,75.668,22.364,20.121,flat,0
site_lpvyddf2dp,236,2024-08-24,6,8,13.997,4.088,70.097,10.284,0.000,0.798,0.435,,191.275,76.328,21.234,21.070,flat,0
site_9ueuoqbp8k,236,2024-08-24,6,8,8.476,2.691,69.098,14.773,0.000,0.535,0.392,0.548,197.139,71.844,27.995,26.174,flat,0
site_oqtmdxfv99,54,2024-02-24,6,2,24.721,4.401,62.123,20.215,0.000,0.740,0.359,0.791,199.346,83.870,20.291,19.294,flat,0
site_cyoy81mba2,220,2024-08-08,4,8,7.196,1.112,64.592,9.936,0.000,0.663,0.194,0.497,212.380,56.412,20.699,30.071,time_of_use,0
site_lh13qhdxr8,76,2024-03-17,0,3,26.153,3.786,61.550,8.853,2.156,0.573,0.242,0.850,162.388,69.965,22.103,20.857,time_of_use,1
site_653fbtaxzy,91,2024-04-01,1,4,24.665,5.144,58.929,11.077,1.977,0.529,0.289,0.889,231.781,80.784,19.200,21.570,flat,0
site_9ueuoqbp8k,129,2024-05-09,4,5,12.046,3.291,74.000,18.377,1.123,0.621,0.289,0.589,230.101,58.237,29.148,33.088,time_of_use,0
site_8ttmv07z34,34,2024-02-04,0,2,16.297,3.744,64.765,7.892,0.000,0.662,0.134,0.538,213.468,53.543,35.403,28.271,critical_peak,0
site_hv02xi47qd,24,2024-01-25,4,1,15.361,2.648,60.668,8.229,0.000,0.720,0.360,0.764,214.079,75.384,26.160,10.785,critical_peak,0
site_q96oxsn6t7,50,2024-02-20,2,2,21.145,2.885,81.569,7.866,0.000,0.639,0.015,0.897,178.604,59.563,15.810,28.362,time_of_use,0
site_cyoy81mba2,93,2024-04-03,3,4,23.499,4.338,60.784,12.283,1.177,0.537,0.019,0.772,176.321,58.016,12.943,24.540,time_of_use,0
site_xms2f2z823,220,2024-08-08,4,8,7.865,1.800,66.065,10.328,0.000,0.682,0.296,0.415,209.282,62.765,22.310,15.973,time_of_use,0
site_12sjsgd733,199,2024-07-18,4,7,,1.143,75.318,14.862,0.000,0.597,0.150,0.223,194.962,81.025,20.491,15.159,flat,0
site_unn79reovm,124,2024-05-04,6,5,16.570,3.123,51.376,11.312,0.000,0.655,0.257,0.400,218.861,73.683,30.949,29.128,critical_peak,0
site_lh13qhdxr8,65,2024-03-06,3,3,24.340,3.894,60.904,23.260,0.279,0.580,0.206,0.899,172.829,60.661,26.030,21.736,flat,0
site_jby3v59n6p,0,2024-01-01,1,1,8.673,3.006,55.117,12.185,0.000,0.479,0.234,0.594,191.583,68.574,14.316,20.791,flat,0
site_azlkiez3zd,199,2024-07-18,4,7,5.670,0.857,67.976,10.675,0.000,0.603,0.112,0.440,194.530,78.120,15.891,16.507,flat,0
site_l7o5bnkp2o,177,2024-06-26,3,6,8.178,1.218,57.106,11.726,0.000,0.703,0.365,0.482,185.956,68.157,24.523,13.094,critical_peak,0
site_q96oxsn6t7,145,2024-05-25,6,5,10.773,2.003,66.589,16.227,0.000,0.573,0.018,0.715,179.144,60.593,10.351,19.815,flat,0
site_l7o5bnkp2o,197,2024-07-16,2,7,6.572,2.010,76.813,10.253,0.000,0.619,0.125,0.528,180.732,79.792,16.823,22.306,critical_peak,0
site_ruqwbu08ys,226,2024-08-14,3,8,7.957,0.927,77.363,14.888,0.000,0.764,0.195,0.268,213.554,65.032,21.567,12.337,flat,0
site_unn79reovm,177,2024-06-26,3,6,8.517,0.689,54.750,12.369,0.000,0.600,0.015,0.323,186.090,65.161,16.741,18.052,critical_peak,0
site_mmvs0z732r,157,2024-06-06,4,6,7.576,2.127,73.213,16.269,0.000,0.575,0.146,0.603,,61.236,11.676,19.839,time_of_use,0
site_owpbo6i70y,73,2024-03-14,4,3,26.254,3.891,50.582,9.324,0.000,0.604,0.144,0.412,160.307,63.435,12.339,20.994,flat,0
site_9ueuoqbp8k,229,2024-08-17,6,8,9.660,3.143,65.039,11.816,0.000,0.622,0.347,0.603,212.327,56.401,24.617,36.131,time_of_use,0
site_xms2f2z823,40,2024-02-10,6,2,16.193,3.960,69.321,16.278,1.684,0.690,0.237,0.583,177.935,52.685,24.235,23.528,time_of_use,0
site_ruqwbu08ys,24,2024-01-25,4,1,15.766,4.356,56.852,15.781,0.000,0.562,0.282,0.572,171.636,50.096,26.427,17.770,critical_peak,0
site_9ueuoqbp8k,110,2024-04-20,6,4,23.774,2.574,73.479,8.459,0.000,0.523,0.135,0.412,180.295,65.332,15.502,31.845,flat,0
site_hv02xi47qd,231,2024-08-19,1,8,6.879,2.195,69.652,13.809,0.000,0.577,0.315,0.781,242.336,69.057,30.767,14.841,critical_peak,0
site_ruqwbu08ys,136,2024-05-16,4,5,16.673,2.421,56.420,7.335,0.000,0.558,0.108,0.703,200.084,66.746,22.360,22.697,flat,0
site_jby3v59n6p,64,2024-03-05,2,3,21.536,3.757,64.180,13.082,0.000,0.753,0.106,0.733,214.114,44.606,15.424,25.052,flat,0
site_wb8fh6amr3,111,2024-04-21,0,4,25.094,1.941,68.214,7.807,0.000,0.538,0.177,0.792,187.360,60.879,17.132,23.411,time_of_use,0
site_8a103kt75c,203,2024-07-22,1,7,6.598,1.333,73.678,9.604,0.000,0.668,0.373,0.500,196.138,67.547,26.231,16.231,time_of_use,0
site_cyoy81mba2,72,2024-03-13,3,3,22.788,4.206,67.335,16.168,0.000,0.726,0.198,0.648,172.676,47.782,17.721,24.300,flat,0
site_cyoy81mba2,33,2024-02-03,6,2,15.464,3.639,80.753,13.425,0.000,0.683,0.278,0.810,154.826,44.251,24.435,24.236,critical_peak,0
site_8a103kt75c,20,2024-01-21,0,1,10.229,,66.555,8.231,0.935,0.747,0.349,0.587,221.775,84.279,24.935,7.037,flat,0
site_l7o5bnkp2o,160,2024-06-09,0,6,7.435,1.612,57.372,15.826,0.000,0.496,0.475,0.401,171.327,55.697,28.762,17.562,critical_peak,0
site_azlkiez3zd,123,2024-05-03,5,5,20.495,2.511,62.061,10.009,0.000,0.594,0.223,0.719,212.703,77.755,18.002,21.565,critical_peak,0
site_lpvyddf2dp,222,2024-08-10,6,8,8.787,1.654,85.290,14.113,0.000,0.788,0.451,0.680,214.839,80.562,31.080,24.063,critical_peak,0
site_wkoe2l3dl1,39,2024-02-09,5,2,18.161,3.348,63.253,6.717,0.000,0.533,0.296,0.544,177.434,62.656,19.586,25.028,time_of_use,1
site_cyoy81mba2,195,2024-07-14,0,7,5.352,2.506,76.523,7.971,0.000,0.547,0.108,0.659,198.820,54.976,24.530,16.496,critical_peak,0
site_l7o5bnkp2o,32,2024-02-02,5,2,16.097,3.722,56.739,8.720,0.000,0.617,0.253,0.857,181.396,55.423,23.669,21.930,time_of_use,0
site_pyswc8o9g8,73,2024-03-14,4,3,24.741,4.800,68.948,18.559,0.000,0.668,0.213,0.834,218.256,53.782,24.494,18.096,flat,0
site_653fbtaxzy,126,2024-05-06,1,5,17.435,2.926,66.114,14.860,0.000,0.740,0.252,0.693,219.264,70.350,14.281,12.522,flat,0
site_ruqwbu08ys,5,2024-01-06,6,1,13.427,1.332,86.541,10.245,0.000,0.670,0.135,0.508,206.689,43.557,15.947,9.010,time_of_use,0
site_12sjsgd733,62,2024-03-03,0,3,23.750,4.389,71.533,8.934,0.000,0.747,0.077,0.571,152.597,71.728,20.451,13.539,critical_peak,0
site_9ueuoqbp8k,219,2024-08-07,3,8,5.842,1.731,71.492,4.416,0.000,0.552,0.173,0.626,211.406,45.089,21.476,21.142,time_of_use,0
site_esvkso5p9a,19,2024-01-20,6,1,14.424,3.371,57.615,23.592,0.000,0.642,0.137,0.782,208.047,84.779,17.837,18.415,flat,0
site_l7o5bnkp2o,95,2024-04-05,5,4,23.150,5.050,74.816,11.041,0.000,0.730,0.109,0.844,186.654,46.372,24.992,11.981,time_of_use,0
site_q96oxsn6t7,173,2024-06-22,6,6,10.328,1.681,75.926,10.660,3.036,0.621,0.059,0.915,153.560,62.289,18.069,27.829,flat,0
site_653fbtaxzy,89,2024-03-30,6,3,19.584,3.949,69.586,11.722,0.000,0.663,0.255,0.563,176.074,74.190,13.606,20.552,critical_peak,0
site_8a103kt75c,198,2024-07-17,3,7,10.644,1.758,71.149,9.913,9.485,0.686,0.359,0.472,232.145,85.325,19.163,13.223,flat,0
site_unn79reovm,79,2024-03-20,3,3,26.485,3.199,56.447,15.719,0.000,0.690,0.015,0.499,207.617,63.694,11.794,38.039,critical_peak,0
site_8a103kt75c,29,2024-01-30,2,1,17.952,4.063,76.416,8.561,0.000,0.690,0.347,0.589,208.956,79.690,32.059,19.292,flat,0
site_i72zb352li,160,2024-06-09,0,6,12.333,1.509,83.973,18.173,0.000,0.648,0.470,0.518,192.785,76.360,19.804,24.182,critical_peak,0
site_esvkso5p9a,79,2024-03-20,3,3,20.982,3.913,59.292,16.766,1.172,0.576,0.101,0.898,189.069,79.508,18.297,18.163,critical_peak,1
site_hv02xi47qd,97,2024-04-07,0,4,26.505,3.457,64.046,18.208,0.000,0.752,0.283,0.751,190.406,77.307,31.470,16.153,critical_peak,0
site_hv02xi47qd,184,2024-07-03,3,7,4.208,2.539,63.969,7.117,0.000,0.659,0.317,0.715,195.587,76.996,19.052,36.364,time_of_use,0
site_jby3v59n6p,210,2024-07-29,1,7,7.807,3.008,86.146,13.999,0.000,0.625,0.163,0.549,226.865,65.124,16.858,17.292,time_of_use,1
site_wb8fh6amr3,110,2024-04-20,6,4,21.776,4.183,58.063,13.006,0.633,0.605,0.311,0.831,144.920,60.201,26.465,13.425,flat,0
site_8ttmv07z34,70,2024-03-11,1,3,26.675,4.847,64.583,15.683,0.000,0.559,0.086,0.594,205.152,73.506,19.221,17.696,critical_peak,0
site_xms2f2z823,81,2024-03-22,5,3,22.836,4.307,60.871,8.987,0.000,0.752,0.367,0.901,165.142,67.440,30.955,20.895,flat,0
site_mmvs0z732r,118,2024-04-28,0,4,19.728,3.721,67.161,5.279,0.000,0.662,0.097,0.741,181.359,80.374,19.439,16.134,flat,0
site_ruqwbu08ys,130,2024-05-10,5,5,17.862,0.995,63.601,11.134,0.000,0.594,0.308,0.433,192.734,60.345,25.531,13.079,time_of_use,0
site_pyswc8o9g8,146,2024-05-26,0,5,11.007,2.021,65.095,13.906,0.000,0.640,0.197,0.742,208.528,47.507,19.430,27.572,flat,0
site_esvkso5p9a,86,2024-03-27,3,3,28.920,3.199,56.567,17.254,0.000,0.740,0.130,0.762,221.154,85.368,19.270,27.098,time_of_use,0
site_lpvyddf2dp,61,2024-03-02,6,3,26.315,4.488,64.715,14.212,0.000,0.809,0.363,0.761,209.611,55.568,26.062,16.713,critical_peak,0
site_cyoy81mba2,118,2024-04-28,0,4,21.453,2.880,53.728,15.103,0.000,0.687,0.056,0.599,200.261,85.029,21.659,25.981,flat,0
site_owpbo6i70y,221,2024-08-09,5,8,7.912,1.030,72.009,12.815,0.000,0.570,0.015,0.671,145.223,70.568,9.199,21.006,time_of_use,0
site_653fbtaxzy,203,2024-07-22,1,7,5.995,0.767,72.125,9.014,0.000,0.661,0.314,0.304,190.077,73.456,15.864,18.700,time_of_use,0
site_653fbtaxzy,137,2024-05-17,5,5,14.966,2.843,69.539,12.392,2.650,0.778,0.230,0.500,187.653,82.292,23.360,24.624,flat,0
site_i72zb352li,62,2024-03-03,0,3,23.122,4.233,53.177,7.264,0.000,0.637,0.165,0.652,188.175,77.896,16.113,18.597,critical_peak,0
site_q96oxsn6t7,75,2024-03-16,6,3,21.929,5.179,69.191,17.793,3.215,0.692,0.269,0.893,144.498,63.896,14.429,14.700,time_of_use,0
site_q96oxsn6t7,100,2024-04-10,3,4,21.357,3.039,54.513,7.887,0.000,0.678,0.157,0.623,172.319,72.577,17.351,30.324,flat,0
site_i72zb352li,18,2024-01-19,5,1,12.420,3.354,74.731,9.171,0.342,0.625,0.333,0.485,208.875,77.744,12.883,27.210,flat,0
site_9ueuoqbp8k,125,2024-05-05,0,5,,3.944,63.596,3.599,0.000,0.647,0.385,0.676,171.758,75.841,24.471,18.002,critical_peak,0
site_wb8fh6amr3,83,2024-03-24,0,3,26.069,4.542,64.526,13.382,,0.591,0.409,0.980,158.391,72.963,22.793,23.987,flat,0
site_8ttmv07z34,37,2024-02-07,3,2,14.190,4.763,61.466,10.874,0.159,0.758,0.015,0.662,144.963,69.347,,21.288,flat,0
site_esvkso5p9a,7,2024-01-08,1,1,10.666,0.980,,5.756,0.000,0.645,0.128,0.657,205.961,,23.333,21.501,critical_peak,0
site_653fbtaxzy,124,2024-05-04,6,5,15.404,1.791,58.444,10.775,1.513,0.629,0.249,0.413,205.106,90.324,19.611,14.451,critical_peak,0
site_i72zb352li,229,2024-08-17,6,8,14.912,3.131,93.368,18.486,0.000,0.737,0.344,0.228,149.603,77.999,17.305,17.546,time_of_use,0
site_8ttmv07z34,216,2024-08-04,0,8,9.807,0.925,67.997,11.643,0.000,0.621,0.319,0.387,195.993,63.419,30.202,26.181,flat,0
site_653fbtaxzy,111,2024-04-21,0,4,20.994,3.061,58.936,14.889,0.000,0.657,0.156,0.570,202.076,71.332,18.141,19.904,time_of_use,0
site_q96oxsn6t7,192,2024-07-11,4,7,10.049,0.303,78.874,7.998,0.000,0.715,0.111,0.815,202.621,58.412,18.089,31.572,time_of_use,0
site_mmvs0z732r,171,2024-06-20,4,6,5.339,1.881,71.243,3.465,1.883,0.582,0.043,0.659,202.633,77.311,9.593,15.185,flat,0
site_owpbo6i70y,59,2024-02-29,4,2,22.675,5.150,55.623,10.118,0.000,0.616,0.047,0.780,168.810,74.861,17.350,19.092,time_of_use,0
site_cyoy81mba2,168,2024-06-17,1,6,7.670,0.645,82.670,5.279,1.101,0.468,0.274,0.628,192.704,57.864,24.147,31.379,critical_peak,0
site_653fbtaxzy,185,2024-07-04,4,7,8.226,1.283,80.188,8.495,1.487,0.612,0.303,0.450,245.745,64.367,18.413,18.790,time_of_use,0
site_lh13qhdxr8,181,2024-06-30,0,6,12.038,0.158,74.176,9.267,0.000,0.784,0.306,0.651,168.406,69.462,22.695,15.991,flat,0
site_wkoe2l3dl1,89,2024-03-30,6,3,21.097,3.931,58.813,11.984,0.000,0.655,0.149,0.743,161.079,69.891,13.499,18.466,critical_peak,0
site_jby3v59n6p,209,2024-07-28,0,7,8.028,4.116,65.363,6.424,0.000,0.656,0.162,0.535,214.501,54.615,15.808,18.702,flat,0
site_oqtmdxfv99,157,2024-06-06,4,6,10.814,1.640,61.157,10.331,0.000,0.703,0.121,0.400,167.530,75.419,14.644,17.804,time_of_use,0
site_azlkiez3zd,120,2024-04-30,2,4,20.308,3.160,55.370,17.536,0.000,0.757,0.112,0.733,197.955,78.381,24.531,28.389,time_of_use,0
site_esvkso5p9a,141,2024-05-21,2,5,20.139,3.068,67.615,9.021,0.000,0.712,0.121,0.839,212.458,80.923,15.866,19.243,critical_peak,0
site_wb8fh6amr3,197,2024-07-16,2,7,10.739,1.050,75.417,6.962,0.000,0.649,0.442,0.431,171.202,76.774,23.487,13.863,critical_peak,0
site_q96oxsn6t7,211,2024-07-30,2,7,6.988,1.618,68.525,4.706,0.000,0.548,0.015,0.873,148.697,61.979,13.850,37.238,time_of_use,0
site_12sjsgd733,159,2024-06-08,6,6,7.642,2.080,66.783,7.941,0.000,0.623,0.198,0.627,170.913,69.315,8.446,15.087,critical_peak,0
site_esvkso5p9a,113,2024-04-23,2,4,20.285,2.582,72.136,12.393,0.000,0.660,0.280,0.879,177.576,85.532,15.342,11.344,time_of_use,0
site_lpvyddf2dp,190,2024-07-09,2,7,7.100,0.999,75.090,16.659,0.000,0.650,0.249,0.912,227.266,72.461,6.584,27.315,flat,0
site_cyoy81mba2,157,2024-06-06,4,6,15.178,3.775,56.973,6.228,0.000,0.603,0.205,0.650,170.874,56.629,13.612,27.696,time_of_use,0
site_lh13qhdxr8,137,2024-05-17,5,5,13.008,1.722,68.970,8.914,1.167,0.592,0.248,0.708,154.342,74.952,16.948,17.463,flat,0
site_8ttmv07z34,151,2024-05-31,5,5,18.363,1.576,69.493,7.396,0.000,0.566,0.124,0.601,203.643,71.371,19.301,20.525,critical_peak,0
site_unn79reovm,50,2024-02-20,2,2,23.924,3.294,56.241,11.161,0.000,0.582,0.136,0.396,163.649,61.636,23.343,25.939,time_of_use,0
site_lh13qhdxr8,106,2024-04-16,2,4,21.384,2.931,61.900,14.924,0.000,0.546,0.271,0.707,166.770,80.704,25.644,19.576,critical_peak,0
site_9ueuoqbp8k,114,2024-04-24,3,4,21.460,3.875,57.359,9.338,0.000,0.584,0.305,0.672,211.828,63.748,19.739,26.837,critical_peak,0
site_unn79reovm,172,2024-06-21,5,6,10.338,1.346,71.159,16.514,0.000,0.653,0.015,0.371,188.599,78.460,18.608,18.815,flat,0
site_653fbtaxzy,21,2024-01-22,1,1,12.918,2.574,62.235,16.518,0.000,0.791,0.308,0.487,199.412,74.602,17.982,14.391,time_of_use,0
site_8a103kt75c,100,2024-04-10,3,4,28.944,3.771,70.485,12.487,0.000,0.802,0.439,0.793,210.028,68.556,,16.691,flat,0
site_653fbtaxzy,1,2024-01-02,2,1,4.286,3.279,83.314,9.640,3.624,0.499,0.348,0.636,227.790,74.982,23.435,24.392,flat,0
site_lpvyddf2dp,11,2024-01-12,5,1,17.807,2.523,50.481,4.331,0.000,0.528,0.108,0.820,198.248,61.695,25.640,19.533,flat,1
site_lpvyddf2dp,97,2024-04-07,0,4,24.485,4.328,58.519,10.806,0.000,0.657,0.246,0.778,174.251,71.404,10.569,17.958,critical_peak,0
site_q96oxsn6t7,177,2024-06-26,3,6,9.920,1.297,69.449,13.488,0.000,0.709,0.231,0.475,,61.969,18.836,21.524,critical_peak,0
site_ruqwbu08ys,148,2024-05-28,2,5,13.597,3.730,70.997,2.814,5.202,0.662,0.344,0.716,225.444,63.060,27.755,24.894,time_of_use,0
site_owpbo6i70y,98,2024-04-08,1,4,23.445,4.490,68.526,9.810,0.000,0.725,0.193,0.740,189.006,68.549,13.956,27.521,critical_peak,0
site_653fbtaxzy,173,2024-06-22,6,6,9.598,2.745,75.571,18.982,0.000,0.711,0.243,,219.422,83.439,20.076,12.811,flat,0
site_8a103kt75c,161,2024-06-10,1,6,11.443,2.155,64.747,13.194,0.000,0.630,,0.537,207.799,55.314,25.641,24.076,critical_peak,0
site_8a103kt75c,49,2024-02-19,1,2,26.805,4.027,57.600,13.905,0.000,0.747,0.315,0.436,231.320,79.765,33.947,19.162,time_of_use,0
site_azlkiez3zd,21,2024-01-22,1,1,,4.238,63.440,4.559,0.000,0.730,0.271,0.817,187.339,71.397,27.474,20.220,time_of_use,0
site_q96oxsn6t7,11,2024-01-12,5,1,9.546,3.880,74.118,13.493,0.000,0.535,0.114,0.689,186.261,,10.792,25.356,flat,0
site_lh13qhdxr8,95,2024-04-05,5,4,21.406,4.675,76.680,13.091,2.008,0.627,0.121,0.805,168.123,68.293,24.490,24.303,time_of_use,0
site_8a103kt75c,52,2024-02-22,4,2,20.162,3.457,59.022,7.152,0.000,0.759,0.213,0.687,219.449,74.502,15.293,15.774,critical_peak,0
site_lpvyddf2dp,59,2024-02-29,4,2,22.978,4.358,54.041,12.655,0.000,0.603,0.171,0.641,190.355,72.494,15.918,21.692,time_of_use,0
site_esvkso5p9a,23,2024-01-24,3,1,14.066,3.047,71.284,9.807,,0.704,0.132,0.625,206.531,95.769,20.032,22.488,time_of_use,0
site_jby3v59n6p,34,2024-02-04,0,2,21.716,3.747,63.865,6.074,0.000,0.723,0.221,0.543,178.945,70.403,23.912,17.645,critical_peak,0
site_8a103kt75c,58,2024-02-28,3,2,25.611,3.407,69.621,9.073,0.384,0.709,0.279,0.586,232.123,86.525,17.245,18.573,time_of_use,0
site_oqtmdxfv99,52,2024-02-22,4,2,22.593,4.571,73.086,6.627,1.446,0.546,0.092,0.604,173.016,81.792,20.374,21.736,critical_peak,0
site_q96oxsn6t7,142,2024-05-22,3,5,13.781,1.869,82.426,6.983,0.000,0.685,0.071,0.525,193.288,49.270,16.856,,critical_peak,0
site_wkoe2l3dl1,201,2024-07-20,6,7,5.841,1.692,85.139,12.412,0.000,0.604,0.296,0.906,175.525,72.848,18.773,17.391,time_of_use,0
site_pyswc8o9g8,37,2024-02-07,3,2,20.348,3.173,79.544,8.119,0.000,0.554,0.051,0.565,189.851,50.508,9.321,15.530,flat,0
site_ruqwbu08ys,108,2024-04-18,4,4,20.094,3.917,54.634,6.546,0.000,0.674,0.149,0.707,187.414,64.013,10.721,16.359,flat,0
site_xms2f2z823,167,2024-06-16,0,6,9.327,1.914,79.681,16.010,0.000,0.865,0.448,0.568,207.821,73.159,26.686,18.688,time_of_use,0
site_owpbo6i70y,12,2024-01-13,6,1,12.415,2.585,66.295,13.242,0.000,0.696,0.177,0.824,172.009,68.021,8.045,9.471,time_of_use,0
site_mmvs0z732r,40,2024-02-10,6,2,21.564,3.150,53.988,4.189,,0.559,0.169,0.738,185.956,56.086,24.412,10.476,time_of_use,0
site_cyoy81mba2,62,2024-03-03,0,3,21.990,4.812,70.059,11.812,0.000,0.579,0.127,0.867,173.024,68.980,19.892,31.103,critical_peak,0
site_q96oxsn6t7,165,2024-06-14,5,6,7.115,1.438,79.142,12.342,2.230,0.645,0.060,0.762,201.011,63.334,14.685,26.811,time_of_use,0
site_8a103kt75c,132,2024-05-12,0,5,17.407,,62.004,11.734,0.000,0.667,0.258,0.637,228.843,71.978,28.391,23.611,critical_peak,1
site_oqtmdxfv99,39,2024-02-09,5,2,19.491,4.474,71.757,10.347,0.000,0.761,0.195,0.526,212.648,84.361,11.605,24.058,time_of_use,0
site_oqtmdxfv99,87,2024-03-28,4,3,27.530,4.790,68.258,1.833,0.000,0.573,0.031,0.783,197.779,83.085,12.341,16.167,critical_peak,0
site_xms2f2z823,102,2024-04-12,5,4,24.253,3.886,55.389,6.595,0.000,0.576,0.354,0.520,187.043,74.110,26.132,12.730,time_of_use,0
site_lh13qhdxr8,179,2024-06-28,5,6,9.465,1.743,67.193,17.466,0.000,0.551,0.169,0.498,180.846,67.353,14.560,27.745,critical_peak,0
site_8ttmv07z34,180,2024-06-29,6,6,7.428,1.781,68.913,10.978,0.000,0.635,0.142,0.200,199.600,59.004,23.951,28.923,flat,0
site_q96oxsn6t7,51,2024-02-21,3,2,20.196,3.405,69.459,11.973,0.000,0.644,0.015,0.868,174.946,66.481,12.653,18.037,critical_peak,0
site_wkoe2l3dl1,111,2024-04-21,0,4,22.650,4.138,62.180,14.838,0.000,0.675,0.270,0.833,187.130,81.256,21.478,27.309,time_of_use,0
site_unn79reovm,191,2024-07-10,3,7,4.291,1.051,62.556,15.499,0.000,0.683,0.015,0.240,203.834,82.569,6.100,26.252,flat,0
site_oqtmdxfv99,69,2024-03-10,0,3,24.201,4.004,73.784,12.388,0.000,0.581,0.118,0.683,201.197,70.968,16.373,16.527,critical_peak,0
site_hv02xi47qd,145,2024-05-25,6,5,9.620,1.767,73.528,9.232,0.000,0.716,0.214,,192.359,70.413,25.680,24.651,flat,0
site_9ueuoqbp8k,30,2024-01-31,3,1,19.636,4.826,65.057,4.454,0.000,0.694,0.191,0.554,185.256,67.037,24.744,23.680,time_of_use,0
site_l7o5bnkp2o,199,2024-07-18,4,7,8.495,0.554,91.706,5.263,0.000,0.558,0.180,0.571,199.700,50.917,19.761,29.212,flat,0
site_azlkiez3zd,215,2024-08-03,6,8,5.699,1.351,85.273,9.144,0.000,0.582,0.139,0.729,160.423,83.997,22.401,30.420,critical_peak,0
site_i72zb352li,9,2024-01-10,3,1,10.341,1.317,61.177,9.214,0.000,0.628,0.315,0.545,220.129,89.280,14.694,24.106,flat,0
site_owpbo6i70y,17,2024-01-18,4,1,12.984,3.417,61.977,8.338,0.000,0.614,0.015,0.759,176.078,66.356,15.471,14.824,critical_peak,0
site_l7o5bnkp2o,220,2024-08-08,4,8,6.812,0.050,79.155,2.967,0.000,0.664,0.265,,206.117,36.496,20.110,32.520,time_of_use,0
site_i72zb352li,232,2024-08-20,2,8,7.326,3.449,82.588,13.754,0.000,0.733,0.388,0.701,206.923,62.845,17.136,25.055,critical_peak,0
site_12sjsgd733,89,2024-03-30,6,3,24.845,5.052,62.509,6.129,0.000,0.644,0.055,0.533,163.681,73.876,13.125,26.741,critical_peak,0
site_pyswc8o9g8,14,2024-01-15,1,1,,4.463,69.354,12.802,0.000,0.594,0.101,0.570,239.599,37.314,19.166,25.900,time_of_use,0
site_azlkiez3zd,125,2024-05-05,0,5,15.329,4.278,64.426,10.929,0.000,0.656,0.317,0.980,172.935,74.971,31.589,8.141,critical_peak,0
site_653fbtaxzy,239,2024-08-27,2,8,10.453,2.380,64.216,13.239,0.000,0.640,0.152,0.480,233.093,88.726,17.953,23.690,time_of_use,0
site_pyswc8o9g8,108,2024-04-18,4,4,21.541,4.223,61.549,7.633,3.058,0.615,0.023,0.779,213.031,49.348,18.378,17.205,flat,0
site_unn79reovm,224,2024-08-12,1,8,9.666,1.980,79.919,7.129,0.000,0.613,0.108,0.434,234.639,60.192,21.091,31.079,critical_peak,0
site_ruqwbu08ys,174,2024-06-23,0,6,12.086,1.622,68.703,7.507,1.466,0.596,0.275,0.602,208.381,64.449,25.009,17.335,time_of_use,0
site_cyoy81mba2,23,2024-01-24,3,1,15.571,1.467,61.590,12.536,0.000,0.486,0.118,0.524,168.329,63.774,15.342,17.251,time_of_use,0
site_unn79reovm,147,2024-05-27,1,5,12.250,3.011,66.482,17.387,0.000,0.632,0.175,0.340,190.436,71.118,16.643,25.323,time_of_use,0
site_xms2f2z823,80,2024-03-21,4,3,24.986,5.310,62.696,17.022,0.000,0.691,0.301,0.937,202.739,66.532,26.294,29.319,critical_peak,0
site_9ueuoqbp8k,179,2024-06-28,5,6,12.835,2.169,74.816,9.063,0.000,0.671,0.213,0.336,206.673,69.541,27.963,19.993,critical_peak,0
site_hv02xi47qd,1,2024-01-02,2,1,10.811,1.195,,7.795,0.241,0.624,0.198,0.578,199.991,61.196,27.078,26.449,flat,0
site_oqtmdxfv99,96,2024-04-06,6,4,23.738,5.423,68.638,6.599,0.000,0.829,0.082,0.864,200.526,82.459,16.919,19.277,critical_peak,0
site_hv02xi47qd,72,2024-03-13,3,3,27.368,5.377,50.590,6.876,0.000,0.598,0.266,0.980,210.959,72.436,22.657,20.084,flat,0
site_9ueuoqbp8k,107,2024-04-17,3,4,26.429,2.611,55.904,13.841,0.000,0.583,0.179,0.451,204.919,57.019,18.440,13.295,critical_peak,0
site_unn79reovm,222,2024-08-10,6,8,11.707,1.765,57.659,10.094,0.000,0.803,0.082,0.118,203.914,71.627,17.776,27.129,critical_peak,0
site_azlkiez3zd,103,2024-04-13,6,4,16.627,3.931,64.065,13.228,0.000,0.698,0.314,0.866,171.544,63.198,17.556,27.582,time_of_use,0
site_wb8fh6amr3,22,2024-01-23,2,1,,2.778,68.171,9.474,0.000,0.593,0.229,0.705,158.812,68.686,27.569,31.366,time_of_use,0
site_mmvs0z732r,82,2024-03-23,6,3,24.544,4.476,53.777,7.844,0.000,0.653,0.015,0.733,153.929,73.900,16.078,11.157,flat,0
site_esvkso5p9a,172,2024-06-21,5,6,15.264,1.718,92.743,15.619,0.000,0.669,0.220,0.741,192.943,73.599,16.106,23.743,flat,0
site_hv02xi47qd,200,2024-07-19,5,7,9.861,3.004,,10.745,0.000,0.638,0.261,0.884,187.941,75.696,22.457,18.871,flat,0
site_9ueuoqbp8k,173,2024-06-22,6,6,9.434,1.165,71.554,4.670,0.000,0.720,0.189,0.640,211.169,54.325,25.103,27.894,flat,0
site_wkoe2l3dl1,115,2024-04-25,4,4,18.976,3.320,64.601,14.122,0.000,0.555,0.374,0.620,199.526,59.334,20.990,26.509,critical_peak,0
site_653fbtaxzy,123,2024-05-03,5,5,18.266,2.134,62.257,9.541,0.000,0.625,0.173,0.568,201.016,68.748,17.665,22.516,critical_peak,0
site_wkoe2l3dl1,105,2024-04-15,1,4,23.386,2.194,71.747,12.101,0.000,0.590,0.324,0.775,174.484,60.978,21.015,25.097,critical_peak,0
site_azlkiez3zd,100,2024-04-10,3,4,21.558,3.721,72.828,9.384,0.000,0.637,0.167,0.893,167.531,61.633,20.805,25.728,flat,0
site_azlkiez3zd,168,2024-06-17,1,6,14.042,1.361,69.233,7.548,0.000,0.650,0.252,0.655,189.211,73.120,14.095,25.029,critical_peak,0
site_hv02xi47qd,59,2024-02-29,4,2,22.929,3.481,60.876,10.102,0.000,0.595,0.263,0.547,189.942,69.262,14.614,,time_of_use,0
site_8a103kt75c,113,2024-04-23,2,4,25.449,3.763,66.196,9.593,0.000,0.613,0.285,0.498,217.958,73.484,17.397,13.109,time_of_use,0
site_esvkso5p9a,16,2024-01-17,3,1,8.387,4.212,72.216,12.141,0.000,0.662,0.190,0.856,213.355,71.262,17.883,20.627,critical_peak,0
site_8ttmv07z34,204,2024-07-23,2,7,5.775,2.062,75.570,7.249,0.000,0.572,0.189,0.432,180.915,62.871,21.526,15.887,critical_peak,0
site_cyoy81mba2,212,2024-07-31,3,7,8.464,1.704,78.628,17.435,0.000,0.651,0.212,0.925,182.119,52.924,23.423,32.582,time_of_use,0
site_wkoe2l3dl1,45,2024-02-15,4,2,18.179,4.747,52.096,15.394,0.000,0.545,0.236,0.740,193.691,72.193,16.547,26.440,flat,0
site_i72zb352li,79,2024-03-20,3,3,22.627,3.375,58.897,9.206,0.000,0.759,0.196,0.529,178.589,87.184,18.151,20.818,critical_peak,0
site_q96oxsn6t7,40,2024-02-10,6,2,19.325,3.610,68.728,16.919,0.000,0.710,0.136,0.884,170.873,70.107,16.387,26.375,time_of_use,0
site_9ueuoqbp8k,51,2024-02-21,3,2,23.316,2.793,63.915,14.329,0.000,0.537,0.367,0.587,203.978,61.280,19.349,30.208,critical_peak,0
site_8a103kt75c,165,2024-06-14,5,6,10.227,2.634,64.509,12.671,2.326,0.671,0.124,0.469,247.394,76.187,24.805,10.297,time_of_use,0
site_jby3v59n6p,45,2024-02-15,4,2,19.904,4.771,59.569,9.394,0.000,0.579,0.174,0.813,206.753,29.307,28.792,,flat,0
site_oqtmdxfv99,7,2024-01-08,1,1,14.322,3.419,74.785,10.034,0.000,0.675,0.074,0.702,195.553,76.496,14.747,26.636,critical_peak,0
site_8a103kt75c,9,2024-01-10,3,1,11.013,2.054,58.045,,,0.644,0.339,,217.424,81.018,21.126,16.555,flat,0
site_8a103kt75c,99,2024-04-09,2,4,26.777,3.548,36.949,21.301,1.444,0.630,0.332,0.563,217.535,70.333,30.726,28.801,flat,0
site_jby3v59n6p,232,2024-08-20,2,8,9.973,3.389,58.123,15.806,0.100,0.520,0.120,0.500,185.433,71.840,14.016,20.981,critical_peak,0
site_8a103kt75c,142,2024-05-22,3,5,15.296,2.531,80.017,6.035,0.000,0.792,0.370,0.612,204.835,82.587,26.196,28.141,critical_peak,0
site_l7o5bnkp2o,16,2024-01-17,3,1,10.919,4.300,77.954,16.297,0.000,0.583,0.123,0.893,186.145,45.996,17.957,10.770,critical_peak,0
site_lh13qhdxr8,208,2024-07-27,6,7,8.293,1.200,70.609,17.824,0.000,0.686,0.275,0.814,160.198,74.972,21.269,20.945,flat,0
site_xms2f2z823,214,2024-08-02,5,8,4.254,2.377,72.577,9.494,0.000,0.711,0.252,0.664,230.107,65.333,24.281,,critical_peak,0
site_wkoe2l3dl1,152,2024-06-01,6,6,12.703,0.854,60.699,13.872,0.000,0.620,0.388,0.534,183.409,46.942,21.984,29.431,critical_peak,0
site_9ueuoqbp8k,149,2024-05-29,3,5,14.754,2.111,74.408,10.446,0.000,0.522,0.304,0.844,183.968,51.569,21.806,22.035,time_of_use,0
site_azlkiez3zd,55,2024-02-25,0,2,21.457,4.048,54.712,16.328,0.000,0.710,0.318,0.705,184.659,68.498,26.216,19.323,flat,0
site_xms2f2z823,96,2024-04-06,6,4,23.698,3.915,59.244,6.854,0.000,0.626,0.100,0.731,176.709,64.668,16.188,17.882,critical_peak,0
site_lpvyddf2dp,233,2024-08-21,3,8,14.301,2.724,78.578,12.859,0.000,0.775,0.211,0.827,176.887,83.672,25.950,33.422,critical_peak,0
site_unn79reovm,89,2024-03-30,6,3,24.119,4.832,71.128,9.970,0.222,0.748,0.318,0.434,204.191,84.079,10.801,27.002,critical_peak,0
site_cyoy81mba2,7,2024-01-08,1,1,7.350,3.334,65.869,15.604,0.000,0.645,0.227,0.678,180.056,74.292,7.606,20.605,critical_peak,0
site_lh13qhdxr8,11,2024-01-12,5,1,11.373,3.590,67.651,10.742,0.892,0.733,0.146,0.908,221.837,67.637,25.662,33.265,flat,0
site_8ttmv07z34,72,2024-03-13,3,3,22.205,5.882,61.111,11.284,0.000,0.628,0.347,0.630,180.010,51.835,27.475,26.294,flat,0
site_l7o5bnkp2o,169,2024-06-18,2,6,8.831,1.906,84.185,12.411,,0.656,0.311,0.599,233.315,58.656,26.534,23.118,critical_peak,0
site_azlkiez3zd,208,2024-07-27,6,7,9.990,1.550,78.224,8.508,0.000,0.628,0.207,0.529,197.653,65.248,10.785,21.913,flat,0
site_jby3v59n6p,14,2024-01-15,1,1,12.139,3.073,66.581,20.736,0.000,0.636,0.191,0.736,181.695,61.383,12.535,27.914,time_of_use,0
site_wb8fh6amr3,174,2024-06-23,0,6,8.046,2.378,58.330,6.085,0.000,0.588,0.377,0.445,230.406,61.803,22.902,20.713,time_of_use,0
site_hv02xi47qd,76,2024-03-17,0,3,26.768,4.999,60.163,7.471,0.000,0.760,0.268,0.980,215.802,82.129,21.251,30.701,time_of_use,0
site_lh13qhdxr8,138,2024-05-18,6,5,18.502,1.338,55.622,10.168,0.000,0.578,0.200,0.654,190.532,81.714,24.261,17.546,time_of_use,0
site_ruqwbu08ys,198,2024-07-17,3,7,10.512,2.407,61.015,17.775,0.000,0.720,0.333,0.463,220.927,65.247,25.675,17.203,flat,0
site_lh13qhdxr8,125,2024-05-05,0,5,22.648,3.055,70.394,15.196,1.013,0.468,0.260,0.825,191.630,71.781,30.758,17.822,critical_peak,1
site_wkoe2l3dl1,0,2024-01-01,1,1,12.543,2.086,62.431,13.468,0.000,0.613,0.204,0.672,204.771,75.588,15.065,25.911,flat,0
site_jby3v59n6p,23,2024-01-24,3,1,13.154,3.396,62.051,6.500,2.433,0.646,0.259,0.629,190.769,55.556,23.328,23.784,time_of_use,0
site_8ttmv07z34,38,2024-02-08,4,2,16.605,3.797,72.320,19.671,0.000,0.560,0.115,0.627,209.256,49.836,23.030,29.331,flat,0
site_ruqwbu08ys,139,2024-05-19,0,5,16.648,3.277,77.462,9.384,0.000,0.564,0.191,0.535,206.775,56.904,18.467,12.699,time_of_use,0
site_wkoe2l3dl1,142,2024-05-22,3,5,19.456,2.185,68.185,10.009,0.000,0.486,0.286,0.649,205.199,58.160,18.292,28.076,critical_peak,0
site_jby3v59n6p,192,2024-07-11,4,7,8.406,1.984,75.013,25.596,0.000,0.518,0.083,0.568,193.081,49.761,15.828,21.501,time_of_use,0
site_xms2f2z823,85,2024-03-26,2,3,23.820,5.250,55.970,14.268,1.766,0.607,0.205,0.752,161.544,77.573,25.584,17.434,time_of_use,0
site_12sjsgd733,133,2024-05-13,1,5,16.403,3.034,72.543,8.872,0.000,0.723,0.192,0.517,169.457,66.197,20.362,11.373,critical_peak,0
site_wkoe2l3dl1,149,2024-05-29,3,5,14.958,3.264,76.098,11.762,0.000,,0.213,0.683,161.454,54.165,12.491,22.001,time_of_use,0
site_l7o5bnkp2o,132,2024-05-12,0,5,14.860,2.580,58.593,6.024,0.000,0.601,0.192,0.752,201.072,53.792,15.726,19.915,critical_peak,0
site_cyoy81mba2,126,2024-05-06,1,5,21.954,3.717,57.406,10.532,0.000,0.642,0.165,0.759,183.856,61.911,20.119,25.510,flat,0
site_lh13qhdxr8,9,2024-01-10,3,1,6.336,3.028,56.063,3.397,0.000,0.651,0.223,0.818,167.488,68.266,20.178,18.781,flat,0
site_i72zb352li,88,2024-03-29,5,3,28.740,3.396,51.050,13.498,0.000,0.611,0.311,0.602,213.075,71.763,13.789,18.937,critical_peak,0
site_wb8fh6amr3,10,2024-01-11,4,1,10.676,4.803,68.224,9.532,0.000,0.605,0.432,0.960,215.613,67.971,26.538,10.250,flat,0
site_ruqwbu08ys,167,2024-06-16,0,6,7.732,2.893,68.977,11.179,0.000,0.627,0.185,0.559,200.241,55.827,15.965,16.950,time_of_use,0
site_hv02xi47qd,141,2024-05-21,2,5,18.068,3.765,66.152,13.220,0.000,0.641,0.243,0.608,157.540,66.293,28.881,27.993,critical_peak,0
site_jby3v59n6p,157,2024-06-06,4,6,9.959,0.752,76.388,4.672,0.000,0.505,0.166,0.375,219.199,58.540,19.755,25.046,time_of_use,0
site_azlkiez3zd,239,2024-08-27,2,8,15.233,2.473,71.823,5.675,0.000,0.604,0.220,0.648,190.183,88.654,18.946,26.790,time_of_use,0
site_cyoy81mba2,224,2024-08-12,1,8,12.180,2.245,68.404,8.296,0.000,0.714,0.250,0.491,164.297,83.324,11.430,23.798,critical_peak,0
site_i72zb352li,14,2024-01-15,1,1,8.145,2.495,68.579,15.440,0.000,0.627,0.333,0.571,180.659,61.228,16.788,27.038,time_of_use,0
site_owpbo6i70y,8,2024-01-09,2,1,8.726,3.373,70.000,17.953,0.000,0.619,0.076,0.810,167.022,79.983,0.559,18.863,critical_peak,0
site_azlkiez3zd,117,2024-04-27,6,4,20.926,3.982,72.789,10.300,0.000,0.751,0.306,0.707,209.716,77.675,29.701,22.090,flat,0
site_hv02xi47qd,192,2024-07-11,4,7,9.033,0.388,80.599,15.214,0.000,0.749,0.281,0.626,200.722,67.818,22.352,32.324,time_of_use,0
site_8ttmv07z34,103,2024-04-13,6,4,20.913,3.876,62.238,8.459,0.000,0.583,0.238,0.781,210.469,43.709,29.416,25.242,time_of_use,0
site_unn79reovm,122,2024-05-02,4,5,17.836,2.496,68.428,9.241,0.000,0.642,0.015,0.510,197.634,57.131,5.753,36.103,time_of_use,0
site_mmvs0z732r,123,2024-05-03,5,5,23.558,3.289,60.942,8.643,0.000,0.460,0.181,0.611,194.864,62.547,13.228,15.233,critical_peak,0
site_owpbo6i70y,198,2024-07-17,3,7,7.757,2.579,70.561,0.405,0.000,0.746,0.015,0.745,171.701,85.336,15.252,18.931,flat,0
site_12sjsgd733,71,2024-03-12,2,3,22.896,3.395,51.797,6.560,0.000,0.543,0.075,0.307,169.886,56.865,10.806,12.266,critical_peak,0
site_azlkiez3zd,70,2024-03-11,1,3,29.284,4.531,56.076,12.494,0.000,0.769,0.212,0.849,217.490,86.507,29.636,21.926,critical_peak,0
site_i72zb352li,29,2024-01-30,2,1,12.612,3.042,58.652,18.089,0.000,0.760,0.130,0.381,216.193,60.142,16.250,19.196,flat,0
site_mmvs0z732r,189,2024-07-08,1,7,10.352,2.011,70.206,12.059,0.000,0.579,0.176,0.654,183.291,69.582,16.434,19.044,flat,0
site_8a103kt75c,134,2024-05-14,2,5,20.068,2.894,65.365,5.099,0.000,0.847,0.356,0.647,,71.089,28.573,27.686,critical_peak,0
site_8a103kt75c,183,2024-07-02,2,7,9.292,1.129,78.685,8.428,0.000,0.746,0.316,0.551,239.110,69.343,24.693,24.921,time_of_use,0
site_q96oxsn6t7,59,2024-02-29,4,2,22.989,5.510,60.251,4.788,0.000,0.744,0.163,0.943,168.330,84.062,17.966,8.454,time_of_use,0
site_mmvs0z732r,92,2024-04-02,2,4,25.400,4.565,61.334,6.898,0.000,0.607,0.036,0.705,208.284,62.617,11.418,19.843,flat,0
site_12sjsgd733,118,2024-04-28,0,4,22.951,3.281,74.729,8.495,0.000,0.590,0.076,0.405,186.148,55.706,9.452,18.496,flat,0
site_lh13qhdxr8,197,2024-07-16,2,7,7.510,0.788,71.715,12.876,0.000,0.698,0.477,0.359,195.343,67.928,32.571,14.056,critical_peak,0
site_cyoy81mba2,173,2024-06-22,6,6,9.282,1.645,58.335,4.246,0.000,0.687,0.306,0.531,202.531,68.385,18.539,18.872,flat,0
site_jby3v59n6p,166,2024-06-15,6,6,6.794,1.496,75.517,7.970,0.000,0.627,0.324,0.491,204.110,63.669,19.111,26.049,time_of_use,0
site_wkoe2l3dl1,154,2024-06-03,1,6,9.232,2.382,62.075,16.936,0.000,0.576,0.301,0.779,180.070,72.437,14.034,12.834,flat,0
site_lh13qhdxr8,117,2024-04-27,6,4,15.782,3.402,69.890,12.967,0.000,0.610,0.238,0.834,194.382,61.401,25.612,18.536,flat,0
site_ruqwbu08ys,152,2024-06-01,6,6,10.382,,79.752,5.041,0.000,0.657,0.172,0.631,223.404,40.597,13.866,24.103,critical_peak,0
site_jby3v59n6p,115,2024-04-25,4,4,18.947,2.821,48.392,,0.000,0.638,0.116,0.617,174.363,53.671,14.268,12.571,critical_peak,0
site_9ueuoqbp8k,155,2024-06-04,2,6,8.697,0.985,77.045,15.264,1.430,0.657,0.098,0.605,198.140,68.548,21.481,24.300,flat,0
site_q96oxsn6t7,5,2024-01-06,6,1,9.446,1.480,60.559,12.459,0.000,0.607,0.179,0.637,170.438,70.434,13.430,17.463,time_of_use,0
site_mmvs0z732r,196,2024-07-15,1,7,6.794,1.381,63.519,7.757,0.000,0.684,0.067,0.458,198.510,70.449,14.992,18.066,critical_peak,0
site_oqtmdxfv99,143,2024-05-23,4,5,11.648,1.448,78.765,12.045,0.000,0.721,0.266,0.498,189.058,68.007,21.245,29.885,critical_peak,0
site_q96oxsn6t7,233,2024-08-21,3,8,13.307,2.329,68.143,19.490,0.000,0.496,0.015,0.893,182.987,59.166,10.266,26.061,critical_peak,0
site_i72zb352li,238,2024-08-26,1,8,,2.799,61.002,16.394,0.000,0.724,0.255,0.660,195.048,76.284,10.324,38.092,time_of_use,0
site_i72zb352li,163,2024-06-12,3,6,8.399,2.623,73.376,12.953,0.000,0.805,0.363,0.558,216.199,72.853,17.682,30.363,flat,0
site_cyoy81mba2,92,2024-04-02,2,4,24.711,3.529,59.232,11.158,0.000,0.553,0.182,0.586,165.573,84.697,25.061,20.099,flat,0
site_8ttmv07z34,179,2024-06-28,5,6,5.286,1.937,70.158,11.955,0.000,0.618,0.055,0.435,179.252,67.252,,30.500,critical_peak,0
site_pyswc8o9g8,3,2024-01-04,4,1,8.563,2.319,68.573,2.927,0.000,0.581,0.073,0.484,207.982,48.378,14.076,17.544,time_of_use,0
site_8ttmv07z34,219,2024-08-07,3,8,9.314,1.235,76.853,9.513,0.000,0.723,0.015,0.230,189.824,73.007,10.902,26.965,time_of_use,0
site_wkoe2l3dl1,32,2024-02-02,5,2,16.742,3.275,87.338,8.060,0.000,0.530,0.172,0.792,172.336,50.042,16.870,34.849,time_of_use,0
site_esvkso5p9a,197,2024-07-16,2,7,7.973,2.192,78.528,12.790,0.000,0.596,0.181,0.823,195.368,72.693,17.767,24.919,critical_peak,0
site_hv02xi47qd,17,2024-01-18,4,1,13.787,2.742,81.000,8.427,0.000,0.692,0.330,0.841,188.505,77.687,24.579,30.539,critical_peak,0
site_xms2f2z823,226,2024-08-14,3,8,8.456,1.915,72.263,7.918,,0.681,0.343,0.607,202.192,72.179,25.648,4.146,flat,0
site_lh13qhdxr8,187,2024-07-06,6,7,5.241,1.726,,17.823,0.000,0.591,0.187,0.578,157.816,74.096,22.402,16.616,critical_peak,0
site_lpvyddf2dp,23,2024-01-24,3,1,11.585,1.591,82.365,8.975,0.000,0.637,0.200,0.644,194.540,74.682,25.205,22.891,time_of_use,0
site_hv02xi47qd,181,2024-06-30,0,6,8.239,2.277,80.355,8.010,0.000,0.644,0.317,0.461,187.797,69.806,25.044,9.100,flat,1
site_lh13qhdxr8,109,2024-04-19,5,4,23.722,3.944,76.597,12.864,0.000,0.624,0.324,0.657,160.339,64.489,27.204,16.608,flat,0
site_lpvyddf2dp,76,2024-03-17,0,3,26.178,5.236,50.335,11.907,0.000,0.573,0.232,0.936,217.733,70.409,16.129,22.517,time_of_use,0
site_q96oxsn6t7,57,2024-02-27,2,2,22.523,3.453,68.298,10.047,0.000,0.642,0.072,0.814,191.668,50.321,15.150,23.258,time_of_use,0
site_mmvs0z732r,51,2024-02-21,3,2,24.884,5.202,59.511,11.418,0.000,0.678,0.213,0.745,163.344,69.255,14.860,20.433,critical_peak,0
site_lpvyddf2dp,108,2024-04-18,4,4,25.943,2.280,62.168,17.583,0.000,0.783,0.290,0.673,207.058,73.819,22.520,33.116,flat,0
site_q96oxsn6t7,89,2024-03-30,6,3,18.646,2.944,51.096,16.039,0.000,0.641,0.199,0.917,156.749,77.998,15.018,32.537,critical_peak,0
site_q96oxsn6t7,54,2024-02-24,6,2,23.085,5.288,66.965,7.295,0.000,0.593,0.015,0.911,181.113,65.660,8.603,23.595,flat,0
site_azlkiez3zd,76,2024-03-17,0,3,23.831,4.988,75.883,14.574,0.000,0.624,0.207,0.658,168.069,90.434,27.364,11.107,time_of_use,0
site_i72zb352li,68,2024-03-09,6,3,24.148,3.729,56.748,3.768,0.000,0.860,0.346,0.593,208.562,72.581,24.848,25.891,time_of_use,0
site_wkoe2l3dl1,97,2024-04-07,0,4,29.393,3.884,51.898,11.574,0.000,0.615,0.348,0.763,183.155,55.441,16.673,17.874,critical_peak,0
site_oqtmdxfv99,34,2024-02-04,0,2,16.807,3.291,62.932,6.821,0.000,0.682,0.100,0.714,199.643,75.870,18.189,18.689,critical_peak,0
site_esvkso5p9a,158,2024-06-07,5,6,13.895,2.279,73.136,5.486,0.000,0.757,0.242,0.980,164.636,80.651,19.920,18.345,time_of_use,0
site_xms2f2z823,160,2024-06-09,0,6,11.374,2.288,76.509,10.715,0.000,0.674,0.397,0.517,229.641,60.033,34.398,21.969,critical_peak,0
site_esvkso5p9a,133,2024-05-13,1,5,19.794,1.977,56.858,20.428,0.000,0.656,0.378,0.731,228.966,58.323,22.641,22.097,critical_peak,0
site_i72zb352li,38,2024-02-08,4,2,21.772,3.990,66.555,15.593,0.000,0.687,0.301,0.402,190.909,81.499,17.092,19.027,flat,0
site_wb8fh6amr3,177,2024-06-26,3,6,7.967,2.576,74.286,5.429,0.000,0.738,0.218,0.594,223.465,50.605,20.374,17.218,critical_peak,0
site_l7o5bnkp2o,166,2024-06-15,6,6,9.688,2.041,63.115,18.078,5.423,0.760,0.273,0.670,203.479,48.922,27.963,17.042,time_of_use,0
site_8ttmv07z34,123,2024-05-03,5,5,19.740,2.455,63.816,7.185,0.000,0.815,0.097,0.422,165.363,77.042,25.185,33.532,critical_peak,0
site_12sjsgd733,205,2024-07-24,3,7,4.843,1.056,82.206,,0.000,0.652,0.015,0.330,184.293,75.264,15.355,24.307,critical_peak,0
site_owpbo6i70y,95,2024-04-05,5,4,23.783,3.941,63.612,15.308,0.000,0.703,0.070,0.637,158.429,67.973,12.238,26.350,time_of_use,0
site_lh13qhdxr8,37,2024-02-07,3,2,12.998,4.286,47.325,11.543,0.777,0.562,0.268,0.866,163.000,65.496,16.474,14.641,flat,0
site_xms2f2z823,143,2024-05-23,4,5,15.344,1.501,76.107,15.465,0.000,0.659,0.244,0.654,156.786,70.301,30.053,25.716,critical_peak,0
site_azlkiez3zd,51,2024-02-21,3,2,19.945,4.733,53.356,10.029,0.000,0.763,0.134,0.980,191.313,73.904,24.590,28.861,critical_peak,0
site_i72zb352li,69,2024-03-10,0,3,26.734,5.249,63.121,18.273,0.000,0.775,0.530,0.531,204.646,67.477,25.377,14.498,critical_peak,0
site_ruqwbu08ys,18,2024-01-19,5,1,12.375,3.394,83.797,6.890,0.000,0.719,0.360,0.638,244.069,59.558,26.392,22.842,flat,0
site_mmvs0z732r,186,2024-07-05,5,7,7.917,1.974,73.367,18.024,0.000,0.673,0.132,0.680,204.068,63.240,15.820,23.461,critical_peak,0
site_oqtmdxfv99,10,2024-01-11,4,1,8.351,1.421,72.427,11.749,0.000,0.613,0.183,0.614,173.989,65.922,25.482,25.102,flat,0
site_jby3v59n6p,56,2024-02-26,1,2,22.659,3.290,,7.814,0.000,0.679,0.181,0.752,235.737,82.357,23.999,22.680,flat,0
site_q96oxsn6t7,72,2024-03-13,3,3,19.760,5.320,49.862,5.958,0.000,0.691,0.081,0.953,154.908,68.004,6.788,28.152,flat,0
site_wb8fh6amr3,9,2024-01-10,3,1,11.984,1.742,82.849,16.708,0.000,0.746,0.278,0.774,186.486,64.893,24.762,25.923,flat,0
site_xms2f2z823,49,2024-02-19,1,2,25.397,5.367,72.216,9.255,3.777,0.677,0.249,0.753,205.861,70.815,20.607,19.662,time_of_use,0
site_cyoy81mba2,158,2024-06-07,5,6,11.925,1.610,61.512,10.425,0.000,0.705,0.048,0.793,200.068,,10.489,24.910,time_of_use,0
site_owpbo6i70y,50,2024-02-20,2,2,19.855,5.902,67.198,7.162,0.000,0.634,0.106,0.837,169.973,72.200,8.639,16.633,time_of_use,0
site_q96oxsn6t7,58,2024-02-28,3,2,19.689,4.114,66.411,14.690,0.000,0.575,0.015,0.869,140.130,63.095,17.315,21.919,time_of_use,0
site_jby3v59n6p,95,2024-04-05,5,4,23.967,4.071,60.735,18.750,0.000,0.632,0.156,0.594,180.084,75.715,17.200,33.963,time_of_use,0
site_q96oxsn6t7,134,2024-05-14,2,5,14.839,1.705,59.467,7.258,0.000,0.674,0.159,0.759,184.594,66.143,19.184,23.390,critical_peak,0
site_jby3v59n6p,175,2024-06-24,1,6,9.213,1.682,65.764,5.877,0.000,0.695,0.265,0.509,184.668,58.530,23.649,28.144,time_of_use,1
site_mmvs0z732r,25,2024-01-26,5,1,17.040,2.828,57.890,15.957,0.000,0.687,0.015,0.717,177.375,63.391,12.377,22.313,critical_peak,0
site_wb8fh6amr3,118,2024-04-28,0,4,20.976,3.346,50.277,7.547,0.000,0.513,0.484,0.837,217.769,58.974,26.012,21.826,flat,0
site_lh13qhdxr8,196,2024-07-15,1,7,8.289,1.352,81.138,9.684,0.000,0.641,0.309,0.586,211.602,72.904,24.755,15.305,critical_peak,0
site_xms2f2z823,207,2024-07-26,5,7,8.146,1.075,78.467,10.258,0.000,0.585,0.276,0.516,207.168,58.854,18.711,11.899,flat,0
site_wb8fh6amr3,165,2024-06-14,5,6,9.432,0.958,59.109,8.363,0.000,0.569,0.245,0.586,198.867,55.390,25.699,18.872,time_of_use,0
site_8ttmv07z34,190,2024-07-09,2,7,10.222,1.577,60.566,4.477,0.000,0.624,0.275,0.463,201.239,58.146,14.161,28.759,flat,0
site_q96oxsn6t7,144,2024-05-24,5,5,16.233,2.622,71.033,5.678,0.000,0.633,0.254,0.827,189.972,62.359,8.167,26.348,flat,0
site_xms2f2z823,20,2024-01-21,0,1,6.789,3.693,70.211,12.288,0.000,0.729,0.249,0.644,210.170,64.982,31.962,24.823,flat,0
site_12sjsgd733,217,2024-08-05,1,8,7.112,2.077,70.519,10.877,0.000,0.558,0.197,0.532,194.872,53.587,18.488,11.310,flat,0
site_cyoy81mba2,114,2024-04-24,3,4,21.428,4.736,57.286,11.502,0.000,0.602,0.150,0.941,171.326,61.180,14.233,36.002,critical_peak,0
site_xms2f2z823,51,2024-02-21,3,2,19.288,3.447,57.452,9.494,0.000,0.663,0.234,0.558,174.115,63.461,28.446,6.316,critical_peak,0
site_8ttmv07z34,74,2024-03-15,5,3,22.144,5.012,62.924,13.220,0.000,0.641,0.239,0.725,179.032,34.120,21.521,27.783,flat,0
site_8ttmv07z34,165,2024-06-14,5,6,7.074,1.652,66.198,11.780,0.000,0.607,0.015,0.464,206.538,50.308,13.715,20.311,time_of_use,0
site_q96oxsn6t7,235,2024-08-23,5,8,8.422,1.623,58.456,14.863,0.000,0.651,0.211,0.703,196.892,55.884,,26.655,flat,0
site_12sjsgd733,172,2024-06-21,5,6,9.046,0.287,77.071,14.882,0.000,0.571,0.015,0.318,156.635,62.621,8.895,12.570,flat,0
site_lpvyddf2dp,207,2024-07-26,5,7,7.794,1.323,83.463,12.164,0.290,0.687,0.257,0.715,206.724,73.938,22.743,19.384,flat,0
site_8a103kt75c,10,2024-01-11,4,1,8.995,1.895,65.311,12.830,2.930,,0.401,0.420,210.764,74.267,23.270,19.796,flat,0
site_8a103kt75c,95,2024-04-05,5,4,25.280,4.410,59.947,9.716,0.000,0.758,0.430,0.562,223.906,80.504,17.997,10.945,time_of_use,0
site_wb8fh6amr3,25,2024-01-26,5,1,14.333,2.021,64.922,10.035,0.000,0.644,0.297,0.482,167.310,69.128,26.043,10.133,critical_peak,0
site_653fbtaxzy,56,2024-02-26,1,2,24.272,3.933,63.086,15.139,0.000,0.796,0.280,0.700,188.269,78.546,30.693,21.531,flat,0
site_wb8fh6amr3,62,2024-03-03,0,3,22.042,3.790,74.312,6.958,0.000,0.606,0.402,0.960,167.755,70.640,35.678,15.126,critical_peak,0
site_owpbo6i70y,37,2024-02-07,3,2,16.557,4.157,59.630,8.471,0.000,0.578,0.173,0.668,159.227,69.920,8.992,19.846,flat,0
site_wkoe2l3dl1,190,2024-07-09,2,7,7.599,1.177,68.244,5.562,0.000,0.551,0.435,0.641,234.688,52.633,19.545,22.814,flat,0
site_hv02xi47qd,212,2024-07-31,3,7,9.995,1.814,80.313,4.778,0.000,0.615,0.345,0.503,213.613,56.176,26.363,24.216,time_of_use,0
site_9ueuoqbp8k,48,2024-02-18,0,2,15.938,6.158,68.340,6.422,0.000,0.541,0.339,0.601,187.741,65.172,23.323,26.787,time_of_use,0
site_jby3v59n6p,197,2024-07-16,2,7,5.449,2.089,69.003,10.280,0.000,0.792,0.287,0.490,218.651,85.906,20.557,24.412,critical_peak,0
site_wb8fh6amr3,232,2024-08-20,2,8,12.105,2.370,69.099,12.131,0.000,0.612,0.324,0.556,187.091,52.585,19.080,16.746,critical_peak,0
site_jby3v59n6p,178,2024-06-27,4,6,6.518,3.308,65.033,9.520,0.000,0.575,0.233,0.629,176.170,62.153,11.301,27.623,critical_peak,0
site_wb8fh6amr3,148,2024-05-28,2,5,14.042,2.300,70.337,8.425,0.000,0.627,0.270,0.683,183.355,85.236,22.165,18.728,time_of_use,0
site_pyswc8o9g8,26,2024-01-27,6,1,15.326,2.631,79.439,16.484,0.000,0.604,0.158,0.710,218.962,51.381,22.662,5.262,critical_peak,0
site_jby3v59n6p,98,2024-04-08,1,4,23.663,2.898,60.126,14.236,0.000,0.552,0.263,0.583,210.449,54.052,14.532,20.850,critical_peak,1
site_lh13qhdxr8,156,2024-06-05,3,6,9.955,1.826,61.137,9.501,0.000,0.772,0.262,0.670,178.923,71.709,16.654,15.560,time_of_use,0
site_q96oxsn6t7,10,2024-01-11,4,1,9.995,3.064,73.573,11.321,0.000,0.507,0.076,0.817,192.640,64.324,18.398,21.246,flat,0
site_oqtmdxfv99,212,2024-07-31,3,7,8.142,2.084,65.154,15.544,0.000,0.643,0.015,0.840,203.857,61.658,20.858,17.023,time_of_use,0
site_oqtmdxfv99,197,2024-07-16,2,7,7.110,0.050,73.270,9.924,0.000,0.704,0.224,0.643,203.070,66.645,18.771,25.983,critical_peak,0
site_azlkiez3zd,67,2024-03-08,5,3,24.478,3.840,73.945,7.247,0.000,0.658,0.316,0.658,183.977,82.385,18.900,16.943,time_of_use,0
site_wb8fh6amr3,200,2024-07-19,5,7,8.510,0.287,75.297,10.743,0.000,0.467,0.253,0.537,192.782,67.720,20.998,18.007,flat,0
site_653fbtaxzy,121,2024-05-01,3,5,21.764,3.960,47.802,11.689,2.134,0.578,0.326,0.713,215.700,69.145,17.497,15.916,time_of_use,0
site_unn79reovm,214,2024-08-02,5,8,7.298,1.961,94.033,9.801,0.000,0.666,0.015,0.278,217.003,82.304,9.851,22.830,critical_peak,0
site_8ttmv07z34,104,2024-04-14,0,4,21.219,5.239,52.828,16.050,1.335,0.686,0.098,0.617,155.139,61.333,22.145,19.006,time_of_use,1
site_oqtmdxfv99,102,2024-04-12,5,4,,3.927,67.619,16.053,0.000,0.676,0.166,0.641,226.815,74.525,15.418,18.874,time_of_use,0
site_unn79reovm,31,2024-02-01,4,2,9.790,2.664,76.584,5.535,0.000,0.609,0.015,0.352,202.583,55.372,13.087,28.972,time_of_use,0
site_oqtmdxfv99,32,2024-02-02,5,2,16.902,3.495,59.132,17.503,0.000,0.617,0.015,0.789,186.212,77.366,8.637,21.642,time_of_use,0
site_esvkso5p9a,6,2024-01-07,0,1,11.531,2.703,75.150,15.289,0.000,0.696,0.136,0.743,200.815,66.778,29.748,23.064,critical_peak,0
site_lpvyddf2dp,26,2024-01-27,6,1,12.898,3.021,72.889,8.410,0.000,0.721,0.113,0.797,164.899,66.761,11.798,17.042,critical_peak,0
site_653fbtaxzy,55,2024-02-25,0,2,18.254,3.292,50.836,9.060,0.000,0.586,0.263,0.567,195.166,78.239,14.448,14.568,flat,0
site_l7o5bnkp2o,27,2024-01-28,0,1,15.667,2.950,79.234,13.382,0.000,0.692,0.149,0.750,156.929,41.083,9.901,25.131,flat,0
site_hv02xi47qd,202,2024-07-21,0,7,10.148,0.644,73.095,18.931,0.000,0.778,0.389,0.637,214.210,80.043,27.199,29.660,time_of_use,1
site_xms2f2z823,145,2024-05-25,6,5,15.299,1.572,59.505,15.892,0.000,0.694,0.431,0.685,204.999,79.185,29.881,16.735,flat,0
site_653fbtaxzy,235,2024-08-23,5,8,8.149,0.933,65.364,10.112,0.000,0.561,0.310,0.464,218.816,72.588,17.957,21.576,flat,0
site_12sjsgd733,214,2024-08-02,5,8,6.749,1.657,73.907,13.342,0.000,0.520,0.103,0.462,185.190,55.477,15.595,20.253,critical_peak,0
site_l7o5bnkp2o,85,2024-03-26,2,3,27.609,3.743,48.440,8.249,0.110,0.602,0.231,0.791,186.645,59.315,15.709,18.694,time_of_use,0
site_12sjsgd733,170,2024-06-19,3,6,14.107,0.849,72.023,16.785,0.000,0.567,0.118,0.324,201.035,68.827,20.009,14.123,critical_peak,0
site_9ueuoqbp8k,77,2024-03-18,1,3,20.539,3.555,67.870,14.309,0.000,0.575,0.322,0.804,173.784,53.973,26.747,30.082,time_of_use,0
site_jby3v59n6p,203,2024-07-22,1,7,9.674,1.712,76.566,11.253,0.000,0.570,0.225,0.496,209.477,71.306,23.336,28.849,time_of_use,0
site_xms2f2z823,122,2024-05-02,4,5,20.571,4.086,60.321,14.715,0.000,0.699,0.348,,195.249,64.695,23.739,12.658,time_of_use,0
site_esvkso5p9a,186,2024-07-05,5,7,10.145,1.980,57.335,4.569,0.843,0.657,0.349,0.910,190.842,73.698,20.629,20.716,critical_peak,0
site_12sjsgd733,209,2024-07-28,0,7,10.040,0.488,74.860,10.373,0.000,0.714,0.015,0.556,178.804,51.201,13.301,26.788,flat,0
site_8ttmv07z34,51,2024-02-21,3,2,19.944,3.975,65.228,15.361,0.000,0.554,0.185,0.577,206.393,61.314,14.132,10.674,critical_peak,0
site_653fbtaxzy,208,2024-07-27,6,7,2.167,1.688,,10.128,0.000,0.733,0.285,0.434,234.782,87.405,18.089,19.047,flat,0
site_xms2f2z823,187,2024-07-06,6,7,11.577,2.305,77.255,10.842,0.000,0.797,0.318,0.530,165.924,70.939,26.975,21.314,critical_peak,0
site_unn79reovm,121,2024-05-01,3,5,24.633,2.347,63.735,3.759,0.000,0.718,0.016,0.328,,76.815,6.327,34.193,time_of_use,0
site_12sjsgd733,0,2024-01-01,1,1,4.483,3.229,61.365,0.269,1.715,0.577,0.140,0.716,205.509,64.979,15.657,24.590,flat,0
site_owpbo6i70y,183,2024-07-02,2,7,5.836,1.818,64.379,9.429,2.012,0.683,0.015,0.691,173.341,52.995,9.048,13.924,time_of_use,0
site_12sjsgd733,83,2024-03-24,0,3,24.899,5.623,51.408,12.885,0.000,0.499,0.015,0.833,149.171,70.028,11.308,27.388,flat,0
site_8a103kt75c,86,2024-03-27,3,3,26.265,4.933,58.149,10.664,0.000,0.656,0.339,0.807,233.720,87.314,26.582,13.470,time_of_use,0
site_l7o5bnkp2o,217,2024-08-05,1,8,8.381,1.842,82.604,8.797,0.000,0.474,0.061,0.532,179.579,55.289,15.983,22.129,flat,0
site_xms2f2z823,23,2024-01-24,3,1,12.717,4.003,77.706,12.202,0.000,0.450,0.521,0.661,184.276,54.322,25.080,27.084,time_of_use,0
site_azlkiez3zd,171,2024-06-20,4,6,11.680,0.128,54.646,11.537,0.000,0.636,0.128,0.688,205.742,59.268,23.699,24.059,flat,0
site_esvkso5p9a,153,2024-06-02,0,6,15.009,2.443,59.452,14.095,0.000,0.644,0.201,0.621,170.410,70.706,21.389,7.724,flat,0
site_pyswc8o9g8,36,2024-02-06,2,2,15.748,3.735,61.309,14.974,0.000,0.696,0.183,0.716,222.775,58.057,19.484,17.554,flat,0
site_unn79reovm,3,2024-01-04,4,1,6.688,2.082,81.663,7.488,0.000,0.490,0.191,0.160,190.089,72.233,14.313,24.560,time_of_use,0
site_q96oxsn6t7,225,2024-08-13,2,8,8.869,2.802,58.637,8.957,0.000,0.690,0.177,0.654,175.081,63.315,15.218,23.856,flat,0
site_wkoe2l3dl1,64,2024-03-05,2,3,20.948,2.940,60.691,10.937,0.000,0.513,0.126,0.700,192.034,60.766,18.033,22.199,flat,0
site_unn79reovm,212,2024-07-31,3,7,11.463,0.466,69.747,7.360,0.000,0.711,0.258,0.400,226.509,72.132,15.174,35.655,time_of_use,0
site_lh13qhdxr8,17,2024-01-18,4,1,10.299,,70.957,15.140,0.000,0.799,0.273,0.898,161.957,74.481,23.567,24.811,critical_peak,0
site_8a103kt75c,74,2024-03-15,5,3,20.868,3.683,67.390,21.489,0.000,0.726,0.263,0.736,214.113,71.289,17.707,24.710,flat,0
site_hv02xi47qd,82,2024-03-23,6,3,24.902,4.196,53.779,7.864,0.000,0.779,0.308,0.771,206.185,63.477,26.062,10.285,flat,0
site_ruqwbu08ys,83,2024-03-24,0,3,24.411,4.658,66.656,8.927,0.000,0.609,0.198,0.584,211.147,73.708,30.202,29.008,flat,0
site_653fbtaxzy,196,2024-07-15,1,7,7.459,0.911,71.707,3.339,0.000,0.723,0.237,0.538,214.244,88.339,14.958,9.368,critical_peak,0
site_8a103kt75c,5,2024-01-06,6,1,12.069,2.414,70.153,14.913,0.921,0.768,0.390,0.750,229.755,70.738,24.506,23.841,time_of_use,0
site_wkoe2l3dl1,74,2024-03-15,5,3,23.882,3.893,58.287,8.569,0.000,0.640,0.160,0.666,194.966,69.718,21.938,19.516,flat,0
site_lpvyddf2dp,9,2024-01-10,3,1,8.680,3.167,59.194,11.390,0.000,0.578,0.193,0.640,202.228,87.297,21.061,27.438,flat,0
site_pyswc8o9g8,122,2024-05-02,4,5,18.650,2.867,61.162,9.289,0.000,0.598,0.040,0.520,,58.570,17.137,24.445,time_of_use,0
site_esvkso5p9a,134,2024-05-14,2,5,20.253,3.559,92.056,14.518,0.000,0.619,0.149,0.889,168.009,74.693,19.202,11.866,critical_peak,0
site_lh13qhdxr8,209,2024-07-28,0,7,4.348,2.326,66.952,11.774,0.000,0.721,0.292,0.772,168.646,65.002,24.403,19.097,flat,0
site_cyoy81mba2,237,2024-08-25,0,8,12.268,3.218,62.102,7.097,0.000,0.751,0.173,0.606,195.761,72.429,16.407,20.115,time_of_use,0
site_8ttmv07z34,23,2024-01-24,3,1,15.271,3.747,64.158,8.269,0.000,0.657,0.136,0.619,211.235,53.420,19.263,18.148,time_of_use,0
site_hv02xi47qd,38,2024-02-08,4,2,14.944,3.943,59.049,12.776,0.000,0.566,0.291,0.980,166.918,70.426,27.482,21.722,flat,0
site_q96oxsn6t7,219,2024-08-07,3,8,7.033,2.565,75.749,8.434,0.000,0.628,0.189,0.659,141.573,,16.210,27.494,time_of_use,0
site_mmvs0z732r,58,2024-02-28,3,2,23.169,2.475,62.749,8.740,0.000,0.566,0.110,0.486,153.818,69.303,20.759,26.146,time_of_use,0
site_wkoe2l3dl1,26,2024-01-27,6,1,12.246,3.005,79.936,8.328,0.000,0.500,0.306,0.650,198.995,55.247,20.822,24.257,critical_peak,0
site_mmvs0z732r,76,2024-03-17,0,3,25.954,3.994,56.758,13.597,0.000,0.691,0.213,0.796,195.413,74.983,16.537,15.913,time_of_use,0
site_jby3v59n6p,139,2024-05-19,0,5,12.732,2.523,62.608,15.018,0.000,0.639,0.143,0.530,219.968,49.670,14.846,25.095,time_of_use,0
site_q96oxsn6t7,158,2024-06-07,5,6,13.489,2.537,66.901,13.515,0.000,0.545,0.154,0.774,,,14.587,26.227,time_of_use,0
site_8ttmv07z34,13,2024-01-14,0,1,12.557,2.692,65.620,10.134,0.000,0.691,0.154,0.519,206.741,75.775,12.203,,time_of_use,0
site_653fbtaxzy,10,2024-01-11,4,1,14.501,3.704,73.171,14.936,0.000,0.682,0.281,0.517,235.394,85.631,18.102,22.856,flat,0
site_pyswc8o9g8,54,2024-02-24,6,2,21.825,4.190,47.953,12.042,0.000,0.642,0.068,0.542,237.373,55.490,15.540,17.971,flat,0
site_pyswc8o9g8,74,2024-03-15,5,3,25.978,4.565,62.302,7.161,0.000,0.603,0.154,0.731,192.020,49.923,30.335,28.021,flat,0
site_l7o5bnkp2o,182,2024-07-01,1,7,8.834,2.121,82.781,8.441,0.000,0.555,0.136,0.470,210.646,61.158,21.774,25.518,flat,0
site_hv02xi47qd,20,2024-01-21,0,1,16.012,2.981,87.512,6.855,0.000,0.708,0.216,0.713,191.605,75.487,11.114,21.111,flat,0
site_azlkiez3zd,132,2024-05-12,0,5,15.132,2.328,66.827,11.602,2.082,0.585,0.228,0.757,198.487,76.691,21.008,21.033,critical_peak,0
site_azlkiez3zd,155,2024-06-04,2,6,10.285,1.400,72.236,12.436,0.000,0.735,0.289,0.539,172.098,84.063,24.072,24.932,flat,0
site_wkoe2l3dl1,150,2024-05-30,4,5,10.993,3.018,60.371,14.377,0.000,0.578,0.143,0.824,188.078,70.113,9.174,27.929,critical_peak,0
site_12sjsgd733,111,2024-04-21,0,4,24.716,3.618,68.768,13.157,0.000,0.690,0.202,0.241,175.639,55.994,13.483,28.286,time_of_use,0
site_mmvs0z732r,33,2024-02-03,6,2,17.940,5.201,67.296,8.408,0.000,0.577,0.032,0.817,197.733,58.689,8.768,37.328,critical_peak,0
site_ruqwbu08ys,116,2024-04-26,5,4,20.082,1.553,70.723,8.825,0.000,0.666,0.259,0.602,191.440,50.125,28.581,17.981,critical_peak,0
site_9ueuoqbp8k,201,2024-07-20,6,7,7.851,1.946,72.692,12.028,0.000,0.772,0.104,0.661,198.253,43.838,20.127,36.054,time_of_use,0
site_8a103kt75c,185,2024-07-04,4,7,9.740,0.481,74.090,9.617,0.000,0.632,0.369,0.451,230.540,75.908,24.580,14.838,time_of_use,0
site_q96oxsn6t7,124,2024-05-04,6,5,20.839,2.573,65.840,8.582,0.000,0.649,0.015,0.724,178.740,64.645,14.231,23.257,critical_peak,0
site_lh13qhdxr8,225,2024-08-13,2,8,,1.333,78.494,9.205,0.891,0.609,0.225,0.526,171.268,66.535,20.227,14.309,flat,0
site_wkoe2l3dl1,72,2024-03-13,3,3,25.998,4.173,59.804,13.964,0.000,0.442,0.376,0.980,214.125,56.538,17.529,23.135,flat,0
site_i72zb352li,213,2024-08-01,4,8,6.123,0.726,84.462,11.415,5.066,0.698,0.279,0.397,229.452,77.893,10.688,16.594,critical_peak,0
site_owpbo6i70y,115,2024-04-25,4,4,22.406,3.611,58.756,13.278,0.000,0.506,0.089,0.621,162.775,56.514,15.972,12.940,critical_peak,0
site_8a103kt75c,172,2024-06-21,5,6,10.066,1.260,82.906,8.378,0.000,0.861,0.261,0.406,228.513,80.001,21.293,35.639,flat,0
site_oqtmdxfv99,42,2024-02-12,1,2,16.430,3.373,61.198,14.778,0.000,0.762,0.027,0.588,173.770,68.495,12.188,21.264,critical_peak,0
site_653fbtaxzy,228,2024-08-16,5,8,6.843,2.107,62.028,11.193,0.000,0.631,0.272,0.575,212.635,72.740,21.124,23.315,time_of_use,0
site_unn79reovm,80,2024-03-21,4,3,24.557,2.348,63.379,17.739,0.000,0.586,0.149,0.435,205.189,70.444,18.299,25.834,critical_peak,0
site_8a103kt75c,194,2024-07-13,6,7,15.486,2.131,84.786,13.998,0.000,0.683,,0.400,219.982,69.082,31.460,15.368,time_of_use,0
site_mmvs0z732r,38,2024-02-08,4,2,17.277,2.734,54.945,10.969,0.000,0.544,0.142,0.938,170.806,64.571,18.948,16.560,flat,0
site_jby3v59n6p,202,2024-07-21,0,7,5.872,0.489,69.131,,0.000,0.579,0.087,0.599,,68.255,14.303,24.822,time_of_use,0
site_owpbo6i70y,195,2024-07-14,0,7,6.885,1.707,80.491,8.055,0.000,0.524,0.015,0.536,171.750,50.889,15.831,16.773,critical_peak,0
site_lh13qhdxr8,66,2024-03-07,4,3,24.260,4.634,53.370,10.314,1.669,0.761,0.249,0.818,175.465,67.096,29.342,15.924,time_of_use,0
site_xms2f2z823,114,2024-04-24,3,4,24.190,3.917,66.681,11.881,0.000,0.659,0.362,0.576,207.528,60.955,27.893,10.577,critical_peak,0
site_i72zb352li,168,2024-06-17,1,6,10.008,1.177,47.364,12.240,0.000,0.709,0.306,0.291,182.572,,13.613,35.982,critical_peak,0
site_8ttmv07z34,214,2024-08-02,5,8,5.273,1.348,87.673,13.400,0.000,0.716,0.122,0.396,187.362,69.741,26.205,31.104,critical_peak,0
site_cyoy81mba2,69,2024-03-10,0,3,20.078,3.164,57.491,8.980,0.000,0.560,0.177,0.770,175.343,62.596,20.491,23.552,critical_peak,0
site_hv02xi47qd,173,2024-06-22,6,6,10.888,1.280,75.377,4.130,0.000,0.643,0.192,0.410,183.341,74.479,17.827,15.916,flat,0
site_12sjsgd733,188,2024-07-07,0,7,3.198,0.050,95.898,19.198,0.000,0.641,0.076,0.301,230.236,80.148,15.817,18.375,critical_peak,0
site_q96oxsn6t7,13,2024-01-14,0,1,10.759,1.800,55.613,6.932,0.000,0.731,0.286,0.875,187.290,55.210,20.615,23.624,time_of_use,0
site_8a103kt75c,193,2024-07-12,5,7,2.261,1.322,64.778,4.612,0.000,0.676,0.176,0.469,225.639,60.997,25.190,12.658,time_of_use,0
site_jby3v59n6p,231,2024-08-19,1,8,8.910,0.827,82.265,16.545,0.000,0.522,0.363,0.294,204.265,68.644,27.358,19.612,critical_peak,0
site_l7o5bnkp2o,57,2024-02-27,2,2,18.036,3.621,46.264,9.438,0.000,0.618,0.414,,189.246,62.713,26.203,16.925,time_of_use,0
site_pyswc8o9g8,136,2024-05-16,4,5,12.141,3.201,58.250,5.552,0.000,,0.070,0.613,214.619,57.758,20.920,18.934,flat,0
site_owpbo6i70y,238,2024-08-26,1,8,11.135,1.865,68.634,10.791,0.000,0.796,0.280,0.744,170.939,70.570,14.996,22.249,time_of_use,0
site_owpbo6i70y,136,2024-05-16,4,5,14.904,2.110,68.302,11.513,0.000,0.617,0.015,0.802,152.478,80.757,4.057,26.146,flat,0
site_ruqwbu08ys,155,2024-06-04,2,6,9.639,0.532,83.649,10.397,0.000,0.495,0.242,0.349,192.716,59.897,14.147,20.606,flat,0
site_lh13qhdxr8,28,2024-01-29,1,1,17.397,4.133,54.778,9.235,0.000,0.472,0.201,0.816,178.919,69.275,26.419,23.279,flat,0
site_oqtmdxfv99,161,2024-06-10,1,6,9.065,1.024,52.680,15.980,0.000,0.628,0.075,0.559,178.891,63.267,21.650,25.237,critical_peak,0
site_unn79reovm,197,2024-07-16,2,7,7.591,1.450,65.450,12.793,0.000,0.648,0.059,0.207,198.486,69.576,13.576,19.504,critical_peak,0
site_lh13qhdxr8,114,2024-04-24,3,4,,3.570,61.461,8.674,1.417,0.479,0.076,0.733,159.251,53.601,15.923,16.242,critical_peak,0
site_jby3v59n6p,154,2024-06-03,1,6,9.683,1.723,67.246,17.062,0.000,0.612,0.302,0.440,246.934,68.446,25.809,22.012,flat,0
site_wkoe2l3dl1,238,2024-08-26,1,8,7.415,1.005,68.361,11.693,0.000,0.564,0.403,0.601,196.987,47.639,24.217,28.031,time_of_use,0
site_i72zb352li,218,2024-08-06,2,8,7.931,1.067,74.938,15.608,0.000,0.648,0.184,0.269,191.974,80.046,18.222,30.452,flat,0
site_jby3v59n6p,117,2024-04-27,6,4,16.817,4.081,68.121,20.550,0.000,0.603,0.177,0.598,185.900,37.789,12.644,16.421,flat,0
site_8ttmv07z34,208,2024-07-27,6,7,7.613,1.869,88.266,2.943,0.000,0.649,0.239,0.640,197.649,70.601,21.303,25.647,flat,0
site_i72zb352li,72,2024-03-13,3,3,23.994,4.638,54.563,12.577,0.000,0.736,0.182,0.613,203.703,83.847,22.895,21.025,flat,1
site_653fbtaxzy,216,2024-08-04,0,8,9.828,1.579,76.038,15.857,0.000,0.671,0.308,0.534,233.815,81.024,19.568,14.604,flat,0
site_lpvyddf2dp,228,2024-08-16,5,8,7.005,2.133,68.416,4.789,0.000,0.660,0.257,0.980,200.567,67.982,25.013,36.568,time_of_use,0
site_owpbo6i70y,201,2024-07-20,6,7,5.372,1.095,73.821,12.053,0.000,0.703,0.141,0.628,173.519,69.772,14.829,21.146,time_of_use,0
site_i72zb352li,17,2024-01-18,4,1,9.123,2.977,77.003,13.576,6.451,0.765,0.187,0.556,193.192,79.491,20.706,23.461,critical_peak,0
site_l7o5bnkp2o,8,2024-01-09,2,1,9.194,2.809,76.300,18.988,1.004,0.611,0.207,0.877,184.454,53.647,15.539,20.363,critical_peak,0
site_i72zb352li,57,2024-02-27,2,2,20.889,5.907,63.727,8.413,0.000,0.603,0.403,0.584,164.272,64.207,21.840,20.639,time_of_use,1
site_lpvyddf2dp,166,2024-06-15,6,6,6.926,1.816,78.217,17.384,0.000,0.749,0.366,0.980,233.323,65.621,27.507,27.036,time_of_use,0
site_mmvs0z732r,105,2024-04-15,1,4,23.842,2.812,78.670,4.255,0.000,0.631,0.052,0.462,178.257,60.586,5.905,18.940,critical_peak,0
site_653fbtaxzy,191,2024-07-10,3,7,8.306,2.129,78.880,14.455,0.000,0.731,0.086,0.640,244.739,76.198,1.949,19.861,flat,1
site_esvkso5p9a,205,2024-07-24,3,7,-1.049,1.436,64.338,6.720,0.000,0.585,0.301,0.722,249.698,69.375,15.791,14.934,critical_peak,0
site_jby3v59n6p,111,2024-04-21,0,4,23.590,4.133,52.583,8.901,0.000,0.578,0.269,0.661,200.060,55.663,20.757,14.265,time_of_use,0
site_cyoy81mba2,58,2024-02-28,3,2,26.224,2.906,51.568,17.155,0.000,0.589,0.015,0.710,196.605,73.225,19.560,23.990,time_of_use,0
site_q96oxsn6t7,37,2024-02-07,3,2,17.500,3.669,70.783,9.901,0.000,0.639,0.015,0.964,167.473,69.335,16.406,21.285,flat,0
site_cyoy81mba2,162,2024-06-11,2,6,13.279,2.256,66.015,16.818,0.000,0.534,0.033,0.563,177.678,59.136,15.042,25.612,flat,0
site_12sjsgd733,194,2024-07-13,6,7,8.913,0.817,77.929,3.950,0.612,0.612,0.050,0.375,195.624,75.144,15.187,26.795,time_of_use,0
site_oqtmdxfv99,98,2024-04-08,1,4,20.152,2.997,64.503,12.200,0.000,0.735,0.030,0.557,167.826,82.207,12.807,24.549,critical_peak,0
site_8a103kt75c,18,2024-01-19,5,1,12.028,2.638,60.730,9.735,0.798,0.712,0.326,0.583,222.659,62.081,25.464,20.107,flat,0
site_hv02xi47qd,161,2024-06-10,1,6,8.569,1.586,70.782,7.777,0.000,0.778,0.199,0.614,169.788,63.824,20.887,22.905,critical_peak,0
site_ruqwbu08ys,168,2024-06-17,1,6,13.471,0.964,61.430,1.558,,0.636,0.241,0.460,194.516,58.803,23.768,24.887,critical_peak,0
site_lpvyddf2dp,153,2024-06-02,0,6,11.178,1.237,71.758,8.586,0.000,0.750,0.246,0.547,206.811,84.497,21.036,34.239,flat,0
site_q96oxsn6t7,3,2024-01-04,4,1,5.358,3.903,64.949,11.662,0.000,0.667,0.144,,203.787,66.592,14.294,21.480,time_of_use,0
site_8ttmv07z34,42,2024-02-12,1,2,16.720,3.101,70.470,16.862,0.701,0.602,0.251,0.399,167.157,65.296,15.137,26.484,critical_peak,0
site_lpvyddf2dp,161,2024-06-10,1,6,10.665,0.539,68.744,13.222,0.000,0.696,0.106,0.698,211.959,79.503,15.957,24.190,critical_peak,0
site_unn79reovm,120,2024-04-30,2,4,22.555,1.134,60.104,15.352,0.000,0.723,0.015,0.411,206.308,,12.287,18.268,time_of_use,0
site_pyswc8o9g8,13,2024-01-14,0,1,9.837,3.277,82.863,6.476,0.000,0.699,0.015,0.815,212.409,65.809,20.189,27.156,time_of_use,0
site_lpvyddf2dp,63,2024-03-04,1,3,21.900,3.374,46.962,5.418,0.000,0.652,0.168,0.819,203.577,64.796,20.537,21.049,flat,0
site_hv02xi47qd,180,2024-06-29,6,6,8.386,0.230,66.226,10.145,8.007,0.735,0.368,0.676,235.295,87.742,21.764,26.925,flat,0
site_owpbo6i70y,217,2024-08-05,1,8,7.659,0.788,73.243,5.842,0.000,0.536,0.155,0.608,178.328,46.759,11.731,24.303,flat,0
site_lh13qhdxr8,169,2024-06-18,2,6,15.386,1.757,73.712,9.652,0.000,0.700,0.268,0.547,182.761,82.615,20.765,24.193,critical_peak,0
site_9ueuoqbp8k,152,2024-06-01,6,6,10.688,1.608,59.434,,0.000,0.590,0.303,0.381,220.247,60.514,25.814,32.575,critical_peak,0
site_oqtmdxfv99,22,2024-01-23,2,1,14.628,3.291,66.493,11.933,0.000,0.770,0.229,0.541,177.641,74.786,12.855,15.048,time_of_use,0
site_8a103kt75c,44,2024-02-14,3,2,22.112,4.323,51.440,11.664,0.000,0.720,0.237,0.727,195.879,80.169,18.596,23.265,critical_peak,0
site_lpvyddf2dp,13,2024-01-14,0,1,14.916,4.282,78.989,11.368,0.000,0.615,0.178,0.817,203.147,,16.924,23.419,time_of_use,1
site_hv02xi47qd,114,2024-04-24,3,4,19.889,2.139,65.002,14.581,0.000,0.604,0.260,0.656,203.857,63.970,29.027,25.223,critical_peak,0
site_esvkso5p9a,103,2024-04-13,6,4,22.089,3.557,53.400,9.227,0.000,0.604,0.109,0.926,178.318,78.487,19.925,17.137,time_of_use,0
site_12sjsgd733,207,2024-07-26,5,7,5.837,1.440,74.791,10.180,2.467,0.551,0.015,0.339,199.028,50.057,10.969,20.996,flat,0
site_pyswc8o9g8,198,2024-07-17,3,7,6.963,0.570,74.316,7.511,0.000,0.730,0.015,0.406,208.185,60.829,14.830,21.581,flat,0
site_l7o5bnkp2o,101,2024-04-11,4,4,24.478,4.406,59.452,6.225,0.000,0.589,0.214,0.559,204.169,77.266,21.877,17.982,flat,0
site_hv02xi47qd,117,2024-04-27,6,4,21.272,3.212,56.081,11.323,0.000,0.676,0.203,0.761,178.217,69.198,18.698,21.972,flat,1
site_pyswc8o9g8,22,2024-01-23,2,1,10.048,2.096,75.304,11.425,2.972,0.654,0.126,0.456,222.852,55.154,17.692,29.880,time_of_use,0
site_cyoy81mba2,89,2024-03-30,6,3,26.598,3.997,53.979,12.489,0.000,0.602,0.177,0.859,196.439,62.923,28.062,21.549,critical_peak,0
site_mmvs0z732r,215,2024-08-03,6,8,5.511,2.235,76.368,9.443,0.406,0.580,0.075,0.750,178.185,78.135,10.945,8.698,critical_peak,0
site_wkoe2l3dl1,30,2024-01-31,3,1,,2.682,65.151,13.030,0.000,0.579,0.371,0.713,207.851,57.229,27.621,22.050,time_of_use,0
site_lpvyddf2dp,41,2024-02-11,0,2,18.012,3.266,79.405,12.533,0.819,0.588,0.226,0.641,169.984,75.686,19.807,22.339,time_of_use,1
site_owpbo6i70y,161,2024-06-10,1,6,8.672,1.658,69.650,12.402,0.000,0.587,0.230,0.592,177.024,64.260,19.433,14.182,critical_peak,0
site_mmvs0z732r,72,2024-03-13,3,3,24.362,5.366,53.248,13.861,0.000,0.640,0.062,0.933,195.813,61.941,10.001,7.332,flat,0
site_hv02xi47qd,109,2024-04-19,5,4,26.992,2.581,59.999,13.587,2.581,0.748,0.220,0.605,219.784,71.370,23.926,14.923,flat,0
site_wkoe2l3dl1,199,2024-07-18,4,7,9.743,1.049,,9.012,0.000,0.603,0.361,0.521,231.102,61.110,23.193,16.222,flat,0
site_ruqwbu08ys,156,2024-06-05,3,6,14.938,1.406,59.838,3.624,0.000,0.627,0.478,0.308,,54.012,23.447,17.250,time_of_use,0
site_lpvyddf2dp,126,2024-05-06,1,5,20.609,2.792,69.242,10.385,0.000,0.556,0.327,0.829,203.905,69.598,14.162,12.676,flat,0
site_pyswc8o9g8,137,2024-05-17,5,5,20.130,2.377,49.030,12.308,0.000,0.761,0.121,0.286,199.488,55.204,17.936,26.565,flat,0
site_oqtmdxfv99,192,2024-07-11,4,7,9.766,0.699,73.303,9.165,0.000,0.692,0.089,0.753,217.930,76.542,15.192,18.906,time_of_use,0
site_xms2f2z823,107,2024-04-17,3,4,22.518,2.105,59.891,4.108,0.000,0.803,0.371,0.541,187.950,79.387,28.627,20.706,critical_peak,0
site_lpvyddf2dp,89,2024-03-30,6,3,26.931,4.051,47.701,16.177,1.008,0.672,0.277,0.596,197.012,66.373,19.581,20.274,critical_peak,0
site_9ueuoqbp8k,170,2024-06-19,3,6,12.585,1.047,88.344,10.808,0.000,0.836,0.263,0.575,199.597,54.468,19.728,31.749,critical_peak,0
site_hv02xi47qd,110,2024-04-20,6,4,27.601,4.263,64.315,7.223,0.000,0.617,0.278,0.862,228.189,66.802,25.849,24.597,flat,0
site_cyoy81mba2,194,2024-07-13,6,7,6.942,2.481,66.594,10.508,0.000,0.652,0.312,0.574,174.090,69.186,19.805,25.230,time_of_use,0
site_xms2f2z823,224,2024-08-12,1,8,7.738,2.746,88.057,11.100,0.000,0.687,0.356,,185.959,77.095,31.548,26.446,critical_peak,0
site_oqtmdxfv99,184,2024-07-03,3,7,6.462,2.220,65.161,10.100,0.000,0.724,0.102,0.572,186.679,61.149,15.222,26.126,time_of_use,0
site_l7o5bnkp2o,150,2024-05-30,4,5,11.089,4.270,74.810,14.998,0.000,0.574,0.314,0.712,191.473,60.138,14.056,19.521,critical_peak,0
site_mmvs0z732r,14,2024-01-15,1,1,8.696,2.241,73.665,10.646,0.000,0.579,0.075,0.605,212.514,63.186,17.030,14.241,time_of_use,0
site_cyoy81mba2,46,2024-02-16,5,2,15.560,4.262,70.810,8.573,0.634,0.571,0.033,0.933,188.989,60.315,6.508,29.036,flat,0
site_azlkiez3zd,158,2024-06-07,5,6,11.091,1.701,68.688,7.638,0.000,0.757,0.321,0.511,198.996,83.935,20.948,28.279,time_of_use,0
site_i72zb352li,46,2024-02-16,5,2,16.752,4.932,55.505,19.187,,0.568,0.265,0.635,171.610,65.693,15.798,27.763,flat,0
site_azlkiez3zd,34,2024-02-04,0,2,17.555,4.011,79.379,12.155,0.000,0.626,0.109,0.791,160.233,73.270,14.880,24.997,critical_peak,1
site_8ttmv07z34,181,2024-06-30,0,6,9.457,1.837,67.875,13.378,0.000,0.701,0.251,0.514,201.028,81.992,23.281,18.897,flat,0
site_lh13qhdxr8,74,2024-03-15,5,3,30.793,3.895,48.245,13.779,0.000,0.557,0.220,0.763,170.439,63.732,24.366,16.741,flat,0
site_mmvs0z732r,69,2024-03-10,0,3,25.048,3.522,64.216,10.960,0.000,0.550,0.049,0.794,174.467,57.739,8.334,16.292,critical_peak,0
site_9ueuoqbp8k,139,2024-05-19,0,5,17.070,2.675,92.164,6.823,0.697,0.651,0.109,0.729,177.502,61.696,26.500,31.867,time_of_use,0
site_mmvs0z732r,29,2024-01-30,2,1,14.430,3.112,70.410,14.608,0.000,0.562,0.015,0.823,203.335,58.585,11.158,14.313,flat,0
site_hv02xi47qd,100,2024-04-10,3,4,24.803,3.738,57.892,11.566,0.000,0.812,0.329,0.648,224.907,71.847,26.463,21.018,flat,1
site_12sjsgd733,64,2024-03-05,2,3,29.074,3.644,57.655,15.838,0.226,0.660,0.015,0.645,197.739,60.804,14.252,17.206,flat,0
site_l7o5bnkp2o,47,2024-02-17,6,2,,2.101,61.762,11.186,0.000,0.697,0.370,0.625,209.778,58.898,23.837,15.033,flat,0
site_wb8fh6amr3,18,2024-01-19,5,1,14.165,3.508,67.544,13.096,0.000,0.643,0.365,0.703,182.583,73.572,25.926,27.364,flat,0
site_i72zb352li,216,2024-08-04,0,8,10.818,1.900,63.310,15.285,0.000,0.649,0.356,0.307,185.163,58.003,13.669,22.072,flat,0
site_unn79reovm,143,2024-05-23,4,5,16.427,1.956,67.405,13.146,0.000,0.679,0.015,0.456,173.524,74.080,11.247,27.109,critical_peak,0
site_9ueuoqbp8k,231,2024-08-19,1,8,12.163,1.568,69.931,7.461,0.000,0.669,0.319,0.577,158.644,65.834,8.670,22.670,critical_peak,0
site_cyoy81mba2,3,2024-01-04,4,1,8.007,3.875,69.872,15.835,0.000,0.713,0.171,0.682,191.660,67.288,19.606,30.832,time_of_use,0
site_azlkiez3zd,105,2024-04-15,1,4,24.116,4.539,62.048,6.472,0.000,0.668,0.037,0.669,185.992,78.002,15.506,33.887,critical_peak,0
site_9ueuoqbp8k,174,2024-06-23,0,6,,2.356,82.440,12.996,0.000,0.649,0.201,0.531,196.515,50.265,22.861,21.820,time_of_use,0
site_owpbo6i70y,192,2024-07-11,4,7,3.781,1.101,77.119,3.438,0.000,0.703,0.134,0.511,172.480,78.210,19.755,24.492,time_of_use,0
site_hv02xi47qd,150,2024-05-30,4,5,13.266,3.097,66.510,11.033,0.000,0.737,0.179,0.654,214.323,72.887,18.549,16.083,critical_peak,0
site_pyswc8o9g8,180,2024-06-29,6,6,2.434,0.050,63.536,9.957,0.000,0.689,0.106,0.130,216.727,70.395,15.304,15.255,flat,0
site_mmvs0z732r,106,2024-04-16,2,4,22.328,3.740,64.437,16.800,0.000,0.609,0.015,0.732,190.141,74.547,14.067,16.522,critical_peak,0
site_l7o5bnkp2o,3,2024-01-04,4,1,8.141,2.059,76.840,5.004,0.000,0.592,0.283,0.691,183.575,51.884,27.269,19.427,time_of_use,0
site_jby3v59n6p,109,2024-04-19,5,4,21.068,2.742,64.967,5.966,0.000,0.614,0.015,0.608,164.908,59.306,9.504,26.426,flat,0
site_pyswc8o9g8,227,2024-08-15,4,8,12.774,0.810,60.560,20.922,0.000,0.683,0.164,0.718,207.649,44.535,17.221,8.939,flat,0
site_xms2f2z823,235,2024-08-23,5,8,9.260,1.856,64.052,11.292,0.000,0.661,,0.741,217.427,68.862,27.007,20.323,flat,0
site_i72zb352li,53,2024-02-23,5,2,20.886,5.098,54.920,20.231,0.000,0.780,0.323,0.625,177.941,77.095,19.844,23.298,critical_peak,0
site_i72zb352li,172,2024-06-21,5,6,12.403,1.201,70.816,9.096,0.000,0.654,0.263,0.558,203.332,68.692,10.390,25.441,flat,0
site_lpvyddf2dp,102,2024-04-12,5,4,24.086,3.900,61.516,14.660,2.275,0.578,0.152,0.980,208.331,72.296,23.422,21.208,time_of_use,0
site_cyoy81mba2,150,2024-05-30,4,5,12.110,2.547,66.294,9.863,0.000,0.656,0.221,0.775,190.066,46.266,23.687,29.791,critical_peak,0
site_lh13qhdxr8,186,2024-07-05,5,7,6.734,1.709,64.992,2.899,0.000,0.607,0.241,0.678,167.737,51.131,30.978,19.748,critical_peak,0
site_hv02xi47qd,171,2024-06-20,4,6,12.170,2.015,,14.706,0.000,0.661,0.241,0.633,196.370,45.991,27.715,32.367,flat,0
site_wb8fh6amr3,181,2024-06-30,0,6,8.993,1.264,85.972,2.963,0.000,0.659,0.266,0.678,201.618,77.492,28.157,19.059,flat,0
site_esvkso5p9a,73,2024-03-14,4,3,28.864,4.355,62.292,10.737,0.000,0.574,0.195,0.798,222.692,68.110,13.312,19.540,flat,0
site_pyswc8o9g8,7,2024-01-08,1,1,6.463,1.652,69.089,10.339,0.000,0.658,0.081,0.686,215.126,52.067,19.928,14.110,critical_peak,0
site_wb8fh6amr3,215,2024-08-03,6,8,9.171,2.370,81.398,5.300,0.000,0.667,0.376,0.541,209.727,79.862,26.885,20.261,critical_peak,0
site_esvkso5p9a,22,2024-01-23,2,1,9.988,2.858,67.204,7.541,0.000,0.650,0.203,,186.005,73.087,17.396,11.227,time_of_use,0
site_ruqwbu08ys,29,2024-01-30,2,1,11.701,2.732,55.669,16.322,0.000,0.585,0.188,0.574,188.108,68.456,17.868,13.377,flat,0
site_12sjsgd733,189,2024-07-08,1,7,,1.057,77.991,5.568,0.000,0.474,0.015,0.391,213.095,70.723,12.453,11.912,flat,0
site_i72zb352li,142,2024-05-22,3,5,12.347,1.892,63.733,12.121,0.267,0.740,0.306,0.478,215.904,71.222,22.585,21.487,critical_peak,0
site_hv02xi47qd,79,2024-03-20,3,3,27.606,3.837,67.735,,0.000,0.745,0.205,0.774,192.410,76.767,23.916,23.984,critical_peak,0
site_12sjsgd733,74,2024-03-15,5,3,26.931,5.443,62.520,12.295,0.000,0.620,0.092,0.487,211.757,69.680,9.882,19.434,flat,1
site_8ttmv07z34,88,2024-03-29,5,3,21.488,3.503,59.316,15.578,1.463,0.426,0.103,0.504,177.653,48.373,28.530,21.680,critical_peak,0
site_9ueuoqbp8k,175,2024-06-24,1,6,9.030,1.517,85.013,1.841,0.000,0.733,0.269,0.199,195.112,57.158,14.814,30.803,time_of_use,0
site_owpbo6i70y,119,2024-04-29,1,4,20.205,2.670,66.165,8.897,0.000,0.720,0.116,0.515,181.971,63.808,16.358,25.987,flat,0
site_jby3v59n6p,189,2024-07-08,1,7,11.945,0.810,74.462,7.271,0.000,0.570,0.161,0.535,182.702,72.162,16.035,17.184,flat,0
site_pyswc8o9g8,236,2024-08-24,6,8,6.959,2.962,90.351,7.136,0.000,0.674,0.205,0.715,232.033,70.637,16.563,10.215,flat,0
site_hv02xi47qd,224,2024-08-12,1,8,10.118,2.239,77.205,7.518,0.000,0.784,0.335,0.577,205.132,78.185,32.416,26.923,critical_peak,0
site_jby3v59n6p,68,2024-03-09,6,3,24.392,3.756,61.342,9.370,0.000,0.720,0.456,0.746,213.749,65.865,28.233,26.068,time_of_use,0
site_unn79reovm,179,2024-06-28,5,6,12.632,1.079,52.494,10.308,0.000,0.765,0.167,0.199,210.167,83.174,14.677,26.020,critical_peak,0
site_l7o5bnkp2o,167,2024-06-16,0,6,11.933,2.075,72.778,12.369,0.000,0.540,0.179,0.705,214.064,41.770,22.994,18.416,time_of_use,0
site_8a103kt75c,190,2024-07-09,2,7,,1.865,70.379,10.501,0.000,0.724,0.562,0.351,216.381,100.154,27.330,18.620,flat,0
site_i72zb352li,41,2024-02-11,0,2,19.092,2.970,61.254,17.005,0.000,0.688,0.361,0.532,203.277,68.639,14.968,26.001,time_of_use,0
site_pyswc8o9g8,182,2024-07-01,1,7,9.405,1.576,57.861,7.823,9.426,,0.189,0.601,250.452,63.049,21.297,18.933,flat,0
site_wb8fh6amr3,11,2024-01-12,5,1,7.186,2.402,67.267,14.295,0.000,0.738,0.267,0.840,225.288,65.828,27.150,20.948,flat,0
site_lh13qhdxr8,202,2024-07-21,0,7,,2.548,68.329,13.202,0.000,0.633,0.247,0.952,170.351,69.144,21.711,16.837,time_of_use,0
site_cyoy81mba2,50,2024-02-20,2,2,21.943,4.151,60.226,9.228,0.000,0.606,0.257,0.648,209.955,74.074,25.485,33.360,time_of_use,0
site_8a103kt75c,180,2024-06-29,6,6,8.626,0.806,71.445,7.177,1.038,0.761,0.591,0.399,229.275,86.261,26.131,23.331,flat,0
site_xms2f2z823,161,2024-06-10,1,6,8.222,1.700,54.951,10.014,0.000,0.706,0.215,0.475,176.082,63.642,21.784,15.136,critical_peak,0
site_xms2f2z823,121,2024-05-01,3,5,22.195,3.724,63.121,3.381,0.000,0.762,0.334,0.711,199.961,69.710,19.825,23.406,time_of_use,0
site_9ueuoqbp8k,191,2024-07-10,3,7,5.922,1.239,77.443,6.257,0.000,0.688,0.237,0.465,197.944,68.237,24.522,26.281,flat,0
site_8a103kt75c,125,2024-05-05,0,5,19.103,2.963,56.795,13.634,0.000,0.689,0.361,0.386,209.090,73.058,24.303,19.396,critical_peak,0
site_pyswc8o9g8,28,2024-01-29,1,1,11.228,2.495,61.026,10.882,0.000,0.620,0.087,0.523,207.924,61.224,13.598,25.817,flat,0
site_cyoy81mba2,152,2024-06-01,6,6,15.418,2.249,66.463,8.997,2.617,0.617,0.209,0.557,156.746,82.532,19.847,27.898,critical_peak,0
site_oqtmdxfv99,9,2024-01-10,3,1,8.622,3.075,69.056,14.063,0.000,0.767,0.103,0.502,177.203,74.916,21.251,37.445,flat,0
site_lpvyddf2dp,230,2024-08-18,0,8,7.484,2.819,72.641,7.872,0.000,0.632,0.140,0.610,240.763,66.202,15.568,27.430,time_of_use,0
site_esvkso5p9a,50,2024-02-20,2,2,26.662,3.834,67.110,13.500,0.000,0.619,0.230,0.980,189.663,87.516,19.456,24.613,time_of_use,0
site_hv02xi47qd,194,2024-07-13,6,7,4.247,1.374,65.227,14.612,0.000,0.692,0.347,0.344,226.459,59.842,30.014,29.450,time_of_use,0
site_12sjsgd733,11,2024-01-12,5,1,6.448,2.319,72.039,8.933,0.000,0.608,0.140,0.525,223.067,47.758,12.325,17.041,flat,0
site_8a103kt75c,4,2024-01-05,5,1,9.397,3.825,60.004,12.122,0.000,0.845,0.304,0.737,192.960,79.873,24.556,20.544,time_of_use,0
site_oqtmdxfv99,94,2024-04-04,4,4,,4.047,54.631,4.190,0.000,0.480,0.179,0.613,219.883,72.469,20.906,21.543,time_of_use,0
site_9ueuoqbp8k,104,2024-04-14,0,4,25.042,3.041,67.565,9.221,0.000,0.566,0.316,0.513,174.430,53.388,18.900,22.299,time_of_use,1
site_owpbo6i70y,147,2024-05-27,1,5,12.754,1.703,74.192,8.438,0.000,0.615,0.027,0.622,160.720,55.893,,19.831,time_of_use,0
site_wb8fh6amr3,222,2024-08-10,6,8,11.655,2.476,66.789,13.641,0.000,0.486,0.337,0.542,168.446,53.241,29.241,14.563,critical_peak,0
site_jby3v59n6p,18,2024-01-19,5,1,12.304,2.427,84.809,16.144,0.000,0.751,0.290,0.536,188.710,55.585,19.299,19.559,flat,0
site_jby3v59n6p,167,2024-06-16,0,6,8.854,2.124,84.954,3.075,0.000,0.548,0.416,0.416,214.009,65.766,22.817,29.262,time_of_use,0
site_ruqwbu08ys,149,2024-05-29,3,5,11.845,2.966,73.180,7.734,0.000,0.596,0.158,0.825,219.930,60.545,14.253,23.072,time_of_use,0
site_q96oxsn6t7,70,2024-03-11,1,3,20.828,3.761,52.458,6.304,0.000,0.593,0.248,0.785,187.126,78.906,21.458,30.956,critical_peak,0
site_esvkso5p9a,12,2024-01-13,6,1,9.217,3.320,69.121,12.038,0.000,0.755,0.083,0.715,193.119,81.347,11.820,22.137,time_of_use,0
site_8a103kt75c,21,2024-01-22,1,1,16.231,4.665,61.479,12.404,0.000,0.735,0.339,0.805,195.778,81.454,15.365,12.826,time_of_use,0
site_hv02xi47qd,129,2024-05-09,4,5,18.306,4.827,51.446,11.135,1.996,0.625,0.190,0.958,185.061,75.732,16.210,20.050,time_of_use,0
site_azlkiez3zd,3,2024-01-04,4,1,9.828,2.634,71.242,12.280,0.000,0.758,0.260,0.757,177.637,78.325,31.303,25.828,time_of_use,0
site_jby3v59n6p,223,2024-08-11,0,8,10.953,1.673,67.065,17.864,0.000,0.663,0.310,0.309,221.769,54.083,13.635,22.959,critical_peak,0
site_9ueuoqbp8k,79,2024-03-20,3,3,24.856,3.720,51.843,7.058,0.000,0.719,0.362,,214.070,51.076,36.048,19.613,critical_peak,0
site_unn79reovm,173,2024-06-22,6,6,11.546,1.144,72.538,13.637,0.000,0.556,,0.566,208.742,85.040,15.187,28.406,flat,0
site_653fbtaxzy,79,2024-03-20,3,3,25.613,4.667,61.741,16.364,0.000,0.688,0.228,0.570,218.518,86.006,15.780,26.714,critical_peak,0
site_9ueuoqbp8k,63,2024-03-04,1,3,24.064,4.134,66.863,1.553,0.000,0.593,0.223,0.642,167.091,64.468,29.806,33.549,flat,0
site_lpvyddf2dp,3,2024-01-04,4,1,7.661,2.603,68.831,11.073,0.000,0.661,0.261,0.719,202.279,60.740,23.772,29.881,time_of_use,0
site_8ttmv07z34,234,2024-08-22,4,8,6.146,1.256,83.751,16.266,0.000,0.630,0.147,0.448,179.551,65.992,10.065,20.079,flat,0
site_lpvyddf2dp,22,2024-01-23,2,1,16.000,4.071,57.609,16.912,0.000,0.589,0.321,0.874,190.933,71.708,29.044,23.960,time_of_use,0
site_653fbtaxzy,92,2024-04-02,2,4,25.967,4.240,59.398,14.319,0.000,0.688,0.384,0.582,197.016,69.228,23.318,14.118,flat,0
site_hv02xi47qd,7,2024-01-08,1,1,11.012,3.185,71.600,3.173,0.000,0.780,0.204,0.639,172.364,85.462,22.892,19.156,critical_peak,0
site_azlkiez3zd,101,2024-04-11,4,4,27.726,4.546,53.734,18.248,0.000,0.644,,0.832,187.681,93.907,26.866,24.586,flat,0
site_owpbo6i70y,89,2024-03-30,6,3,25.482,2.260,63.613,7.580,0.000,0.788,0.218,0.783,209.555,69.881,18.761,22.542,critical_peak,0
site_mmvs0z732r,27,2024-01-28,0,1,17.980,3.443,60.070,,0.000,0.691,0.015,0.626,166.654,59.175,14.555,18.768,flat,0
site_unn79reovm,61,2024-03-02,6,3,22.578,3.957,72.873,12.957,0.000,0.749,0.213,0.417,197.733,76.111,19.582,29.446,critical_peak,0
site_mmvs0z732r,110,2024-04-20,6,4,22.141,3.543,56.757,6.070,0.000,0.483,0.163,0.719,182.893,68.925,15.128,30.238,flat,0
site_wb8fh6amr3,46,2024-02-16,5,2,22.461,4.707,68.874,18.238,0.000,0.671,0.124,0.697,197.033,75.925,21.988,22.144,flat,0
site_ruqwbu08ys,233,2024-08-21,3,8,7.986,3.035,87.581,8.878,0.000,0.675,0.240,0.442,262.578,53.448,25.885,14.754,critical_peak,0
site_ruqwbu08ys,48,2024-02-18,0,2,21.237,3.860,70.176,13.091,0.000,0.649,0.298,0.742,194.563,66.170,24.244,13.937,time_of_use,0
site_oqtmdxfv99,4,2024-01-05,5,1,6.987,2.508,79.301,13.195,0.000,0.753,0.093,0.759,175.205,73.691,15.626,20.623,time_of_use,1
site_i72zb352li,93,2024-04-03,3,4,26.581,3.881,53.842,11.851,0.000,0.699,0.317,0.499,213.719,70.956,17.717,31.729,time_of_use,0
site_cyoy81mba2,70,2024-03-11,1,3,20.082,4.789,64.799,11.313,0.000,0.634,0.096,0.907,174.236,63.427,21.680,13.381,critical_peak,0
site_unn79reovm,83,2024-03-24,0,3,29.123,5.484,56.035,12.071,0.000,0.636,0.032,0.538,190.138,,,25.616,flat,0
site_12sjsgd733,152,2024-06-01,6,6,15.039,1.846,74.432,8.781,0.748,0.635,0.166,0.181,208.469,50.664,11.388,16.451,critical_peak,0
site_l7o5bnkp2o,7,2024-01-08,1,1,4.844,1.836,80.503,15.316,0.000,0.657,0.227,0.649,196.946,52.848,14.380,19.725,critical_peak,0
site_8ttmv07z34,92,2024-04-02,2,4,27.788,3.020,,11.352,0.000,0.476,0.104,0.641,176.230,56.339,26.514,34.708,flat,0
site_cyoy81mba2,59,2024-02-29,4,2,18.810,3.066,56.890,8.836,0.000,0.666,0.176,0.717,175.060,57.117,23.747,26.623,time_of_use,0
site_9ueuoqbp8k,205,2024-07-24,3,7,4.070,0.988,77.535,12.303,0.000,0.610,0.315,0.491,208.127,63.046,30.825,24.670,critical_peak,0
site_azlkiez3zd,18,2024-01-19,5,1,12.717,3.707,67.591,14.007,0.000,0.665,0.205,0.753,172.631,81.099,13.520,25.105,flat,0
site_pyswc8o9g8,192,2024-07-11,4,7,7.740,2.227,75.191,4.902,0.000,0.649,0.080,0.739,207.616,,7.448,18.033,time_of_use,0
site_unn79reovm,15,2024-01-16,2,1,14.262,3.619,63.228,10.765,0.000,0.756,0.148,0.473,195.278,78.116,12.928,15.810,critical_peak,0
site_esvkso5p9a,96,2024-04-06,6,4,29.327,4.375,57.317,11.636,0.000,0.716,0.104,0.980,,,22.066,12.074,critical_peak,0
site_wkoe2l3dl1,157,2024-06-06,4,6,8.822,1.953,72.025,14.961,0.000,0.740,0.357,0.483,212.020,51.317,22.858,28.234,time_of_use,0
site_owpbo6i70y,154,2024-06-03,1,6,12.838,2.211,62.977,5.217,0.000,0.771,0.107,0.511,172.749,77.394,12.348,20.679,flat,0
site_esvkso5p9a,151,2024-05-31,5,5,10.306,2.554,72.128,12.687,0.000,0.779,0.177,0.907,189.193,83.378,16.389,24.704,critical_peak,0
site_hv02xi47qd,162,2024-06-11,2,6,7.722,2.266,,15.820,0.000,0.768,0.206,0.764,199.393,72.046,23.418,26.493,flat,0
site_pyswc8o9g8,204,2024-07-23,2,7,7.990,1.518,72.651,,0.000,0.700,0.072,0.381,241.719,54.482,15.900,20.322,critical_peak,0
site_azlkiez3zd,107,2024-04-17,3,4,29.200,2.832,53.168,9.327,0.000,0.639,0.207,0.891,183.688,60.714,26.015,23.770,critical_peak,0
site_hv02xi47qd,54,2024-02-24,6,2,24.515,3.469,65.307,7.559,0.000,0.740,0.361,0.799,216.580,77.367,20.171,19.578,flat,0
site_ruqwbu08ys,53,2024-02-23,5,2,21.380,3.694,55.251,14.994,0.000,0.669,0.176,0.640,223.487,60.792,19.289,21.711,critical_peak,0
site_l7o5bnkp2o,134,2024-05-14,2,5,15.580,2.921,57.273,10.981,0.000,0.697,0.240,0.745,192.985,51.036,22.489,17.873,critical_peak,0
site_lpvyddf2dp,44,2024-02-14,3,2,19.462,2.962,46.907,14.669,1.305,0.679,,0.801,178.438,66.166,26.458,24.100,critical_peak,0
site_jby3v59n6p,77,2024-03-18,1,3,22.613,5.001,59.753,11.285,0.000,0.555,0.135,0.733,190.627,68.271,22.081,21.596,time_of_use,0
site_mmvs0z732r,55,2024-02-25,0,2,23.366,4.229,55.295,9.247,0.000,0.682,0.321,0.678,188.204,58.978,25.860,28.991,flat,0
site_653fbtaxzy,104,2024-04-14,0,4,26.408,3.929,56.319,8.032,0.000,0.659,0.252,0.773,223.417,84.605,16.909,19.666,time_of_use,0
site_cyoy81mba2,231,2024-08-19,1,8,8.083,1.370,78.417,14.864,0.000,0.586,0.150,0.555,190.443,63.538,22.513,18.703,critical_peak,0
site_ruqwbu08ys,215,2024-08-03,6,8,0.530,1.383,63.727,10.666,,0.662,0.206,0.463,208.200,75.342,21.194,11.541,critical_peak,0
site_pyswc8o9g8,65,2024-03-06,3,3,21.272,4.723,57.680,17.864,0.000,0.626,0.090,0.775,215.327,53.639,12.911,27.149,flat,0
site_653fbtaxzy,8,2024-01-09,2,1,9.989,2.282,81.224,9.236,0.000,0.899,0.281,0.280,207.851,93.233,13.154,23.801,critical_peak,0
site_lh13qhdxr8,44,2024-02-14,3,2,21.139,3.444,51.693,7.877,0.000,0.545,0.253,0.980,177.410,75.755,21.246,10.315,critical_peak,0
site_oqtmdxfv99,189,2024-07-08,1,7,6.045,1.149,69.111,4.285,0.000,0.728,0.071,0.762,234.693,78.094,7.335,24.550,flat,0
site_l7o5bnkp2o,119,2024-04-29,1,4,17.396,3.914,58.584,5.789,0.000,0.535,0.280,0.770,202.603,40.748,23.126,22.125,flat,0
site_8ttmv07z34,192,2024-07-11,4,7,4.368,3.370,69.319,11.611,0.403,0.544,0.240,0.462,163.192,54.606,21.683,27.113,time_of_use,0
site_unn79reovm,13,2024-01-14,0,1,10.626,2.849,62.403,5.565,0.000,0.729,0.195,0.499,229.797,80.699,17.511,13.126,time_of_use,0
site_q96oxsn6t7,186,2024-07-05,5,7,4.267,0.895,80.259,8.031,0.000,0.584,0.138,0.797,196.604,54.937,19.065,22.528,critical_peak,0
site_owpbo6i70y,204,2024-07-23,2,7,2.531,1.582,83.221,10.164,0.000,0.641,0.042,0.569,171.351,64.619,12.891,19.202,critical_peak,0
site_q96oxsn6t7,140,2024-05-20,1,5,16.034,2.008,60.078,7.502,4.195,0.666,0.089,0.666,194.009,66.633,,16.731,time_of_use,0
site_xms2f2z823,155,2024-06-04,2,6,12.148,1.319,74.608,6.877,3.793,0.715,0.382,0.474,199.238,65.922,29.032,26.721,flat,0
site_ruqwbu08ys,61,2024-03-02,6,3,23.703,3.414,57.290,12.323,0.000,0.620,0.058,0.729,183.990,72.747,15.575,22.499,critical_peak,0
site_xms2f2z823,181,2024-06-30,0,6,8.635,0.050,72.761,6.883,0.000,0.566,0.422,0.349,221.645,56.201,28.513,22.333,flat,0
site_9ueuoqbp8k,147,2024-05-27,1,5,12.916,1.973,59.036,10.550,0.000,0.629,0.331,0.515,209.189,35.557,21.648,21.122,time_of_use,0
site_mmvs0z732r,166,2024-06-15,6,6,10.007,1.477,,17.301,0.000,0.548,0.154,0.471,199.804,65.908,14.194,31.352,time_of_use,1
site_ruqwbu08ys,219,2024-08-07,3,8,7.244,1.744,75.605,6.363,0.000,0.499,0.184,0.496,189.873,44.867,22.685,22.295,time_of_use,0
site_12sjsgd733,135,2024-05-15,3,5,19.173,3.096,75.631,9.072,0.000,0.581,0.015,0.689,183.590,69.357,4.197,13.104,flat,0
site_i72zb352li,234,2024-08-22,4,8,5.351,1.990,73.553,6.708,0.000,0.691,0.406,0.484,216.134,76.776,22.368,35.462,flat,0
site_mmvs0z732r,124,2024-05-04,6,5,21.540,3.407,56.960,1.264,0.000,0.563,,0.867,168.601,70.491,18.547,29.969,critical_peak,0
site_oqtmdxfv99,3,2024-01-04,4,1,8.089,2.364,77.045,16.153,0.000,0.746,0.015,0.555,198.046,63.921,8.698,18.523,time_of_use,0
site_hv02xi47qd,186,2024-07-05,5,7,10.377,2.221,82.531,13.305,0.324,0.642,0.156,0.729,179.615,85.129,19.152,24.029,critical_peak,0
site_wb8fh6amr3,127,2024-05-07,2,5,22.571,2.211,47.912,11.477,0.000,0.625,0.372,0.387,179.490,68.301,19.928,23.266,flat,0
site_12sjsgd733,163,2024-06-12,3,6,9.030,1.572,73.299,13.651,3.242,0.624,0.100,0.561,169.070,74.383,13.665,18.255,flat,0
site_owpbo6i70y,226,2024-08-14,3,8,5.967,1.754,78.528,10.982,0.000,0.711,0.110,0.504,203.043,79.735,13.713,21.932,flat,0
site_pyswc8o9g8,223,2024-08-11,0,8,4.293,0.975,79.005,2.886,0.000,0.685,0.105,0.485,240.881,57.900,17.926,26.737,critical_peak,0
site_azlkiez3zd,218,2024-08-06,2,8,7.859,2.798,89.439,8.677,0.000,0.710,0.119,0.661,177.635,73.036,22.659,20.897,flat,0
site_hv02xi47qd,166,2024-06-15,6,6,12.233,1.841,64.353,5.008,4.295,,0.121,0.574,195.786,69.643,25.423,30.502,time_of_use,0
site_wkoe2l3dl1,102,2024-04-12,5,4,24.361,3.275,75.199,16.972,,0.701,0.069,0.716,177.331,73.456,21.102,31.336,time_of_use,1
site_653fbtaxzy,134,2024-05-14,2,5,18.105,3.257,51.886,8.978,0.000,0.707,0.312,0.670,180.976,83.028,23.522,16.778,critical_peak,0
site_lh13qhdxr8,32,2024-02-02,5,2,13.078,3.505,72.933,13.870,0.000,0.760,0.019,0.606,176.491,71.863,14.443,21.231,time_of_use,0
site_8ttmv07z34,144,2024-05-24,5,5,10.973,2.303,63.968,4.777,0.000,0.632,0.125,0.348,166.344,59.520,21.614,19.384,flat,0
site_q96oxsn6t7,8,2024-01-09,2,1,9.852,1.914,70.776,7.777,0.000,0.598,0.015,0.748,173.312,64.130,8.999,25.307,critical_peak,0
site_esvkso5p9a,147,2024-05-27,1,5,13.407,1.320,57.392,10.447,0.000,0.729,0.168,0.547,164.281,62.978,18.786,22.462,time_of_use,0
site_ruqwbu08ys,15,2024-01-16,2,1,16.318,2.903,57.019,11.307,0.000,0.565,0.288,0.556,193.677,63.172,17.117,,critical_peak,0
site_8a103kt75c,36,2024-02-06,2,2,19.884,3.640,51.799,3.949,0.000,0.781,0.393,0.617,196.631,80.205,25.949,14.188,flat,0
site_pyswc8o9g8,114,2024-04-24,3,4,21.786,5.085,63.179,17.201,0.000,,0.210,0.823,188.469,58.781,22.702,21.438,critical_peak,0
site_esvkso5p9a,198,2024-07-17,3,7,5.140,1.723,77.072,5.208,0.000,0.801,0.194,0.977,228.608,64.950,13.749,24.987,flat,0
site_wkoe2l3dl1,191,2024-07-10,3,7,6.026,0.980,68.534,12.992,0.000,0.786,0.255,0.543,210.557,72.718,23.832,21.418,flat,0
site_oqtmdxfv99,68,2024-03-09,6,3,24.821,2.949,66.979,5.005,0.000,0.677,0.122,0.506,174.556,76.626,21.295,29.805,time_of_use,0
site_lpvyddf2dp,79,2024-03-20,3,3,23.392,,68.478,7.393,0.000,0.520,0.281,0.665,171.823,73.143,33.214,29.424,critical_peak,0
site_l7o5bnkp2o,202,2024-07-21,0,7,8.100,1.670,71.687,12.330,0.000,0.597,0.358,0.733,194.656,54.641,24.981,22.443,time_of_use,0
site_oqtmdxfv99,103,2024-04-13,6,4,23.055,2.112,57.432,15.678,0.000,0.540,0.123,0.705,223.705,64.274,15.713,25.687,time_of_use,0
site_wb8fh6amr3,5,2024-01-06,6,1,7.350,2.777,79.457,14.802,0.000,0.643,0.393,0.886,170.292,67.051,22.084,26.035,time_of_use,0
site_cyoy81mba2,83,2024-03-24,0,3,21.152,3.835,56.791,11.962,0.000,0.680,0.081,0.924,149.177,64.671,6.406,19.330,flat,0
site_oqtmdxfv99,115,2024-04-25,4,4,23.905,3.185,71.262,10.323,0.000,0.632,0.249,0.609,174.739,69.752,17.186,,critical_peak,0
site_cyoy81mba2,191,2024-07-10,3,7,10.726,0.441,,21.660,0.000,0.594,0.155,0.403,214.435,72.839,28.059,26.841,flat,0
site_xms2f2z823,14,2024-01-15,1,1,10.766,1.888,64.353,15.606,0.000,0.640,0.209,0.374,155.789,67.446,21.761,20.656,time_of_use,0
site_lh13qhdxr8,128,2024-05-08,3,5,21.568,4.135,54.426,16.237,0.000,0.560,0.206,0.657,194.849,77.073,22.579,15.354,flat,0
site_xms2f2z823,99,2024-04-09,2,4,23.631,3.732,64.294,0.200,0.000,0.677,0.254,0.426,144.019,62.345,23.080,27.323,flat,0
site_lpvyddf2dp,198,2024-07-17,3,7,5.383,0.077,70.859,14.248,2.842,0.658,0.259,0.699,199.574,75.537,25.094,17.363,flat,0
site_xms2f2z823,28,2024-01-29,1,1,12.418,3.701,66.931,11.769,0.000,0.688,0.290,,192.888,95.145,23.778,15.925,flat,0
site_unn79reovm,33,2024-02-03,6,2,21.989,3.558,56.745,10.036,0.000,0.614,0.024,0.561,213.749,67.999,9.918,23.648,critical_peak,0
site_xms2f2z823,201,2024-07-20,6,7,11.639,1.619,74.966,15.623,0.000,0.673,0.450,0.472,186.578,51.770,25.373,17.587,time_of_use,0
site_mmvs0z732r,208,2024-07-27,6,7,1.465,1.223,77.231,17.212,0.000,0.551,0.214,0.559,179.257,75.274,23.582,24.260,flat,0
site_l7o5bnkp2o,145,2024-05-25,6,5,14.135,1.724,77.620,15.122,0.000,0.676,0.330,0.689,166.952,62.517,20.534,23.381,flat,0
site_pyswc8o9g8,45,2024-02-15,4,2,21.162,4.079,71.801,9.628,0.000,0.523,0.282,0.636,212.321,58.160,19.355,15.826,flat,0
site_q96oxsn6t7,232,2024-08-20,2,8,11.745,2.851,71.280,12.304,0.000,0.684,0.015,0.748,162.783,60.180,24.134,9.852,critical_peak,0
site_q96oxsn6t7,64,2024-03-05,2,3,21.582,3.880,57.833,13.562,0.106,0.545,0.087,0.856,184.882,55.033,16.198,22.329,flat,0
site_xms2f2z823,53,2024-02-23,5,2,21.000,3.895,50.561,11.599,0.000,0.647,0.326,0.707,210.612,65.090,35.392,17.632,critical_peak,0
site_lh13qhdxr8,27,2024-01-28,0,1,18.268,3.728,73.412,12.548,0.000,0.605,0.310,0.701,155.368,64.486,36.354,28.552,flat,0
site_esvkso5p9a,131,2024-05-11,6,5,20.932,2.446,62.892,10.107,0.000,0.764,0.032,0.763,213.036,91.592,11.183,14.739,time_of_use,0
site_653fbtaxzy,0,2024-01-01,1,1,8.754,2.667,64.330,7.511,6.121,0.595,0.200,0.431,209.104,92.443,16.408,10.460,flat,0
site_lh13qhdxr8,160,2024-06-09,0,6,10.314,2.550,85.613,13.466,0.000,0.622,0.201,0.853,188.998,62.180,25.894,26.765,critical_peak,1
site_jby3v59n6p,155,2024-06-04,2,6,6.993,1.502,70.085,8.776,0.000,0.616,0.239,0.265,219.360,66.148,21.384,29.988,flat,0
site_653fbtaxzy,132,2024-05-12,0,5,18.381,1.859,68.492,15.230,1.047,0.702,0.267,0.401,208.873,68.171,20.563,19.192,critical_peak,0
site_jby3v59n6p,159,2024-06-08,6,6,11.993,1.854,75.246,14.698,0.000,0.549,0.237,0.304,216.562,65.602,8.594,18.421,critical_peak,0
site_hv02xi47qd,229,2024-08-17,6,8,8.133,1.943,63.226,16.383,0.000,0.717,0.270,0.818,199.390,76.664,23.068,26.181,time_of_use,0
site_cyoy81mba2,37,2024-02-07,3,2,17.089,3.328,64.939,9.974,0.000,0.488,0.243,0.783,190.430,61.908,22.518,33.899,flat,0
site_ruqwbu08ys,72,2024-03-13,3,3,22.803,5.044,64.506,11.660,1.866,0.637,0.194,0.760,216.739,65.985,28.755,24.600,flat,0
site_esvkso5p9a,83,2024-03-24,0,3,22.749,4.428,52.339,11.505,0.000,0.644,0.176,0.726,191.150,79.051,16.799,25.347,flat,0
site_lpvyddf2dp,209,2024-07-28,0,7,8.416,0.541,,12.035,0.000,0.828,0.410,0.656,216.895,62.752,25.018,23.551,flat,0
site_esvkso5p9a,175,2024-06-24,1,6,10.810,1.872,53.474,11.466,0.000,0.492,0.144,0.580,195.995,79.669,16.938,14.845,time_of_use,0
site_esvkso5p9a,164,2024-06-13,4,6,4.133,2.276,78.013,5.861,0.000,0.752,0.187,0.636,201.993,70.008,19.047,23.817,flat,0
site_cyoy81mba2,108,2024-04-18,4,4,27.092,3.939,63.187,13.963,0.000,0.687,0.100,,149.309,53.748,17.617,28.002,flat,0
site_653fbtaxzy,64,2024-03-05,2,3,26.928,4.466,44.871,13.257,0.000,0.794,0.251,0.421,220.492,90.064,18.992,12.263,flat,0
site_wkoe2l3dl1,50,2024-02-20,2,2,23.866,3.811,69.041,9.593,0.357,0.556,,0.792,221.024,69.028,16.776,22.558,time_of_use,0
site_l7o5bnkp2o,108,2024-04-18,4,4,23.435,4.724,55.306,18.582,0.000,0.738,0.288,0.687,222.258,67.311,21.538,18.528,flat,0
site_12sjsgd733,183,2024-07-02,2,7,11.804,2.000,80.549,9.868,0.000,0.576,0.049,0.287,173.001,57.396,17.915,16.653,time_of_use,0
site_oqtmdxfv99,27,2024-01-28,0,1,20.975,2.306,74.651,,0.000,0.692,0.253,0.691,216.065,80.708,24.721,23.576,flat,0
site_xms2f2z823,233,2024-08-21,3,8,9.660,2.776,56.547,12.290,0.000,0.774,0.273,0.511,179.049,89.086,20.785,23.907,critical_peak,0
site_cyoy81mba2,15,2024-01-16,2,1,11.987,3.341,67.955,21.674,0.000,0.714,0.226,0.722,198.544,77.468,10.069,16.917,critical_peak,0
site_8ttmv07z34,98,2024-04-08,1,4,19.038,3.821,59.590,13.969,,0.574,0.147,0.455,180.227,55.136,19.448,18.930,critical_peak,0
site_ruqwbu08ys,236,2024-08-24,6,8,8.066,1.564,75.230,4.785,0.000,0.562,0.312,0.459,195.328,59.258,17.253,15.434,flat,1
site_i72zb352li,85,2024-03-26,2,3,22.892,3.233,60.907,14.167,0.000,0.766,0.204,0.369,171.004,89.184,23.323,21.203,time_of_use,0
site_azlkiez3zd,144,2024-05-24,5,5,16.169,3.081,68.734,19.742,0.000,0.618,0.183,0.575,177.363,83.052,18.296,15.537,flat,0
site_8ttmv07z34,199,2024-07-18,4,7,-0.486,1.525,78.625,8.327,0.000,0.603,0.057,0.273,198.501,75.807,14.089,16.177,flat,0
site_653fbtaxzy,182,2024-07-01,1,7,5.285,1.305,81.275,18.403,0.100,0.679,0.276,0.501,222.033,83.660,23.157,20.756,flat,0
site_oqtmdxfv99,226,2024-08-14,3,8,12.651,1.914,72.192,5.771,0.782,0.618,0.114,0.598,204.038,87.253,24.291,32.795,flat,0
site_9ueuoqbp8k,122,2024-05-02,4,5,21.385,3.278,54.225,8.237,0.000,0.650,0.273,0.606,214.074,56.058,26.598,25.235,time_of_use,0
site_i72zb352li,215,2024-08-03,6,8,5.836,1.805,67.643,10.877,1.880,0.654,0.276,0.568,199.602,68.385,26.945,34.681,critical_peak,1
site_i72zb352li,233,2024-08-21,3,8,8.101,3.038,72.902,4.131,0.000,0.649,0.382,0.650,215.794,77.005,9.828,18.702,critical_peak,0
site_cyoy81mba2,64,2024-03-05,2,3,20.965,3.294,53.485,10.279,0.000,0.506,0.015,0.573,199.021,69.187,21.504,34.193,flat,0
site_lh13qhdxr8,115,2024-04-25,4,4,22.743,2.479,56.401,16.009,2.406,0.591,0.133,0.534,152.336,64.890,26.510,10.874,critical_peak,0
site_oqtmdxfv99,155,2024-06-04,2,6,11.151,1.355,51.510,11.874,0.000,0.539,0.112,0.620,165.869,,11.638,26.767,flat,0
site_cyoy81mba2,90,2024-03-31,0,3,21.711,3.668,58.682,10.006,0.000,0.643,0.245,0.876,194.435,74.169,20.475,26.532,flat,0
site_lh13qhdxr8,207,2024-07-26,5,7,4.846,1.428,66.134,2.938,0.000,0.752,0.318,0.806,205.508,76.999,24.824,11.441,flat,0
site_8a103kt75c,164,2024-06-13,4,6,5.167,2.085,65.714,11.894,0.000,0.538,0.448,0.685,203.530,76.372,28.346,16.226,flat,0
site_8a103kt75c,15,2024-01-16,2,1,12.232,2.831,66.838,7.448,0.000,0.784,0.422,0.597,231.435,76.406,27.920,27.671,critical_peak,0
site_l7o5bnkp2o,194,2024-07-13,6,7,6.389,0.050,85.610,13.730,3.117,0.809,0.334,0.581,198.912,58.770,18.039,22.159,time_of_use,0
site_12sjsgd733,184,2024-07-03,3,7,4.633,1.175,68.654,3.549,0.000,0.596,0.161,0.587,142.902,79.471,13.461,18.101,time_of_use,0
site_esvkso5p9a,80,2024-03-21,4,3,28.777,3.864,58.048,15.164,0.000,0.568,0.075,0.812,201.317,71.837,16.722,,critical_peak,0
site_esvkso5p9a,170,2024-06-19,3,6,9.454,2.016,68.159,9.843,0.000,0.749,0.290,0.650,187.580,51.267,19.539,20.037,critical_peak,0
site_hv02xi47qd,43,2024-02-13,2,2,17.108,3.657,70.187,14.265,0.100,0.635,0.336,0.826,186.466,59.126,23.464,33.468,critical_peak,0
site_wkoe2l3dl1,85,2024-03-26,2,3,25.036,3.353,62.980,7.721,0.606,0.655,0.125,0.804,216.413,53.146,9.921,22.626,time_of_use,0
site_ruqwbu08ys,157,2024-06-06,4,6,8.098,1.788,80.495,10.260,0.000,0.620,0.308,0.389,224.279,54.634,23.382,22.301,time_of_use,0
site_12sjsgd733,93,2024-04-03,3,4,24.174,3.388,61.709,11.086,0.000,0.577,0.089,0.499,174.858,86.723,21.603,26.492,time_of_use,0
site_9ueuoqbp8k,84,2024-03-25,1,3,23.930,4.020,67.987,8.927,0.000,0.469,0.210,0.593,188.446,48.214,21.187,18.892,time_of_use,0
site_l7o5bnkp2o,11,2024-01-12,5,1,13.521,1.309,65.665,3.425,0.000,0.667,0.362,0.563,210.457,67.001,27.752,14.167,flat,0
site_cyoy81mba2,32,2024-02-02,5,2,18.033,2.605,67.675,9.836,0.000,0.711,0.068,0.646,193.803,52.243,11.599,18.509,time_of_use,0
site_653fbtaxzy,50,2024-02-20,2,2,20.740,3.421,68.394,8.704,0.000,0.663,0.198,0.835,194.902,73.491,23.843,12.978,time_of_use,0
site_i72zb352li,86,2024-03-27,3,3,26.046,4.116,47.891,21.206,0.000,0.734,0.212,0.512,226.614,81.035,22.398,28.815,time_of_use,0
site_xms2f2z823,173,2024-06-22,6,6,9.103,0.697,52.350,6.736,0.000,0.761,0.189,0.338,192.590,88.725,15.969,24.215,flat,0
site_azlkiez3zd,102,2024-04-12,5,4,23.634,5.968,64.894,10.756,0.000,0.676,0.228,0.854,177.105,57.965,30.702,18.360,time_of_use,0
site_9ueuoqbp8k,94,2024-04-04,4,4,19.957,3.645,59.074,8.171,0.000,0.650,0.257,0.641,172.075,66.029,26.320,21.618,time_of_use,0
site_esvkso5p9a,185,2024-07-04,4,7,8.085,0.050,77.399,12.162,0.000,0.693,0.226,0.828,212.281,,20.371,18.028,time_of_use,0
site_lpvyddf2dp,139,2024-05-19,0,5,18.729,1.652,70.819,9.847,0.000,0.713,0.304,0.640,182.327,61.551,22.262,31.486,time_of_use,0
site_cyoy81mba2,44,2024-02-14,3,2,20.559,4.131,61.625,4.611,0.000,0.567,0.250,0.641,148.784,52.543,19.298,20.874,critical_peak,0
site_pyswc8o9g8,82,2024-03-23,6,3,26.696,4.159,63.432,8.440,2.569,0.659,0.113,0.638,213.202,,18.665,25.054,flat,0
site_jby3v59n6p,70,2024-03-11,1,3,24.400,4.255,49.552,16.946,0.100,0.560,0.153,0.534,216.796,61.025,16.281,19.301,critical_peak,0
site_i72zb352li,106,2024-04-16,2,4,22.961,3.599,55.344,19.221,0.000,0.638,0.158,0.609,221.009,57.556,13.285,19.414,critical_peak,0
site_wb8fh6amr3,75,2024-03-16,6,3,25.767,4.989,62.488,13.548,0.000,0.594,0.351,0.878,160.161,71.599,23.209,13.781,time_of_use,0
site_cyoy81mba2,95,2024-04-05,5,4,23.889,3.626,67.167,2.329,0.000,0.517,0.015,0.793,167.311,61.809,11.991,16.385,time_of_use,0
site_cyoy81mba2,182,2024-07-01,1,7,9.312,,65.764,13.260,0.000,0.695,0.133,0.423,187.543,56.811,2.504,28.002,flat,0
site_oqtmdxfv99,149,2024-05-29,3,5,12.226,0.972,65.340,10.756,0.000,0.617,,0.554,204.530,68.133,14.438,19.293,time_of_use,0
site_wb8fh6amr3,33,2024-02-03,6,2,16.246,2.725,63.628,12.989,0.000,0.711,0.346,0.737,193.243,66.720,19.733,19.087,critical_peak,0
site_8a103kt75c,226,2024-08-14,3,8,8.329,2.593,75.505,11.834,0.000,0.703,0.326,0.619,229.238,70.866,17.326,21.163,flat,0
site_lpvyddf2dp,34,2024-02-04,0,2,20.617,3.792,80.250,10.660,0.000,0.584,0.289,0.956,189.486,59.334,26.475,31.376,critical_peak,0
site_q96oxsn6t7,188,2024-07-07,0,7,6.540,0.701,56.143,12.290,0.000,0.565,0.237,0.617,178.739,50.437,9.145,31.148,critical_peak,0
site_jby3v59n6p,129,2024-05-09,4,5,15.975,2.617,53.175,4.958,0.000,0.695,0.258,0.279,216.587,53.884,18.412,26.069,time_of_use,0
site_mmvs0z732r,26,2024-01-27,6,1,15.534,3.267,67.085,10.379,0.000,0.559,0.112,0.576,189.300,54.599,5.559,20.455,critical_peak,0
site_ruqwbu08ys,20,2024-01-21,0,1,16.061,3.330,69.903,11.433,0.000,0.793,0.290,0.548,198.571,59.656,18.665,21.285,flat,0
site_lh13qhdxr8,183,2024-07-02,2,7,8.922,0.936,70.162,17.197,0.000,0.522,0.203,0.405,166.253,,24.933,25.665,time_of_use,0
site_653fbtaxzy,3,2024-01-04,4,1,13.894,2.272,81.035,8.827,0.000,0.668,0.077,0.497,189.543,79.929,12.943,18.926,time_of_use,0
site_i72zb352li,134,2024-05-14,2,5,15.104,1.777,60.077,7.461,0.000,0.577,0.299,0.428,233.680,69.022,9.820,23.480,critical_peak,0
site_jby3v59n6p,104,2024-04-14,0,4,20.882,4.435,66.606,13.271,1.873,0.658,0.197,0.568,182.961,65.067,16.844,24.226,time_of_use,0
site_azlkiez3zd,78,2024-03-19,2,3,26.239,4.603,53.777,9.425,0.000,0.581,0.308,0.955,187.561,60.729,23.528,17.815,critical_peak,0
site_xms2f2z823,94,2024-04-04,4,4,23.476,5.003,51.926,14.811,0.133,0.653,0.190,0.867,197.417,58.778,28.529,14.856,time_of_use,0
site_lpvyddf2dp,185,2024-07-04,4,7,9.494,1.639,76.584,3.976,0.000,0.634,0.208,0.895,193.678,85.763,19.483,15.686,time_of_use,0
site_8ttmv07z34,30,2024-01-31,3,1,19.227,2.503,68.442,10.477,0.000,0.567,0.105,0.348,209.052,57.631,13.018,21.343,time_of_use,0
site_i72zb352li,220,2024-08-08,4,8,11.761,1.858,58.311,20.491,0.000,0.656,0.267,0.495,191.702,86.275,21.481,26.445,time_of_use,1
site_wkoe2l3dl1,206,2024-07-25,4,7,4.421,2.546,71.232,8.839,0.000,0.642,0.281,0.690,181.102,55.864,26.385,24.372,critical_peak,0
site_8ttmv07z34,205,2024-07-24,3,7,4.647,2.101,67.368,9.901,0.000,0.636,0.218,0.556,257.740,80.557,23.802,24.671,critical_peak,0
site_azlkiez3zd,9,2024-01-10,3,1,7.008,3.296,45.183,0.252,0.000,0.758,0.192,0.731,175.543,82.343,17.831,16.735,flat,0
site_pyswc8o9g8,143,2024-05-23,4,5,13.685,1.159,69.569,8.846,0.000,0.560,0.118,0.632,236.168,77.442,14.355,21.647,critical_peak,0
site_hv02xi47qd,98,2024-04-08,1,4,18.800,3.515,64.874,13.502,0.000,0.635,0.307,0.874,172.794,88.340,28.322,18.290,critical_peak,0
site_653fbtaxzy,57,2024-02-27,2,2,21.305,4.349,61.549,9.243,0.000,0.634,0.301,0.591,210.870,68.639,18.074,13.343,time_of_use,0
site_unn79reovm,166,2024-06-15,6,6,8.607,1.801,72.006,11.272,0.000,0.514,0.319,0.409,218.980,54.681,19.042,11.495,time_of_use,0
site_pyswc8o9g8,53,2024-02-23,5,2,20.565,3.291,68.107,10.078,0.000,0.678,0.153,0.556,224.101,65.170,26.688,22.058,critical_peak,0
site_pyswc8o9g8,85,2024-03-26,2,3,24.755,4.892,59.873,10.628,0.000,0.814,0.128,0.682,195.075,63.520,24.814,17.665,time_of_use,0
site_9ueuoqbp8k,58,2024-02-28,3,2,23.522,3.538,61.804,13.676,0.000,0.702,0.267,0.798,209.166,56.064,24.025,27.135,time_of_use,0
site_9ueuoqbp8k,98,2024-04-08,1,4,29.076,3.345,82.378,7.762,0.000,0.649,0.225,0.414,198.679,64.067,23.007,19.603,critical_peak,0
site_esvkso5p9a,201,2024-07-20,6,7,9.273,0.050,80.780,12.915,0.000,0.722,0.228,0.584,213.492,84.174,21.621,19.346,time_of_use,0
site_i72zb352li,109,2024-04-19,5,4,19.653,4.805,58.004,13.533,0.000,0.601,0.219,0.418,183.195,78.401,14.527,25.342,flat,0
site_pyswc8o9g8,187,2024-07-06,6,7,7.245,1.016,,16.739,0.000,0.575,0.365,0.494,222.113,75.144,15.803,23.322,critical_peak,0
site_l7o5bnkp2o,187,2024-07-06,6,7,5.199,1.316,80.870,5.562,0.000,0.514,0.433,0.500,236.372,55.610,25.644,34.907,critical_peak,0
site_owpbo6i70y,1,2024-01-02,2,1,6.356,2.082,72.266,16.989,0.000,0.652,0.231,0.617,185.778,64.024,12.723,27.813,flat,0
site_unn79reovm,5,2024-01-06,6,1,9.256,2.569,68.060,9.310,0.000,0.726,0.015,0.348,200.326,74.320,5.784,18.663,time_of_use,0
site_xms2f2z823,152,2024-06-01,6,6,11.009,2.159,54.250,12.147,0.000,0.595,0.275,0.662,172.585,69.219,33.669,16.067,critical_peak,0
site_unn79reovm,168,2024-06-17,1,6,9.771,1.654,73.786,8.100,0.777,0.720,0.098,0.394,190.722,62.998,13.941,20.620,critical_peak,0
site_wkoe2l3dl1,124,2024-05-04,6,5,18.375,1.889,65.431,17.929,2.518,0.656,0.334,0.421,181.014,79.344,16.529,31.936,critical_peak,0
site_jby3v59n6p,204,2024-07-23,2,7,9.182,0.743,79.275,12.409,0.000,0.457,0.076,0.332,203.697,63.585,9.189,26.560,critical_peak,0
site_653fbtaxzy,63,2024-03-04,1,3,18.831,4.287,74.858,7.624,0.000,0.688,0.222,0.447,171.303,64.647,26.047,17.982,flat,0
site_pyswc8o9g8,209,2024-07-28,0,7,10.782,1.884,65.341,11.853,,0.537,0.043,0.663,176.293,63.323,15.060,13.273,flat,0
site_xms2f2z823,185,2024-07-04,4,7,9.281,2.599,83.470,11.980,0.000,0.611,0.262,0.742,183.029,60.712,24.605,25.724,time_of_use,0
site_wkoe2l3dl1,204,2024-07-23,2,7,8.343,0.851,87.789,11.630,0.000,0.514,0.297,0.570,174.977,53.797,16.585,22.049,critical_peak,0
site_owpbo6i70y,234,2024-08-22,4,8,4.562,1.885,65.315,7.361,0.000,0.708,0.170,0.598,176.443,,6.065,14.729,flat,0
site_jby3v59n6p,188,2024-07-07,0,7,7.518,1.540,69.970,18.696,0.000,0.757,0.133,0.479,199.453,77.917,16.599,29.672,critical_peak,1
site_owpbo6i70y,129,2024-05-09,4,5,16.435,1.696,61.714,15.328,0.000,0.657,0.206,0.656,207.949,60.112,13.768,16.523,time_of_use,0
site_8ttmv07z34,101,2024-04-11,4,4,20.739,3.870,57.687,2.252,0.000,0.614,0.040,0.566,209.408,53.514,20.445,24.758,flat,0
site_8a103kt75c,229,2024-08-17,6,8,11.528,2.252,66.842,11.187,0.000,0.832,0.277,0.478,225.279,85.411,16.361,30.296,time_of_use,0
site_9ueuoqbp8k,17,2024-01-18,4,1,13.570,2.353,55.094,14.154,0.000,0.686,0.273,0.647,191.057,60.198,16.425,16.274,critical_peak,0
site_lpvyddf2dp,167,2024-06-16,0,6,9.751,1.328,92.137,13.060,0.000,0.696,0.449,0.753,205.754,89.131,30.167,26.356,time_of_use,0
site_12sjsgd733,232,2024-08-20,2,8,10.431,2.139,86.268,6.378,0.000,0.569,0.015,0.447,198.326,66.836,4.672,26.619,critical_peak,0
site_cyoy81mba2,219,2024-08-07,3,8,8.383,2.062,84.138,15.565,0.000,0.791,0.146,0.470,199.417,91.577,25.778,16.040,time_of_use,0
site_oqtmdxfv99,84,2024-03-25,1,3,23.268,3.847,43.729,13.234,0.000,0.590,0.146,0.542,181.219,59.896,12.665,20.976,time_of_use,0
site_mmvs0z732r,86,2024-03-27,3,3,26.871,5.544,45.307,9.328,0.000,0.567,0.122,0.980,171.831,60.182,15.821,18.734,time_of_use,0
site_wb8fh6amr3,196,2024-07-15,1,7,3.489,,68.603,4.916,4.140,0.628,0.211,0.693,204.841,67.173,14.728,10.532,critical_peak,0
site_jby3v59n6p,29,2024-01-30,2,1,16.426,3.958,55.927,7.794,0.000,0.758,,0.658,195.613,59.785,17.780,20.530,flat,0
site_9ueuoqbp8k,188,2024-07-07,0,7,10.951,0.599,82.665,9.561,0.000,0.551,0.203,0.535,181.261,65.126,17.014,22.451,critical_peak,0
site_cyoy81mba2,103,2024-04-13,6,4,20.306,1.917,72.387,13.576,0.000,0.619,0.295,0.532,158.643,55.377,27.912,31.048,time_of_use,0
site_unn79reovm,49,2024-02-19,1,2,22.312,3.909,69.164,11.476,0.000,0.676,0.126,0.827,188.765,65.651,14.625,25.498,time_of_use,0
site_cyoy81mba2,75,2024-03-16,6,3,18.181,3.374,55.793,10.274,0.000,0.684,0.016,0.742,187.048,60.414,12.826,28.034,time_of_use,0
site_9ueuoqbp8k,233,2024-08-21,3,8,11.754,1.661,73.314,7.913,0.000,0.608,0.414,0.625,192.672,82.030,28.967,29.796,critical_peak,0
site_oqtmdxfv99,175,2024-06-24,1,6,6.267,0.362,79.143,7.287,0.000,0.739,0.135,0.747,215.672,86.433,18.216,21.438,time_of_use,0
site_l7o5bnkp2o,37,2024-02-07,3,2,13.414,3.071,65.432,20.850,0.000,0.588,0.228,0.667,211.445,53.068,12.941,16.578,flat,0
site_jby3v59n6p,22,2024-01-23,2,1,12.301,2.759,76.171,7.710,0.000,0.711,0.226,0.469,184.794,66.084,15.107,21.710,time_of_use,0
site_xms2f2z823,199,2024-07-18,4,7,8.930,,75.538,13.523,0.000,0.707,0.301,0.420,202.134,72.850,24.015,17.356,flat,0
site_lh13qhdxr8,194,2024-07-13,6,7,7.590,1.163,74.094,17.435,0.000,0.768,0.223,0.624,195.673,77.107,24.253,30.851,time_of_use,0
site_ruqwbu08ys,62,2024-03-03,0,3,20.487,4.981,59.256,4.013,0.000,0.575,0.259,0.668,200.576,71.519,28.156,13.627,critical_peak,0
site_owpbo6i70y,178,2024-06-27,4,6,8.189,1.100,81.124,14.249,0.000,0.714,0.015,0.508,158.726,67.009,8.492,22.306,critical_peak,0
site_xms2f2z823,175,2024-06-24,1,6,9.575,1.275,78.934,18.846,0.000,0.700,0.408,0.518,198.125,85.014,29.815,28.760,time_of_use,0
site_wkoe2l3dl1,180,2024-06-29,6,6,5.432,2.248,84.044,12.303,0.000,0.602,,0.770,217.336,66.609,17.295,22.273,flat,0
site_9ueuoqbp8k,9,2024-01-10,3,1,8.783,1.748,64.630,10.640,0.000,0.591,0.227,0.259,213.478,50.187,19.045,20.229,flat,0
site_lpvyddf2dp,219,2024-08-07,3,8,5.035,2.076,75.621,7.493,0.000,0.546,0.129,0.652,253.628,73.484,19.768,25.590,time_of_use,0
site_xms2f2z823,197,2024-07-16,2,7,6.373,1.613,76.173,13.489,0.000,0.746,0.447,0.726,180.343,72.841,33.766,22.290,critical_peak,0
site_653fbtaxzy,147,2024-05-27,1,5,10.209,2.228,70.369,,0.000,0.657,0.173,0.625,202.628,80.983,16.040,16.818,time_of_use,0
site_oqtmdxfv99,195,2024-07-14,0,7,11.541,1.386,81.571,6.125,0.000,0.707,0.149,0.548,182.707,80.760,15.220,25.706,critical_peak,0
site_oqtmdxfv99,58,2024-02-28,3,2,22.047,4.683,63.438,4.290,0.000,0.729,0.075,0.590,185.033,71.618,11.027,13.719,time_of_use,0
site_653fbtaxzy,213,2024-08-01,4,8,5.208,1.486,65.552,13.706,0.000,,0.433,0.581,233.053,71.002,18.554,20.371,critical_peak,0
site_653fbtaxzy,170,2024-06-19,3,6,8.073,1.403,53.577,8.933,0.000,0.722,0.111,0.557,184.554,87.043,18.038,13.240,critical_peak,0
site_esvkso5p9a,196,2024-07-15,1,7,4.970,1.602,84.206,0.341,0.000,0.688,0.055,0.657,195.546,78.595,14.160,13.637,critical_peak,0
site_l7o5bnkp2o,221,2024-08-09,5,8,2.606,0.592,89.636,5.434,0.000,0.508,0.158,0.358,186.217,34.142,17.775,15.445,time_of_use,0
site_mmvs0z732r,100,2024-04-10,3,4,18.454,3.604,63.802,15.217,0.000,0.588,0.051,0.704,158.849,52.875,21.618,31.585,flat,0
site_owpbo6i70y,9,2024-01-10,3,1,6.399,2.925,51.836,9.255,0.000,0.684,0.048,0.750,180.988,63.892,9.670,28.413,flat,0
site_ruqwbu08ys,180,2024-06-29,6,6,7.903,2.064,70.199,5.379,0.000,0.621,0.159,0.623,188.986,68.614,18.734,17.303,flat,0
site_esvkso5p9a,63,2024-03-04,1,3,27.029,3.430,49.339,3.472,0.000,0.637,0.256,0.844,198.399,89.282,18.697,15.961,flat,0
site_pyswc8o9g8,128,2024-05-08,3,5,16.841,2.247,56.381,12.961,0.000,0.643,0.223,0.578,196.547,84.471,15.671,10.082,flat,0
site_esvkso5p9a,137,2024-05-17,5,5,20.211,2.518,87.722,6.588,0.000,0.555,0.267,0.498,196.891,85.722,23.444,22.382,flat,0
site_lh13qhdxr8,171,2024-06-20,4,6,10.893,1.397,66.902,13.147,0.000,0.620,0.300,0.830,172.362,72.004,30.353,28.960,flat,0
site_lpvyddf2dp,85,2024-03-26,2,3,27.289,5.105,53.919,9.887,0.000,0.749,0.272,0.599,158.717,61.750,18.791,27.196,time_of_use,0
site_8a103kt75c,43,2024-02-13,2,2,22.326,5.009,72.106,13.002,0.000,0.670,0.275,0.642,207.610,61.077,22.224,27.128,critical_peak,0
site_8a103kt75c,115,2024-04-25,4,4,26.197,3.759,65.983,11.933,0.000,0.771,0.295,0.601,209.294,67.328,21.915,26.602,critical_peak,0
site_12sjsgd733,25,2024-01-26,5,1,11.546,4.875,65.560,16.211,0.000,0.673,0.222,0.659,,71.494,14.811,21.442,critical_peak,0
site_8ttmv07z34,7,2024-01-08,1,1,11.588,2.160,67.965,5.314,0.000,0.619,0.117,0.592,181.137,59.082,20.764,28.305,critical_peak,0
site_unn79reovm,115,2024-04-25,4,4,21.191,1.784,59.910,13.168,0.000,0.541,0.078,0.367,206.378,65.323,13.826,23.057,critical_peak,0
site_hv02xi47qd,9,2024-01-10,3,1,9.065,2.084,66.726,9.188,4.128,0.678,0.113,0.624,180.962,72.150,15.656,30.534,flat,0
site_653fbtaxzy,38,2024-02-08,4,2,16.192,3.347,66.078,17.318,0.000,0.606,0.159,0.778,218.127,80.087,22.804,13.220,flat,0
site_8a103kt75c,213,2024-08-01,4,8,4.843,1.840,69.921,9.224,0.000,0.658,0.324,0.568,211.805,80.109,16.043,17.758,critical_peak,0
site_esvkso5p9a,145,2024-05-25,6,5,11.109,2.504,68.123,15.207,0.000,0.682,0.214,0.532,164.829,68.292,25.652,12.943,flat,0
site_azlkiez3zd,146,2024-05-26,0,5,10.899,1.809,61.017,7.884,0.000,0.661,0.184,0.839,168.350,68.161,11.683,23.339,flat,0
site_pyswc8o9g8,145,2024-05-25,6,5,14.415,2.518,64.947,12.844,0.000,0.626,0.180,0.739,185.048,51.068,16.208,22.293,flat,0
site_i72zb352li,201,2024-07-20,6,7,9.930,1.497,64.489,8.666,0.000,0.657,0.330,0.352,197.602,85.787,19.297,21.404,time_of_use,0
site_owpbo6i70y,151,2024-05-31,5,5,12.062,1.613,63.494,16.089,0.832,0.490,0.164,0.550,161.334,62.448,14.196,14.433,critical_peak,0
site_l7o5bnkp2o,25,2024-01-26,5,1,15.215,4.235,66.916,9.360,0.000,0.601,0.230,0.562,191.608,57.123,16.721,10.349,critical_peak,0
site_q96oxsn6t7,0,2024-01-01,1,1,7.327,1.532,70.574,6.492,0.551,0.524,0.233,0.774,198.423,77.176,17.539,32.145,flat,0
site_azlkiez3zd,35,2024-02-05,1,2,12.757,3.923,67.026,12.783,0.000,0.615,0.273,0.850,193.240,75.402,12.631,29.084,critical_peak,0
site_wb8fh6amr3,194,2024-07-13,6,7,0.824,1.171,72.850,14.893,0.000,0.595,0.438,0.546,190.180,71.308,17.211,17.191,time_of_use,0
site_lh13qhdxr8,7,2024-01-08,1,1,8.072,2.344,68.030,15.277,0.000,0.658,,0.338,152.157,67.781,25.083,22.629,critical_peak,0
site_azlkiez3zd,90,2024-03-31,0,3,21.279,3.356,58.601,15.779,0.000,0.695,0.310,0.710,178.660,69.187,28.475,32.983,flat,0
site_jby3v59n6p,114,2024-04-24,3,4,20.604,2.628,46.621,5.951,0.000,0.577,0.264,0.607,180.322,54.884,22.185,26.968,critical_peak,0
site_653fbtaxzy,86,2024-03-27,3,3,22.126,2.958,61.068,14.699,0.000,0.669,0.322,0.415,191.898,71.748,20.452,25.941,time_of_use,1
site_cyoy81mba2,36,2024-02-06,2,2,14.083,3.246,54.483,8.439,0.000,0.776,0.187,0.636,149.913,52.223,19.678,14.830,flat,0
site_l7o5bnkp2o,180,2024-06-29,6,6,6.016,0.786,82.269,12.876,0.000,0.747,0.344,0.620,186.030,41.873,21.509,25.965,flat,0
site_azlkiez3zd,16,2024-01-17,3,1,13.905,1.251,77.756,9.881,0.000,,0.249,0.592,206.704,81.299,21.625,17.273,critical_peak,0
site_ruqwbu08ys,181,2024-06-30,0,6,4.122,0.524,72.320,14.686,0.000,0.697,0.469,0.683,191.376,62.230,34.749,15.170,flat,0
site_lpvyddf2dp,163,2024-06-12,3,6,9.066,2.635,72.023,10.711,0.000,0.707,0.402,0.808,192.838,87.856,24.782,17.009,flat,0
site_unn79reovm,72,2024-03-13,3,3,24.528,3.816,65.982,8.374,0.000,0.779,0.135,0.612,187.687,83.688,13.518,25.116,flat,0
site_i72zb352li,175,2024-06-24,1,6,7.209,0.287,79.104,8.467,0.000,0.788,0.240,0.114,206.876,83.280,16.473,27.776,time_of_use,0
site_mmvs0z732r,7,2024-01-08,1,1,7.925,3.401,62.786,9.650,0.000,0.526,0.092,0.811,169.717,63.396,5.881,21.771,critical_peak,0
site_l7o5bnkp2o,189,2024-07-08,1,7,-0.056,2.844,82.818,13.793,0.000,0.799,0.311,0.798,219.157,78.081,24.747,8.117,flat,0
site_ruqwbu08ys,85,2024-03-26,2,3,27.159,3.688,43.968,11.214,0.000,0.667,0.195,0.670,194.026,64.759,20.118,22.930,time_of_use,0
site_ruqwbu08ys,133,2024-05-13,1,5,20.770,3.231,63.276,16.416,0.000,0.543,0.203,0.553,197.681,53.509,27.478,19.393,critical_peak,0
site_cyoy81mba2,31,2024-02-01,4,2,14.950,4.609,76.094,15.250,0.000,0.694,0.192,,178.178,71.590,22.349,21.024,time_of_use,0
site_azlkiez3zd,97,2024-04-07,0,4,24.801,3.238,66.075,8.153,0.000,0.732,0.156,0.746,189.343,55.015,25.020,17.816,critical_peak,0
site_lpvyddf2dp,218,2024-08-06,2,8,9.954,2.443,64.801,11.946,0.000,0.633,0.308,0.606,180.878,74.736,19.528,32.693,flat,0
site_oqtmdxfv99,227,2024-08-15,4,8,11.055,1.449,69.932,13.748,0.000,0.764,0.118,0.697,233.646,65.650,18.452,28.131,flat,0
site_mmvs0z732r,4,2024-01-05,5,1,10.544,2.608,65.442,12.576,0.000,0.627,0.057,0.662,186.685,51.668,19.756,13.486,time_of_use,0
site_653fbtaxzy,138,2024-05-18,6,5,12.094,1.335,57.293,11.891,0.000,0.756,0.256,0.478,208.202,73.796,14.343,13.172,time_of_use,0
site_esvkso5p9a,176,2024-06-25,2,6,11.478,1.681,69.838,11.737,,0.683,0.219,0.697,206.520,76.246,15.465,27.147,time_of_use,0
site_8ttmv07z34,140,2024-05-20,1,5,22.406,3.683,73.849,3.955,0.000,0.584,0.015,0.614,184.920,62.453,17.080,23.161,time_of_use,0
site_pyswc8o9g8,197,2024-07-16,2,7,,0.050,72.611,9.370,0.000,0.677,0.015,0.550,245.957,58.777,16.585,33.061,critical_peak,0
site_9ueuoqbp8k,214,2024-08-02,5,8,,2.602,81.266,17.527,0.000,0.639,0.216,0.652,214.601,69.080,22.265,26.634,critical_peak,0
site_wb8fh6amr3,161,2024-06-10,1,6,5.647,2.213,82.419,8.779,0.000,0.754,0.419,0.684,222.869,68.379,30.180,25.122,critical_peak,0
site_ruqwbu08ys,64,2024-03-05,2,3,22.534,5.789,65.058,12.046,0.000,0.552,0.233,0.933,213.005,36.780,19.242,16.500,flat,0
site_8a103kt75c,225,2024-08-13,2,8,4.599,2.531,81.658,11.369,0.000,0.823,0.376,0.533,190.842,84.019,35.904,20.273,flat,0
site_owpbo6i70y,130,2024-05-10,5,5,20.701,2.504,65.239,1.987,0.000,0.682,0.043,0.660,117.027,65.572,23.448,15.125,time_of_use,0
site_azlkiez3zd,39,2024-02-09,5,2,16.900,3.673,62.267,8.115,0.000,0.622,0.088,0.842,165.633,80.973,10.510,28.546,time_of_use,0
site_oqtmdxfv99,25,2024-01-26,5,1,18.955,2.095,67.080,11.392,0.000,0.678,0.258,0.562,163.108,91.961,23.394,26.528,critical_peak,0
site_653fbtaxzy,233,2024-08-21,3,8,15.279,2.898,75.501,12.109,0.504,0.696,0.365,0.509,204.695,77.435,25.348,19.884,critical_peak,0
site_lpvyddf2dp,214,2024-08-02,5,8,9.927,2.132,79.997,13.858,0.761,0.658,0.265,0.628,200.485,72.037,23.196,18.545,critical_peak,0
site_12sjsgd733,78,2024-03-19,2,3,20.337,5.411,67.566,4.067,0.000,0.672,0.015,0.701,167.517,69.210,9.779,21.961,critical_peak,0
site_azlkiez3zd,176,2024-06-25,2,6,9.169,2.089,68.143,1.099,0.000,0.566,0.421,0.461,204.285,56.699,20.858,33.300,time_of_use,0
site_jby3v59n6p,164,2024-06-13,4,6,8.272,1.799,,12.425,0.000,0.696,0.119,0.673,208.704,71.046,12.569,19.484,flat,0
site_xms2f2z823,31,2024-02-01,4,2,13.116,3.730,68.908,11.055,0.000,0.632,0.466,0.420,194.545,69.665,34.175,20.305,time_of_use,0
site_hv02xi47qd,206,2024-07-25,4,7,10.304,1.628,74.192,6.659,0.000,0.653,0.183,0.562,182.577,88.449,23.191,26.162,critical_peak,0
site_cyoy81mba2,65,2024-03-06,3,3,21.680,3.650,47.923,10.774,0.000,0.668,0.133,0.802,174.542,52.063,17.031,19.393,flat,0
site_8ttmv07z34,80,2024-03-21,4,3,27.414,4.808,52.401,14.038,0.000,0.568,0.186,0.703,188.135,42.753,18.702,26.909,critical_peak,0
site_unn79reovm,81,2024-03-22,5,3,24.465,5.209,54.824,12.891,0.000,0.686,0.049,0.611,209.994,57.292,15.796,21.552,flat,0
site_xms2f2z823,170,2024-06-19,3,6,8.827,1.646,74.629,5.621,0.000,0.605,0.342,0.564,192.533,50.215,27.015,16.242,critical_peak,0
site_azlkiez3zd,177,2024-06-26,3,6,6.358,1.839,,12.594,0.100,0.753,0.206,0.693,186.662,73.117,18.546,23.112,critical_peak,0
site_esvkso5p9a,222,2024-08-10,6,8,10.170,0.868,64.312,,0.000,0.577,0.241,0.606,201.688,77.150,26.138,16.500,critical_peak,0
site_mmvs0z732r,175,2024-06-24,1,6,10.263,1.242,66.263,7.668,0.000,0.651,0.083,0.671,182.575,61.324,11.757,17.633,time_of_use,0
site_i72zb352li,2,2024-01-03,3,1,14.080,0.974,65.395,14.304,0.000,0.713,0.200,0.520,176.141,68.186,11.563,31.453,flat,0
site_jby3v59n6p,42,2024-02-12,1,2,22.843,3.843,69.033,13.828,0.000,0.531,0.174,0.602,172.976,55.060,23.440,16.223,critical_peak,0
site_9ueuoqbp8k,73,2024-03-14,4,3,27.123,3.588,56.126,6.873,0.000,0.535,0.252,0.916,194.475,58.493,27.333,16.118,flat,0
site_mmvs0z732r,197,2024-07-16,2,7,10.137,0.121,88.641,11.345,0.000,0.639,0.015,0.597,211.575,73.180,17.611,26.619,critical_peak,0
site_owpbo6i70y,39,2024-02-09,5,2,15.166,5.302,61.189,18.623,0.000,0.673,0.089,0.827,154.536,76.223,13.334,18.551,time_of_use,0
site_cyoy81mba2,113,2024-04-23,2,4,19.610,3.211,55.177,15.174,0.000,0.695,0.047,0.798,167.184,70.116,15.667,22.996,time_of_use,0
site_wkoe2l3dl1,159,2024-06-08,6,6,9.333,1.975,70.448,12.922,0.000,0.628,0.139,0.733,181.333,68.763,9.781,26.099,critical_peak,0
site_xms2f2z823,72,2024-03-13,3,3,27.921,4.206,50.017,,0.000,0.717,0.345,0.815,213.687,69.028,34.309,20.571,flat,0
site_wb8fh6amr3,74,2024-03-15,5,3,21.928,3.425,52.841,11.662,0.000,0.713,0.315,0.752,182.143,65.834,22.585,22.150,flat,0
site_8a103kt75c,149,2024-05-29,3,5,11.888,1.425,61.245,13.490,0.000,0.720,0.385,0.537,187.657,68.778,15.182,17.835,time_of_use,0
site_8ttmv07z34,21,2024-01-22,1,1,13.878,4.519,66.974,10.275,0.000,0.622,0.154,0.590,187.340,78.106,10.944,26.249,time_of_use,0
site_esvkso5p9a,97,2024-04-07,0,4,26.373,4.119,71.389,11.708,0.000,0.727,0.157,0.658,202.378,75.614,18.567,23.484,critical_peak,0
site_8a103kt75c,136,2024-05-16,4,5,17.958,2.553,68.118,4.555,0.000,0.637,0.341,0.477,234.088,78.889,23.520,2.993,flat,0
site_owpbo6i70y,125,2024-05-05,0,5,21.779,2.628,68.598,11.645,0.000,0.614,0.015,0.710,159.448,48.109,12.457,16.396,critical_peak,0
site_unn79reovm,148,2024-05-28,2,5,11.329,2.113,73.465,6.882,0.000,0.626,0.123,0.392,175.847,51.754,6.296,24.300,time_of_use,0
site_8ttmv07z34,5,2024-01-06,6,1,8.697,3.261,82.115,10.942,0.000,0.800,0.239,0.450,193.825,62.428,22.352,24.838,time_of_use,0
site_unn79reovm,55,2024-02-25,0,2,24.687,3.163,70.773,8.536,0.000,0.758,0.141,0.486,178.448,62.387,23.546,26.786,flat,0
site_hv02xi47qd,142,2024-05-22,3,5,14.459,1.556,77.114,15.741,0.000,0.741,0.231,0.625,212.908,71.270,21.507,20.361,critical_peak,0
site_q96oxsn6t7,29,2024-01-30,2,1,17.048,2.374,69.659,13.498,0.000,0.730,0.031,0.723,161.277,72.252,15.807,20.551,flat,0
site_oqtmdxfv99,56,2024-02-26,1,2,24.100,2.383,66.391,8.384,0.964,0.506,0.072,0.677,212.098,78.337,17.951,24.306,flat,0
site_l7o5bnkp2o,162,2024-06-11,2,6,8.755,0.775,67.533,12.545,0.000,0.691,0.327,0.843,199.480,71.953,25.643,27.565,flat,0
site_lh13qhdxr8,177,2024-06-26,3,6,5.500,1.057,69.038,12.279,0.000,0.587,0.210,0.980,175.196,60.611,21.206,24.523,critical_peak,0
site_cyoy81mba2,60,2024-03-01,5,3,27.198,3.882,69.674,8.029,0.000,0.676,0.018,0.670,208.600,63.306,15.492,27.450,critical_peak,0
site_azlkiez3zd,173,2024-06-22,6,6,11.288,0.810,71.704,8.562,0.000,0.694,0.224,0.769,170.651,68.014,23.366,15.437,flat,0
site_hv02xi47qd,189,2024-07-08,1,7,7.917,1.999,55.539,10.321,0.000,0.587,0.138,0.642,201.372,65.931,26.013,18.477,flat,0
site_q96oxsn6t7,14,2024-01-15,1,1,12.516,4.049,61.267,3.769,0.000,0.619,0.148,0.940,195.298,80.920,15.215,28.131,time_of_use,0
site_wkoe2l3dl1,71,2024-03-12,2,3,22.405,4.638,53.455,11.702,0.000,0.643,0.053,0.980,184.182,71.345,15.355,25.931,critical_peak,0
site_owpbo6i70y,92,2024-04-02,2,4,24.974,4.293,55.653,16.275,0.000,0.534,0.057,0.671,165.316,69.277,7.927,12.514,flat,0
site_l7o5bnkp2o,66,2024-03-07,4,3,26.395,3.421,48.493,10.754,0.642,0.592,0.245,0.691,213.663,57.808,28.662,16.715,time_of_use,0
site_12sjsgd733,142,2024-05-22,3,5,18.406,3.009,79.500,7.177,0.000,0.605,0.019,0.462,169.503,57.557,4.684,19.282,critical_peak,0
site_esvkso5p9a,36,2024-02-06,2,2,14.264,3.952,66.611,13.773,0.000,0.576,0.190,0.971,193.959,60.969,15.855,2.601,flat,0
site_owpbo6i70y,36,2024-02-06,2,2,15.862,3.787,76.354,12.002,0.000,0.635,0.173,0.717,177.985,79.512,9.807,17.772,flat,0
site_wb8fh6amr3,13,2024-01-14,0,1,13.512,3.594,69.744,10.655,0.000,0.733,0.359,0.908,162.105,67.990,28.443,19.251,time_of_use,0
site_l7o5bnkp2o,148,2024-05-28,2,5,13.498,2.735,69.865,9.164,0.000,0.682,0.420,0.566,209.920,63.515,20.364,4.624,time_of_use,0
site_cyoy81mba2,232,2024-08-20,2,8,10.754,1.752,74.377,8.481,0.000,0.729,0.072,0.572,214.596,52.637,20.712,32.021,critical_peak,1
site_azlkiez3zd,124,2024-05-04,6,5,22.974,3.394,56.922,16.007,0.000,0.612,0.242,0.632,188.077,79.789,20.603,25.032,critical_peak,0
site_8a103kt75c,77,2024-03-18,1,3,26.336,5.803,68.820,8.244,0.000,0.762,0.307,0.650,210.239,82.275,28.865,30.074,time_of_use,0
site_wb8fh6amr3,30,2024-01-31,3,1,12.235,3.508,70.912,9.328,0.000,0.674,0.175,0.727,168.266,83.709,15.742,16.300,time_of_use,0
site_owpbo6i70y,150,2024-05-30,4,5,11.486,1.909,71.547,15.129,0.000,0.690,0.082,0.497,171.540,69.747,3.671,20.524,critical_peak,0
site_owpbo6i70y,14,2024-01-15,1,1,8.691,3.574,67.208,5.539,0.000,0.572,0.239,0.848,166.168,65.451,16.852,23.396,time_of_use,0
site_12sjsgd733,221,2024-08-09,5,8,5.900,0.816,74.957,12.525,0.000,0.589,0.015,0.469,171.789,47.995,15.802,16.993,time_of_use,0
site_8ttmv07z34,195,2024-07-14,0,7,2.121,1.395,75.809,18.624,0.000,0.520,0.158,0.495,228.346,56.790,14.983,26.737,critical_peak,0
site_owpbo6i70y,104,2024-04-14,0,4,21.723,4.847,48.406,7.643,0.000,,0.157,0.928,161.727,65.490,11.442,16.393,time_of_use,0
site_jby3v59n6p,99,2024-04-09,2,4,20.397,4.006,66.389,6.426,0.000,0.544,0.283,0.725,207.292,67.813,17.825,30.942,flat,0
site_lh13qhdxr8,79,2024-03-20,3,3,17.707,4.625,54.074,14.969,0.000,0.745,0.159,0.634,171.271,69.107,16.789,26.887,critical_peak,0
site_hv02xi47qd,53,2024-02-23,5,2,19.133,4.539,53.000,5.319,0.370,0.830,0.250,0.608,169.113,83.451,18.814,17.229,critical_peak,0
site_cyoy81mba2,160,2024-06-09,0,6,10.212,2.075,76.587,9.349,0.000,0.695,0.170,0.413,187.850,68.334,18.825,20.245,critical_peak,1
site_l7o5bnkp2o,116,2024-04-26,5,4,20.201,3.737,59.656,15.709,0.000,0.648,0.154,0.753,172.715,58.879,16.086,19.076,critical_peak,0
site_azlkiez3zd,47,2024-02-17,6,2,17.677,4.095,68.664,9.176,0.000,0.744,0.276,0.953,184.172,82.957,28.148,16.752,flat,0
site_oqtmdxfv99,210,2024-07-29,1,7,12.466,1.930,67.814,16.709,0.000,0.690,0.096,0.716,163.813,75.227,20.819,16.875,time_of_use,0
site_q96oxsn6t7,191,2024-07-10,3,7,9.014,1.229,60.245,9.684,0.000,0.500,0.228,0.912,191.516,59.170,12.951,14.672,flat,0
site_l7o5bnkp2o,6,2024-01-07,0,1,11.924,3.443,67.975,4.101,0.000,0.682,0.235,0.718,191.198,72.484,23.072,19.007,critical_peak,0
site_azlkiez3zd,10,2024-01-11,4,1,8.597,3.691,65.778,5.519,0.000,0.696,0.160,0.814,169.727,84.049,18.187,22.321,flat,1
site_azlkiez3zd,13,2024-01-14,0,1,12.941,3.643,70.994,7.950,0.000,0.686,0.230,0.712,197.399,82.806,15.887,26.218,time_of_use,0
site_l7o5bnkp2o,72,2024-03-13,3,3,25.686,3.232,57.366,17.944,0.000,0.715,0.122,0.780,196.097,64.717,20.758,18.640,flat,0
site_8a103kt75c,167,2024-06-16,0,6,10.907,1.982,78.468,3.413,0.000,0.727,0.188,0.604,223.905,80.034,21.090,15.516,time_of_use,0
site_wb8fh6amr3,36,2024-02-06,2,2,16.682,5.034,73.490,15.407,0.000,,0.311,0.714,149.359,72.198,23.097,17.221,flat,0
site_azlkiez3zd,188,2024-07-07,0,7,10.804,1.004,78.065,11.080,0.000,0.674,0.330,0.715,189.880,65.332,33.078,19.823,critical_peak,0
site_q96oxsn6t7,148,2024-05-28,2,5,12.251,1.936,72.572,14.251,0.000,0.594,0.015,0.611,168.330,62.518,16.118,24.162,time_of_use,0
site_lh13qhdxr8,60,2024-03-01,5,3,26.221,4.256,54.513,10.060,0.000,0.589,0.135,0.825,174.565,60.689,22.203,16.108,critical_peak,0
site_owpbo6i70y,228,2024-08-16,5,8,6.942,1.299,68.286,16.229,0.000,0.659,0.144,0.598,172.349,60.649,5.482,24.042,time_of_use,0
site_oqtmdxfv99,164,2024-06-13,4,6,8.328,1.915,72.593,9.856,0.000,0.595,0.298,0.850,189.786,73.192,26.808,21.281,flat,0
site_8a103kt75c,33,2024-02-03,6,2,17.358,3.002,64.144,10.881,0.000,0.753,0.368,0.543,209.653,71.814,16.027,20.431,critical_peak,0
site_ruqwbu08ys,26,2024-01-27,6,1,9.295,3.604,60.025,12.647,0.000,0.643,0.251,0.574,236.374,63.445,23.021,19.474,critical_peak,0
site_unn79reovm,62,2024-03-03,0,3,25.920,4.591,53.195,17.981,0.000,0.674,0.183,0.541,182.823,53.227,17.956,17.996,critical_peak,0
site_ruqwbu08ys,165,2024-06-14,5,6,12.203,0.568,60.570,16.113,0.000,0.512,0.189,0.390,230.662,52.772,26.135,25.210,time_of_use,0
site_wkoe2l3dl1,178,2024-06-27,4,6,7.686,1.848,68.654,10.775,0.000,0.707,0.328,0.831,203.289,66.855,15.779,20.092,critical_peak,0
site_wkoe2l3dl1,163,2024-06-12,3,6,8.865,2.268,64.844,12.852,0.000,0.677,0.232,0.703,175.626,56.957,9.080,19.663,flat,0
site_pyswc8o9g8,101,2024-04-11,4,4,24.010,3.148,55.249,9.224,0.000,0.618,0.203,0.611,216.431,65.325,15.372,17.025,flat,0
site_lpvyddf2dp,172,2024-06-21,5,6,10.165,2.982,71.431,7.137,0.000,0.542,0.299,0.622,211.759,88.909,23.335,18.057,flat,0
site_jby3v59n6p,215,2024-08-03,6,8,5.580,2.298,81.418,8.096,0.000,0.570,0.148,0.592,189.138,70.739,15.341,30.725,critical_peak,0
site_wb8fh6amr3,195,2024-07-14,0,7,11.217,1.826,86.286,10.738,1.944,0.583,0.203,0.910,196.376,66.071,21.112,17.701,critical_peak,0
site_lpvyddf2dp,189,2024-07-08,1,7,4.775,0.880,76.803,7.222,0.000,0.809,0.316,0.612,199.558,76.545,23.351,25.870,flat,0
site_8ttmv07z34,35,2024-02-05,1,2,18.317,3.702,82.203,10.657,0.000,0.596,0.015,0.640,193.344,49.524,13.279,23.805,critical_peak,0
site_ruqwbu08ys,94,2024-04-04,4,4,27.786,5.299,62.881,13.104,0.000,0.626,0.127,0.609,219.971,60.747,14.771,22.104,time_of_use,0
site_l7o5bnkp2o,127,2024-05-07,2,5,20.551,3.873,53.272,20.484,0.000,0.580,,0.929,197.674,67.678,16.577,32.608,flat,0
site_q96oxsn6t7,111,2024-04-21,0,4,18.093,3.424,52.657,9.115,0.000,0.601,0.071,0.947,203.509,67.454,11.355,26.458,time_of_use,0
site_wb8fh6amr3,206,2024-07-25,4,7,7.444,1.641,86.675,11.445,0.100,0.544,0.273,0.631,186.077,47.166,22.675,11.870,critical_peak,1
site_9ueuoqbp8k,137,2024-05-17,5,5,19.142,2.795,73.679,7.900,0.000,0.624,0.282,0.649,,67.006,23.546,26.803,flat,0
site_cyoy81mba2,197,2024-07-16,2,7,4.922,1.592,71.393,19.526,0.000,0.684,0.114,0.638,186.759,75.048,25.364,11.322,critical_peak,0
site_9ueuoqbp8k,123,2024-05-03,5,5,22.202,3.523,57.895,13.198,0.000,0.699,0.276,0.641,192.611,65.108,27.234,31.949,critical_peak,0
site_l7o5bnkp2o,109,2024-04-19,5,4,21.562,2.952,55.429,11.661,0.000,0.678,0.179,0.553,203.393,61.466,11.137,16.263,flat,0
site_oqtmdxfv99,176,2024-06-25,2,6,10.870,1.014,72.820,10.571,0.000,0.681,0.081,0.417,190.450,58.519,2.429,19.358,time_of_use,0
site_q96oxsn6t7,194,2024-07-13,6,7,5.196,0.651,62.781,8.712,0.000,0.615,0.015,0.604,173.758,54.313,8.490,20.947,time_of_use,0
site_mmvs0z732r,207,2024-07-26,5,7,4.742,1.997,76.092,15.242,0.000,0.473,0.045,0.736,,62.101,18.370,27.690,flat,0
site_lh13qhdxr8,222,2024-08-10,6,8,5.773,3.366,85.584,0.346,,0.605,0.214,0.661,172.642,71.012,24.340,21.200,critical_peak,0
site_653fbtaxzy,214,2024-08-02,5,8,8.514,2.181,63.293,15.805,0.000,0.696,0.297,0.526,214.615,80.207,21.907,26.074,critical_peak,0
site_653fbtaxzy,166,2024-06-15,6,6,8.247,0.298,80.608,13.813,0.000,0.612,0.209,,199.969,85.578,19.133,24.163,time_of_use,0
site_8ttmv07z34,39,2024-02-09,5,2,20.450,4.868,52.044,9.362,0.000,0.632,0.182,0.572,200.536,51.423,31.546,20.498,time_of_use,0
site_wkoe2l3dl1,98,2024-04-08,1,4,20.866,4.675,62.889,14.492,0.000,0.656,0.293,0.756,205.768,71.516,13.715,22.130,critical_peak,0
site_8a103kt75c,64,2024-03-05,2,3,25.232,3.599,57.058,6.121,0.000,0.668,0.230,0.724,217.273,61.648,17.358,16.077,flat,1
site_653fbtaxzy,156,2024-06-05,3,6,11.281,1.374,76.694,7.287,0.000,0.674,0.038,0.538,195.978,90.228,,23.743,time_of_use,0
site_unn79reovm,165,2024-06-14,5,6,5.442,3.302,69.554,5.364,0.000,0.608,0.034,0.400,200.951,81.801,10.389,26.008,time_of_use,0
site_hv02xi47qd,143,2024-05-23,4,5,15.682,1.680,67.815,9.038,0.000,0.714,0.207,0.649,171.484,77.742,17.247,7.994,critical_peak,0
site_esvkso5p9a,209,2024-07-28,0,7,2.220,1.914,59.121,17.787,0.100,0.617,0.192,0.765,225.390,81.150,17.605,26.827,flat,0
site_pyswc8o9g8,35,2024-02-05,1,2,18.073,3.741,61.563,3.386,0.000,0.713,0.078,0.536,192.220,40.670,11.821,6.180,critical_peak,0
site_owpbo6i70y,15,2024-01-16,2,1,12.127,3.131,53.053,17.042,0.000,0.592,0.221,0.547,173.461,62.936,15.869,22.083,critical_peak,0
site_oqtmdxfv99,145,2024-05-25,6,5,13.524,1.985,67.045,12.941,0.000,0.614,0.283,0.749,217.743,44.963,15.518,13.678,flat,0
site_653fbtaxzy,12,2024-01-13,6,1,11.653,3.094,,17.199,0.000,0.791,0.246,0.658,212.978,69.236,20.812,22.566,time_of_use,0
site_unn79reovm,135,2024-05-15,3,5,21.186,2.139,53.230,13.301,0.000,0.541,0.015,0.370,202.088,69.895,13.024,21.016,flat,0
site_cyoy81mba2,188,2024-07-07,0,7,9.385,1.200,66.043,17.330,0.000,0.654,0.272,0.647,201.552,89.597,17.694,20.403,critical_peak,0
site_esvkso5p9a,107,2024-04-17,3,4,22.447,3.489,47.806,12.893,0.000,0.708,0.213,0.841,190.288,73.967,22.860,18.527,critical_peak,0
site_l7o5bnkp2o,124,2024-05-04,6,5,,3.488,66.769,9.466,0.000,0.583,0.267,0.739,180.855,66.112,18.513,17.346,critical_peak,0
site_8a103kt75c,143,2024-05-23,4,5,20.463,1.078,52.448,14.387,0.000,0.750,0.400,0.673,205.977,68.935,24.397,23.382,critical_peak,0
site_9ueuoqbp8k,39,2024-02-09,5,2,20.663,2.676,66.834,12.981,0.000,0.600,0.366,0.814,208.873,59.640,17.135,19.228,time_of_use,0
site_9ueuoqbp8k,3,2024-01-04,4,1,10.739,2.656,73.721,7.074,0.000,0.555,0.250,0.332,200.958,62.460,22.702,28.980,time_of_use,1
site_8a103kt75c,26,2024-01-27,6,1,12.733,3.167,60.716,5.370,0.000,0.747,0.341,0.601,196.135,77.744,29.424,19.142,critical_peak,0
site_i72zb352li,91,2024-04-01,1,4,25.040,4.478,59.572,18.149,0.000,0.641,0.149,0.610,199.997,75.868,13.909,18.206,flat,0
site_unn79reovm,169,2024-06-18,2,6,10.972,1.014,63.744,8.276,0.000,,0.101,0.428,196.988,77.716,16.369,13.980,critical_peak,0
site_q96oxsn6t7,23,2024-01-24,3,1,15.729,2.796,73.717,6.487,0.000,0.621,0.015,0.663,173.210,68.871,15.695,21.586,time_of_use,0
site_xms2f2z823,33,2024-02-03,6,2,13.980,2.448,63.734,17.445,0.000,0.643,0.284,0.467,204.431,79.334,28.652,26.099,critical_peak,0
site_wkoe2l3dl1,84,2024-03-25,1,3,23.476,,63.280,16.736,0.000,0.713,0.078,0.829,181.728,77.044,12.569,29.943,time_of_use,0
site_12sjsgd733,234,2024-08-22,4,8,7.568,2.942,78.098,14.027,0.000,0.698,0.086,0.538,188.085,65.158,12.371,23.352,flat,0
site_wkoe2l3dl1,134,2024-05-14,2,5,18.021,3.013,53.088,13.029,0.000,0.530,0.439,0.729,197.912,50.154,18.759,28.040,critical_peak,0
site_unn79reovm,140,2024-05-20,1,5,16.466,1.961,72.440,12.610,0.000,0.526,0.213,0.324,199.532,72.221,13.282,24.464,time_of_use,0
site_hv02xi47qd,237,2024-08-25,0,8,4.260,1.415,78.627,7.877,0.000,0.820,0.302,0.843,212.555,71.642,25.211,25.388,time_of_use,0
site_i72zb352li,75,2024-03-16,6,3,27.215,3.786,58.779,17.036,0.000,0.642,0.228,0.746,220.084,79.808,23.336,25.777,time_of_use,0
site_jby3v59n6p,49,2024-02-19,1,2,15.904,4.429,62.613,12.109,0.000,0.671,0.218,0.546,214.492,54.676,13.404,22.584,time_of_use,0
site_lh13qhdxr8,84,2024-03-25,1,3,23.526,4.758,62.183,1.175,0.000,0.697,0.418,0.813,182.124,67.220,31.132,23.084,time_of_use,0
site_esvkso5p9a,157,2024-06-06,4,6,13.102,2.000,67.201,7.425,0.000,0.586,0.091,0.518,191.259,87.159,15.576,21.669,time_of_use,0
site_pyswc8o9g8,32,2024-02-02,5,2,17.150,4.686,67.072,15.387,0.000,0.623,0.049,0.589,176.691,62.642,15.042,21.766,time_of_use,0
site_653fbtaxzy,188,2024-07-07,0,7,8.280,1.610,67.723,11.407,0.000,0.672,0.271,0.362,236.723,80.786,23.761,16.232,critical_peak,0
site_oqtmdxfv99,236,2024-08-24,6,8,11.030,2.315,84.120,9.370,0.949,0.657,0.203,0.687,204.971,67.502,16.082,28.974,flat,0
site_wkoe2l3dl1,49,2024-02-19,1,2,21.692,4.306,59.450,9.686,0.000,0.659,0.206,0.980,184.483,63.450,18.408,13.165,time_of_use,0
site_cyoy81mba2,180,2024-06-29,6,6,7.911,1.498,91.337,14.196,1.124,0.660,0.262,0.762,197.496,61.029,17.662,19.307,flat,0
site_hv02xi47qd,199,2024-07-18,4,7,3.920,0.964,63.146,5.068,0.000,0.754,0.254,0.437,227.140,74.820,24.156,16.421,flat,0
site_jby3v59n6p,171,2024-06-20,4,6,8.112,1.900,80.330,10.690,0.000,0.595,0.022,0.529,236.247,66.395,18.170,24.169,flat,0
site_azlkiez3zd,99,2024-04-09,2,4,25.709,3.726,59.009,7.958,3.889,0.663,,0.462,167.426,78.978,20.485,26.395,flat,0
site_xms2f2z823,26,2024-01-27,6,1,14.847,1.567,76.427,17.258,0.472,0.623,0.202,0.399,189.638,70.076,22.943,27.733,critical_peak,0
site_lh13qhdxr8,54,2024-02-24,6,2,22.964,3.639,45.285,14.393,0.000,0.524,0.289,0.839,196.207,73.051,22.779,19.472,flat,0
site_mmvs0z732r,229,2024-08-17,6,8,7.839,1.728,61.703,21.520,,0.695,0.220,0.799,191.462,78.932,17.694,31.384,time_of_use,0
site_xms2f2z823,228,2024-08-16,5,8,12.322,0.775,75.036,9.509,0.000,0.773,0.275,0.505,198.743,78.935,26.324,27.303,time_of_use,0
site_lh13qhdxr8,89,2024-03-30,6,3,25.522,4.853,52.260,9.955,0.000,0.606,0.163,0.970,180.543,70.644,19.384,13.622,critical_peak,0
site_cyoy81mba2,4,2024-01-05,5,1,5.900,3.380,76.749,11.798,0.000,0.582,0.141,0.748,192.776,52.161,28.280,15.093,time_of_use,0
site_owpbo6i70y,63,2024-03-04,1,3,19.540,3.824,53.331,6.933,0.000,0.743,0.015,0.750,160.942,53.791,8.150,27.028,flat,0
site_pyswc8o9g8,213,2024-08-01,4,8,6.126,2.051,61.701,17.845,5.089,0.640,0.131,0.390,233.010,46.888,22.691,27.821,critical_peak,0
site_oqtmdxfv99,216,2024-08-04,0,8,7.335,1.684,84.242,9.706,0.000,0.741,0.228,0.672,202.828,75.006,14.491,20.161,flat,0
site_wkoe2l3dl1,135,2024-05-15,3,5,14.718,1.589,57.117,9.015,0.000,0.682,0.243,0.597,183.338,60.625,18.825,25.163,flat,0
site_oqtmdxfv99,152,2024-06-01,6,6,10.589,1.933,59.658,20.301,,0.700,0.226,0.618,207.754,73.588,16.492,24.361,critical_peak,0
site_jby3v59n6p,233,2024-08-21,3,8,7.723,3.520,70.136,14.720,0.000,0.711,0.191,0.665,205.570,81.489,20.158,24.087,critical_peak,0
site_wb8fh6amr3,178,2024-06-27,4,6,7.648,1.127,61.558,8.344,0.000,0.788,0.271,0.629,206.442,51.798,21.725,20.377,critical_peak,0
site_oqtmdxfv99,14,2024-01-15,1,1,,3.449,73.712,5.802,0.000,0.651,0.298,0.513,194.379,72.943,8.705,19.997,time_of_use,0
site_lh13qhdxr8,72,2024-03-13,3,3,25.814,2.866,50.496,8.540,0.000,0.581,0.230,0.910,182.121,70.384,,28.225,flat,0
site_esvkso5p9a,226,2024-08-14,3,8,11.592,2.983,71.189,15.765,1.426,0.625,0.206,0.601,187.993,85.672,13.166,16.595,flat,0
site_9ueuoqbp8k,120,2024-04-30,2,4,16.906,3.604,51.878,12.532,0.000,0.663,0.205,0.719,143.072,73.539,21.895,28.529,time_of_use,0
site_ruqwbu08ys,112,2024-04-22,1,4,22.998,2.688,56.359,9.027,0.000,0.429,0.245,0.650,213.471,39.009,24.719,18.755,time_of_use,0
site_cyoy81mba2,142,2024-05-22,3,5,19.433,2.765,74.336,7.009,0.000,0.623,0.213,0.681,184.345,61.008,16.179,18.895,critical_peak,0
site_pyswc8o9g8,222,2024-08-10,6,8,7.457,2.718,59.173,5.426,0.000,0.719,0.143,0.532,222.654,53.878,16.815,18.358,critical_peak,0
site_lh13qhdxr8,98,2024-04-08,1,4,21.666,5.117,48.016,17.347,5.927,0.617,0.358,0.822,186.215,55.828,29.249,16.802,critical_peak,0
site_pyswc8o9g8,221,2024-08-09,5,8,6.641,1.957,64.402,6.858,0.000,0.578,0.130,0.410,232.626,59.143,16.381,19.329,time_of_use,0
site_wb8fh6amr3,123,2024-05-03,5,5,19.088,2.489,72.491,11.780,0.000,0.736,0.523,0.662,198.329,70.234,23.436,24.140,critical_peak,0
site_pyswc8o9g8,104,2024-04-14,0,4,20.605,3.114,60.339,0.200,0.000,0.688,0.113,0.699,183.885,55.894,12.654,10.547,time_of_use,0
site_xms2f2z823,234,2024-08-22,4,8,13.894,0.942,67.073,8.291,0.000,0.635,0.332,0.555,164.973,71.109,27.921,21.010,flat,0
site_hv02xi47qd,74,2024-03-15,5,3,25.135,4.534,63.492,14.330,0.000,0.673,0.271,0.791,226.103,63.398,29.676,26.617,flat,0
site_pyswc8o9g8,185,2024-07-04,4,7,7.332,1.410,69.988,10.207,0.000,0.626,0.111,0.652,205.922,46.884,,25.063,time_of_use,0
site_9ueuoqbp8k,222,2024-08-10,6,8,4.113,0.782,86.518,9.957,0.000,0.750,0.263,0.622,180.710,55.984,24.393,20.478,critical_peak,0
site_wb8fh6amr3,93,2024-04-03,3,4,21.948,4.639,67.071,8.026,0.000,0.632,0.280,0.837,157.988,64.182,20.762,21.631,time_of_use,0
site_8a103kt75c,82,2024-03-23,6,3,24.946,4.155,67.734,11.646,0.000,0.687,0.363,0.952,235.264,74.376,23.704,16.478,flat,0
site_8a103kt75c,24,2024-01-25,4,1,13.920,4.695,70.349,9.115,0.000,0.699,0.204,0.637,202.403,87.427,28.486,14.488,critical_peak,0
site_ruqwbu08ys,154,2024-06-03,1,6,9.427,1.392,61.215,6.076,0.000,0.489,0.115,0.489,218.592,68.910,18.159,19.669,flat,0
site_ruqwbu08ys,11,2024-01-12,5,1,7.932,2.072,72.710,10.560,0.755,0.689,0.177,0.610,211.109,65.343,24.316,17.777,flat,0
site_q96oxsn6t7,151,2024-05-31,5,5,19.416,2.997,68.635,15.729,0.000,0.610,0.160,0.923,166.704,70.225,22.608,29.743,critical_peak,0
site_mmvs0z732r,222,2024-08-10,6,8,14.079,2.285,74.199,2.769,0.000,0.603,0.088,0.815,176.264,73.501,12.339,12.406,critical_peak,0
site_jby3v59n6p,43,2024-02-13,2,2,18.688,3.157,72.042,12.303,0.000,0.635,0.284,0.658,182.233,52.935,22.040,19.391,critical_peak,0
site_jby3v59n6p,138,2024-05-18,6,5,18.256,3.564,78.239,6.252,0.000,,0.132,0.584,198.290,64.714,15.831,24.031,time_of_use,0
site_unn79reovm,150,2024-05-30,4,5,14.729,2.468,56.876,14.300,0.000,0.457,0.097,0.287,216.456,62.859,6.806,26.431,critical_peak,0
site_owpbo6i70y,10,2024-01-11,4,1,10.380,2.503,79.814,3.160,0.000,0.621,0.122,0.617,174.607,71.483,10.673,25.478,flat,0
site_9ueuoqbp8k,32,2024-02-02,5,2,16.486,2.655,62.032,10.326,0.000,0.625,0.340,0.484,195.116,65.843,25.521,24.001,time_of_use,0
site_lh13qhdxr8,111,2024-04-21,0,4,19.446,2.166,68.653,3.856,0.000,0.687,0.316,0.360,176.517,85.838,25.002,14.356,time_of_use,0
site_hv02xi47qd,78,2024-03-19,2,3,27.800,3.495,55.109,13.339,0.000,0.587,0.267,0.740,231.167,64.007,28.939,22.199,critical_peak,0
site_azlkiez3zd,150,2024-05-30,4,5,11.341,1.043,73.885,15.247,0.000,0.611,,0.821,186.083,73.123,21.575,19.906,critical_peak,0
site_ruqwbu08ys,115,2024-04-25,4,4,18.866,3.840,65.066,17.786,0.000,0.555,0.199,0.527,207.463,64.424,14.095,15.519,critical_peak,0
site_653fbtaxzy,164,2024-06-13,4,6,6.394,2.643,71.741,12.331,0.000,0.582,0.271,0.671,239.480,76.457,21.820,20.423,flat,0
site_wkoe2l3dl1,63,2024-03-04,1,3,23.113,4.135,67.427,9.057,1.277,0.430,0.205,0.675,173.348,63.862,13.326,11.681,flat,0
site_12sjsgd733,97,2024-04-07,0,4,26.160,3.142,50.464,8.441,0.000,0.468,0.015,0.383,179.102,79.851,11.084,14.527,critical_peak,0
site_8ttmv07z34,191,2024-07-10,3,7,2.087,2.217,85.766,11.588,0.000,0.602,0.038,0.514,198.534,72.214,13.855,24.580,flat,0
site_i72zb352li,206,2024-07-25,4,7,5.824,0.974,78.146,7.799,0.000,0.704,0.321,0.481,214.361,82.320,14.510,23.748,critical_peak,0
site_ruqwbu08ys,204,2024-07-23,2,7,11.509,1.788,82.246,12.420,0.000,0.754,0.276,0.551,198.842,69.969,24.881,13.248,critical_peak,0
site_lpvyddf2dp,178,2024-06-27,4,6,12.252,1.550,71.301,18.716,0.000,0.615,0.273,0.661,203.055,91.259,23.118,17.856,critical_peak,0
site_hv02xi47qd,130,2024-05-10,5,5,21.735,3.191,57.793,16.240,0.000,0.665,0.322,0.807,190.474,68.723,24.523,20.906,time_of_use,0
site_unn79reovm,56,2024-02-26,1,2,21.013,3.604,62.673,11.488,0.000,0.764,0.088,0.564,206.892,70.508,14.540,20.496,flat,0
site_653fbtaxzy,167,2024-06-16,0,6,7.912,0.996,62.766,5.710,0.000,0.686,0.267,0.763,235.182,75.779,13.940,12.555,time_of_use,0
site_12sjsgd733,31,2024-02-01,4,2,16.571,4.237,63.167,12.745,0.000,0.447,0.119,0.452,228.782,62.770,17.252,23.443,time_of_use,0
site_hv02xi47qd,227,2024-08-15,4,8,9.652,3.631,58.476,2.052,0.000,0.685,0.364,0.642,203.155,84.406,30.251,31.039,flat,0
site_hv02xi47qd,6,2024-01-07,0,1,12.112,2.353,69.681,0.200,0.000,0.696,0.288,0.770,197.883,68.474,34.773,26.763,critical_peak,0
site_xms2f2z823,168,2024-06-17,1,6,14.517,2.225,95.119,17.644,0.000,0.611,0.172,0.787,182.521,70.568,20.496,17.041,critical_peak,0
site_8a103kt75c,92,2024-04-02,2,4,23.000,3.738,45.316,10.300,0.000,0.732,0.248,0.637,196.424,67.819,25.983,16.631,flat,0
site_8a103kt75c,76,2024-03-17,0,3,20.470,5.741,70.684,10.706,0.000,0.751,0.559,0.642,217.838,69.446,27.268,19.346,time_of_use,0
site_owpbo6i70y,68,2024-03-09,6,3,23.061,3.769,66.790,7.700,0.100,0.623,0.020,0.711,152.308,63.464,18.831,,time_of_use,0
site_q96oxsn6t7,35,2024-02-05,1,2,12.019,3.590,65.810,5.549,0.000,0.425,0.081,0.804,157.732,58.884,14.933,17.408,critical_peak,0
site_hv02xi47qd,4,2024-01-05,5,1,10.823,2.185,72.503,10.616,0.000,0.613,0.164,0.880,191.128,71.252,22.349,21.009,time_of_use,1
site_wb8fh6amr3,239,2024-08-27,2,8,9.644,3.480,81.146,14.311,0.951,0.711,0.179,0.621,178.891,74.079,24.394,18.438,time_of_use,0
site_ruqwbu08ys,179,2024-06-28,5,6,12.191,1.210,72.251,9.121,0.000,0.457,0.255,0.279,201.184,51.519,22.252,13.928,critical_peak,0
site_lh13qhdxr8,221,2024-08-09,5,8,12.621,2.754,78.235,7.397,0.000,0.429,0.308,0.916,177.955,74.877,30.226,20.446,time_of_use,0
site_8a103kt75c,32,2024-02-02,5,2,15.438,4.019,56.052,6.701,0.000,,0.291,0.649,224.869,83.297,13.537,22.706,time_of_use,0
site_8a103kt75c,37,2024-02-07,3,2,17.829,3.176,62.263,12.133,0.000,0.740,0.237,0.682,203.545,73.445,22.868,24.450,flat,0
site_8a103kt75c,130,2024-05-10,5,5,19.676,1.984,65.224,14.353,0.000,0.654,0.266,0.399,225.294,72.829,17.165,17.385,time_of_use,0
site_l7o5bnkp2o,45,2024-02-15,4,2,17.917,3.208,47.433,7.653,0.000,0.570,0.313,0.608,197.162,48.804,17.833,16.213,flat,0
site_8ttmv07z34,53,2024-02-23,5,2,20.159,4.015,65.696,,6.172,0.583,0.015,0.678,182.186,47.653,,17.204,critical_peak,0
site_12sjsgd733,114,2024-04-24,3,4,17.455,3.337,55.551,13.502,0.000,0.599,0.015,0.526,170.782,71.027,9.087,15.047,critical_peak,0
site_12sjsgd733,48,2024-02-18,0,2,21.598,4.085,58.317,11.595,1.238,0.593,0.071,0.650,178.167,81.804,18.473,20.079,time_of_use,0
site_pyswc8o9g8,163,2024-06-12,3,6,8.987,2.094,72.068,11.572,0.000,0.645,0.194,0.669,238.101,67.405,16.021,21.959,flat,0
site_hv02xi47qd,45,2024-02-15,4,2,15.905,3.855,68.761,8.539,0.000,0.662,0.319,0.722,169.491,81.412,24.466,18.960,flat,0
site_653fbtaxzy,186,2024-07-05,5,7,9.658,1.962,69.631,8.534,0.000,0.679,0.276,0.517,188.993,64.485,15.079,21.579,critical_peak,0
site_xms2f2z823,184,2024-07-03,3,7,10.935,0.253,73.452,6.655,0.000,0.665,0.336,0.715,191.632,65.682,25.581,12.472,time_of_use,0
site_i72zb352li,99,2024-04-09,2,4,27.268,4.287,64.333,18.446,0.000,0.684,0.311,0.729,226.006,78.283,20.211,24.308,flat,0
site_mmvs0z732r,152,2024-06-01,6,6,12.892,2.902,84.529,15.562,0.000,0.600,0.155,0.782,176.569,55.461,10.619,26.033,critical_peak,0
site_oqtmdxfv99,159,2024-06-08,6,6,14.439,1.855,63.530,14.978,0.000,0.754,0.015,0.598,199.528,90.511,11.982,24.757,critical_peak,0
site_unn79reovm,46,2024-02-16,5,2,16.226,3.119,79.780,8.914,0.000,0.743,0.117,,212.670,84.236,17.128,21.846,flat,0
site_oqtmdxfv99,0,2024-01-01,1,1,11.593,,59.100,6.708,0.000,0.809,0.083,0.433,210.972,70.270,9.322,16.186,flat,0
site_q96oxsn6t7,44,2024-02-14,3,2,18.497,3.687,55.654,10.381,0.000,0.649,0.024,0.725,161.191,80.008,15.767,22.744,critical_peak,1
site_8ttmv07z34,14,2024-01-15,1,1,13.652,1.925,69.896,11.934,0.865,0.433,0.211,0.413,186.053,68.894,21.361,31.853,time_of_use,0
site_lpvyddf2dp,0,2024-01-01,1,1,9.023,2.861,67.021,10.852,0.000,0.610,0.189,0.710,191.675,60.870,,8.546,flat,0
site_owpbo6i70y,223,2024-08-11,0,8,4.753,0.971,75.558,9.770,0.338,0.634,0.200,0.570,188.758,64.154,14.007,28.792,critical_peak,0
site_9ueuoqbp8k,130,2024-05-10,5,5,20.502,3.188,67.841,13.878,0.000,0.531,0.166,0.475,221.758,83.276,14.669,28.876,time_of_use,0
site_9ueuoqbp8k,220,2024-08-08,4,8,11.146,2.904,70.142,13.314,0.000,0.603,0.216,0.526,168.586,63.464,22.109,19.510,time_of_use,0
site_8a103kt75c,127,2024-05-07,2,5,14.253,3.457,68.663,7.195,0.000,,0.375,0.674,217.390,102.866,31.895,14.605,flat,0
site_lpvyddf2dp,137,2024-05-17,5,5,14.002,2.487,66.286,6.367,0.000,0.662,0.206,0.578,179.610,83.415,19.035,20.649,flat,0
site_pyswc8o9g8,191,2024-07-10,3,7,6.464,1.986,74.704,13.168,0.000,0.566,0.178,0.247,208.979,48.351,19.079,26.295,flat,0
site_8a103kt75c,176,2024-06-25,2,6,12.947,1.523,70.254,0.507,0.000,0.670,0.205,0.628,206.673,63.847,23.870,18.243,time_of_use,0
site_hv02xi47qd,195,2024-07-14,0,7,9.399,1.589,62.422,10.128,0.000,0.698,0.267,0.480,189.098,86.200,19.744,22.991,critical_peak,0
site_mmvs0z732r,142,2024-05-22,3,5,18.059,1.340,62.866,19.871,0.000,0.622,0.015,0.709,165.285,65.534,9.301,15.329,critical_peak,0
site_xms2f2z823,100,2024-04-10,3,4,20.483,3.573,64.345,10.020,0.000,0.675,0.262,0.699,192.068,69.885,24.384,18.848,flat,0
site_mmvs0z732r,176,2024-06-25,2,6,13.344,1.257,78.371,11.743,0.000,0.574,0.087,0.545,172.768,66.430,13.315,18.777,time_of_use,0
site_esvkso5p9a,194,2024-07-13,6,7,9.485,0.706,77.099,10.617,0.000,0.801,0.134,0.600,198.291,80.233,20.597,27.122,time_of_use,0
site_pyswc8o9g8,195,2024-07-14,0,7,8.151,1.929,78.019,9.677,0.000,0.632,0.015,0.361,193.472,59.352,12.247,20.665,critical_peak,0
site_l7o5bnkp2o,143,2024-05-23,4,5,15.656,1.451,63.336,4.525,0.000,0.601,0.193,0.732,192.991,80.286,14.040,22.066,critical_peak,0
site_i72zb352li,196,2024-07-15,1,7,6.655,2.423,74.250,12.982,0.000,0.749,0.195,0.562,191.272,93.627,21.908,29.640,critical_peak,0
site_unn79reovm,35,2024-02-05,1,2,18.453,4.307,54.139,12.239,0.000,0.619,0.258,0.524,211.681,69.349,18.728,27.666,critical_peak,0
site_wb8fh6amr3,86,2024-03-27,3,3,24.269,5.424,57.816,13.206,0.000,0.646,0.236,0.691,189.874,65.607,3.866,26.204,time_of_use,0
site_653fbtaxzy,71,2024-03-12,2,3,27.514,4.135,65.509,6.461,0.000,0.751,0.277,0.600,242.496,84.790,21.861,25.226,critical_peak,0
site_oqtmdxfv99,235,2024-08-23,5,8,11.187,2.346,60.364,10.694,0.000,0.741,0.167,0.826,221.478,61.695,14.778,17.617,flat,0
site_azlkiez3zd,92,2024-04-02,2,4,25.701,3.389,66.730,15.262,0.000,0.598,0.331,0.794,222.807,69.162,21.988,20.811,flat,0
site_8a103kt75c,239,2024-08-27,2,8,9.866,1.143,72.740,10.566,0.000,0.696,0.341,0.265,185.091,56.902,28.510,30.217,time_of_use,0
site_12sjsgd733,66,2024-03-07,4,3,26.428,4.240,73.838,14.137,0.000,0.694,0.017,0.487,182.021,63.713,16.159,18.100,time_of_use,0
site_cyoy81mba2,131,2024-05-11,6,5,16.932,3.389,58.179,3.515,0.555,0.697,0.303,0.760,191.443,59.237,13.429,27.797,time_of_use,0
site_mmvs0z732r,132,2024-05-12,0,5,15.164,3.354,60.159,9.982,0.000,0.727,0.275,0.714,195.438,62.728,20.031,18.577,critical_peak,0
site_unn79reovm,29,2024-01-30,2,1,17.657,2.903,74.650,19.276,0.000,0.640,0.068,0.535,189.135,61.189,12.635,35.334,flat,0
site_lh13qhdxr8,146,2024-05-26,0,5,14.656,3.165,64.557,16.630,1.151,0.609,0.286,0.737,179.033,59.315,16.803,13.752,flat,0
site_653fbtaxzy,161,2024-06-10,1,6,9.164,1.450,,13.847,0.000,0.707,0.238,0.415,219.039,81.858,25.101,18.674,critical_peak,0
site_wkoe2l3dl1,86,2024-03-27,3,3,26.802,,48.823,5.758,0.000,0.445,0.163,0.739,239.277,59.750,17.298,11.596,time_of_use,0
site_wb8fh6amr3,78,2024-03-19,2,3,25.991,3.966,58.789,13.316,0.000,0.701,0.313,0.865,194.409,63.319,18.733,16.081,critical_peak,0
site_8a103kt75c,174,2024-06-23,0,6,12.182,1.689,68.966,4.101,0.421,,0.351,0.490,223.588,71.155,31.840,22.221,time_of_use,0
site_jby3v59n6p,144,2024-05-24,5,5,18.021,3.473,54.440,13.897,0.000,0.761,0.229,0.661,216.460,59.015,21.137,21.190,flat,1
site_653fbtaxzy,72,2024-03-13,3,3,21.423,4.841,68.437,14.628,0.617,0.651,0.204,0.707,209.366,78.786,16.212,18.031,flat,0
site_l7o5bnkp2o,207,2024-07-26,5,7,6.595,1.753,80.446,18.025,0.000,0.690,0.243,0.651,208.317,45.904,14.416,24.672,flat,0
site_lpvyddf2dp,50,2024-02-20,2,2,21.907,3.806,51.644,10.256,0.000,0.624,0.121,0.600,214.249,68.246,18.961,18.243,time_of_use,0
site_q96oxsn6t7,187,2024-07-06,6,7,11.586,0.492,84.583,10.151,0.000,0.657,0.015,0.707,186.892,52.949,10.094,29.578,critical_peak,0
site_ruqwbu08ys,81,2024-03-22,5,3,25.935,3.588,64.317,16.036,0.000,0.589,0.158,0.599,189.900,58.216,24.900,27.322,flat,0
site_oqtmdxfv99,163,2024-06-12,3,6,7.401,1.506,60.013,17.656,0.000,0.822,0.106,0.607,202.506,86.179,20.897,19.980,flat,0
site_lpvyddf2dp,104,2024-04-14,0,4,26.650,4.301,51.552,8.315,0.353,0.717,0.367,0.937,211.058,84.115,23.777,16.545,time_of_use,0
site_cyoy81mba2,29,2024-01-30,2,1,14.813,3.600,57.710,9.764,0.000,0.696,0.229,0.580,190.686,57.477,22.839,28.050,flat,0
site_8a103kt75c,208,2024-07-27,6,7,8.561,2.125,59.638,14.265,0.000,0.890,0.406,0.532,234.661,78.835,34.086,15.707,flat,0
site_hv02xi47qd,146,2024-05-26,0,5,19.199,2.005,49.520,12.891,0.000,0.629,0.218,0.570,178.695,75.161,25.578,26.407,flat,0
site_l7o5bnkp2o,102,2024-04-12,5,4,25.160,3.301,56.626,7.556,0.000,0.571,0.177,0.586,179.466,68.630,23.672,25.606,time_of_use,0
site_wkoe2l3dl1,137,2024-05-17,5,5,16.016,2.225,61.829,12.908,0.000,0.481,0.194,0.860,173.461,71.845,13.924,15.433,flat,0
site_q96oxsn6t7,42,2024-02-12,1,2,21.094,2.048,58.179,13.769,0.000,,0.143,0.650,163.562,65.563,22.640,32.371,critical_peak,0
site_l7o5bnkp2o,138,2024-05-18,6,5,18.631,2.451,61.923,9.307,0.000,,0.156,0.752,198.047,40.507,15.080,19.530,time_of_use,0
site_hv02xi47qd,205,2024-07-24,3,7,9.511,1.098,82.499,18.543,0.000,0.670,0.075,0.788,203.772,71.307,20.818,29.664,critical_peak,0
site_i72zb352li,154,2024-06-03,1,6,12.722,2.333,71.027,15.438,0.000,0.740,0.373,0.427,194.689,78.092,22.276,29.485,flat,0
site_jby3v59n6p,219,2024-08-07,3,8,10.406,2.274,77.632,12.880,0.000,0.335,0.184,0.584,212.992,56.050,18.503,18.320,time_of_use,0
site_lh13qhdxr8,10,2024-01-11,4,1,8.933,3.061,70.174,11.807,1.550,0.572,0.106,0.543,194.137,79.535,17.066,15.700,flat,0
site_ruqwbu08ys,138,2024-05-18,6,5,17.496,2.198,71.814,14.913,0.000,0.566,0.266,0.419,199.267,43.427,21.833,19.802,time_of_use,0
site_8a103kt75c,89,2024-03-30,6,3,24.173,1.863,63.001,12.313,0.000,0.691,0.389,0.448,197.630,84.830,18.851,26.841,critical_peak,0
site_jby3v59n6p,61,2024-03-02,6,3,19.473,3.260,65.172,17.026,0.000,0.725,0.355,0.548,203.564,69.873,24.013,24.613,critical_peak,0
site_esvkso5p9a,33,2024-02-03,6,2,14.577,3.463,67.678,23.966,0.000,0.637,0.200,0.690,173.685,78.651,17.186,19.386,critical_peak,0
site_12sjsgd733,179,2024-06-28,5,6,8.619,1.197,65.308,11.809,0.000,0.600,0.031,0.219,210.169,64.594,19.869,6.034,critical_peak,0
site_oqtmdxfv99,128,2024-05-08,3,5,22.022,2.458,70.293,4.155,0.000,0.748,0.118,0.766,212.037,71.077,12.041,27.529,flat,0
site_esvkso5p9a,106,2024-04-16,2,4,23.024,4.294,59.180,7.448,0.000,0.732,0.223,0.846,224.429,73.249,17.985,28.577,critical_peak,0
site_8ttmv07z34,159,2024-06-08,6,6,11.468,2.883,69.614,5.445,0.000,0.708,0.055,0.576,191.295,64.335,19.717,13.886,critical_peak,0
site_cyoy81mba2,217,2024-08-05,1,8,7.394,1.453,69.627,6.480,0.000,0.637,0.263,0.465,190.964,60.451,22.044,26.294,flat,0
site_l7o5bnkp2o,4,2024-01-05,5,1,7.564,3.095,66.155,15.468,0.000,0.594,0.362,0.830,216.478,73.043,22.113,26.599,time_of_use,0
site_ruqwbu08ys,39,2024-02-09,5,2,18.261,4.606,51.375,17.076,0.000,0.642,0.095,0.725,200.799,76.326,19.657,16.677,time_of_use,0
site_12sjsgd733,40,2024-02-10,6,2,16.217,4.074,,,0.000,0.685,0.015,0.715,195.903,58.487,8.175,16.568,time_of_use,0
site_owpbo6i70y,74,2024-03-15,5,3,21.183,4.323,51.650,4.012,,0.783,0.121,0.726,145.514,61.513,17.895,23.614,flat,0
site_esvkso5p9a,181,2024-06-30,0,6,8.342,0.050,71.866,10.746,0.000,0.645,0.318,0.613,231.960,84.493,25.111,16.849,flat,0
site_i72zb352li,226,2024-08-14,3,8,8.761,1.493,80.379,14.720,0.000,0.746,0.302,0.393,213.607,64.163,14.087,22.378,flat,0
site_653fbtaxzy,201,2024-07-20,6,7,12.614,1.985,84.709,15.731,0.000,0.554,0.327,0.369,211.189,67.915,17.323,16.631,time_of_use,0
site_12sjsgd733,103,2024-04-13,6,4,24.816,3.731,59.520,8.162,0.000,0.731,0.094,0.455,188.673,59.017,6.449,,time_of_use,0
site_esvkso5p9a,75,2024-03-16,6,3,23.623,4.116,52.104,9.760,0.000,0.734,0.339,0.746,186.018,74.603,20.710,12.885,time_of_use,0
site_ruqwbu08ys,100,2024-04-10,3,4,25.669,4.633,41.414,11.030,0.000,0.616,0.362,0.850,221.007,48.971,28.626,16.474,flat,0
site_esvkso5p9a,67,2024-03-08,5,3,21.698,3.847,65.154,10.796,0.000,0.686,0.219,0.654,171.832,64.108,21.780,16.313,time_of_use,0
site_esvkso5p9a,150,2024-05-30,4,5,11.625,1.663,67.801,15.758,0.000,0.539,0.395,0.800,212.604,65.884,22.417,22.018,critical_peak,0
site_lpvyddf2dp,215,2024-08-03,6,8,6.422,1.381,86.368,2.364,0.000,0.643,0.326,,206.343,75.170,19.396,17.604,critical_peak,0
site_i72zb352li,120,2024-04-30,2,4,19.044,2.797,55.487,11.237,0.000,0.738,0.370,0.520,206.123,72.187,15.358,15.979,time_of_use,0
site_pyswc8o9g8,57,2024-02-27,2,2,25.245,4.403,58.833,6.367,0.000,0.643,0.130,0.760,165.272,63.335,16.602,9.784,time_of_use,0
site_12sjsgd733,55,2024-02-25,0,2,21.464,4.107,43.281,12.890,0.000,0.663,0.143,0.707,161.614,77.171,24.815,9.760,flat,0
site_l7o5bnkp2o,55,2024-02-25,0,2,16.971,5.435,50.008,14.364,0.000,,0.253,0.948,192.658,51.413,20.481,23.240,flat,0
site_hv02xi47qd,218,2024-08-06,2,8,11.829,1.020,64.432,9.852,0.000,0.533,0.204,0.732,188.128,71.784,9.475,25.747,flat,0
site_oqtmdxfv99,168,2024-06-17,1,6,14.347,1.950,82.291,17.686,0.000,0.807,0.112,0.551,201.810,61.782,21.277,26.338,critical_peak,0
site_l7o5bnkp2o,206,2024-07-25,4,7,7.322,2.027,80.965,9.097,0.000,0.715,0.272,0.670,205.853,61.019,19.718,23.048,critical_peak,1
site_653fbtaxzy,159,2024-06-08,6,6,8.603,0.090,69.536,6.830,0.000,0.668,0.293,0.396,212.382,80.878,25.462,13.792,critical_peak,0
site_xms2f2z823,21,2024-01-22,1,1,17.956,1.670,69.944,12.387,0.000,0.683,0.354,0.661,187.984,62.581,24.851,19.978,time_of_use,0
site_lpvyddf2dp,232,2024-08-20,2,8,12.255,2.116,71.401,9.760,0.000,0.618,0.290,0.913,179.799,76.100,21.084,24.699,critical_peak,0
site_lpvyddf2dp,160,2024-06-09,0,6,11.246,1.330,73.064,10.844,0.000,0.833,0.244,0.783,209.028,71.581,18.700,25.383,critical_peak,1
site_mmvs0z732r,136,2024-05-16,4,5,14.497,1.970,66.039,15.622,0.000,0.592,0.212,0.447,164.088,67.676,14.561,16.639,flat,0
site_lh13qhdxr8,184,2024-07-03,3,7,13.562,1.200,84.253,14.314,0.000,0.592,0.272,0.623,173.239,59.972,22.792,19.124,time_of_use,0
site_8ttmv07z34,236,2024-08-24,6,8,9.126,2.728,64.501,15.776,0.000,0.648,0.231,0.631,215.311,68.995,17.415,24.535,flat,0
site_lh13qhdxr8,237,2024-08-25,0,8,9.491,2.397,74.469,8.519,0.000,0.766,0.287,0.608,185.112,71.341,18.284,25.365,time_of_use,0
site_q96oxsn6t7,179,2024-06-28,5,6,10.158,0.307,81.912,13.356,0.000,0.546,,0.578,150.003,41.411,15.002,,critical_peak,0
site_pyswc8o9g8,42,2024-02-12,1,2,20.048,3.026,68.013,8.889,0.000,0.556,0.041,0.792,198.716,40.370,14.239,26.826,critical_peak,0
site_hv02xi47qd,96,2024-04-06,6,4,23.261,3.699,72.915,12.363,0.000,0.607,0.304,0.793,198.538,72.550,23.652,32.710,critical_peak,0
site_653fbtaxzy,211,2024-07-30,2,7,8.183,1.202,71.482,13.346,0.000,0.656,0.273,0.485,223.979,83.332,11.239,15.272,time_of_use,0
site_12sjsgd733,134,2024-05-14,2,5,14.901,1.845,67.598,9.929,0.000,0.578,0.015,0.366,210.255,64.518,14.151,4.924,critical_peak,0
site_mmvs0z732r,42,2024-02-12,1,2,14.994,3.563,73.365,10.989,0.000,0.706,0.094,0.691,170.393,78.657,19.705,11.101,critical_peak,0
site_q96oxsn6t7,153,2024-06-02,0,6,9.309,1.791,71.814,1.270,1.318,0.547,0.224,0.778,173.415,59.464,7.585,14.483,flat,0
site_8ttmv07z34,172,2024-06-21,5,6,8.091,0.961,53.968,13.367,0.000,0.568,0.223,0.253,220.279,78.195,17.877,26.373,flat,0
site_owpbo6i70y,29,2024-01-30,2,1,15.243,4.298,67.455,7.353,0.000,0.666,0.207,0.671,166.425,67.072,17.890,14.214,flat,0
site_lh13qhdxr8,78,2024-03-19,2,3,23.937,5.028,46.910,21.782,0.451,0.658,,0.980,181.435,58.735,29.471,21.360,critical_peak,0
site_oqtmdxfv99,104,2024-04-14,0,4,27.447,3.180,59.460,11.066,0.000,0.650,0.178,0.574,197.649,69.934,14.029,17.410,time_of_use,0
site_jby3v59n6p,198,2024-07-17,3,7,3.794,0.575,68.693,6.988,2.776,0.580,0.265,0.277,222.896,,21.065,29.047,flat,0
site_9ueuoqbp8k,181,2024-06-30,0,6,7.496,0.050,80.284,12.685,0.000,0.637,0.498,0.587,227.469,54.128,38.786,24.705,flat,0
site_jby3v59n6p,67,2024-03-08,5,3,26.799,4.200,,9.803,0.000,0.762,0.119,0.488,231.262,,13.637,25.083,time_of_use,0
site_ruqwbu08ys,121,2024-05-01,3,5,18.475,1.803,64.846,11.622,3.583,0.688,0.156,,199.141,55.331,13.624,15.022,time_of_use,1
site_hv02xi47qd,185,2024-07-04,4,7,8.772,1.198,69.616,13.345,0.000,0.774,0.316,0.636,193.094,75.238,22.717,22.559,time_of_use,0
site_oqtmdxfv99,20,2024-01-21,0,1,14.955,3.457,75.987,11.410,0.000,0.743,0.052,0.863,162.667,82.501,13.897,17.829,flat,0
site_mmvs0z732r,182,2024-07-01,1,7,9.923,1.261,72.967,16.388,0.000,0.705,0.074,0.537,181.344,61.473,15.389,14.216,flat,0
site_xms2f2z823,206,2024-07-25,4,7,4.572,1.868,75.025,10.349,0.000,0.526,0.358,0.361,210.212,61.096,32.381,19.172,critical_peak,0
site_q96oxsn6t7,99,2024-04-09,2,4,21.338,3.701,62.025,17.251,0.000,0.550,0.106,0.892,163.914,57.412,15.171,33.616,flat,0
site_jby3v59n6p,19,2024-01-20,6,1,16.151,2.888,70.671,10.730,0.000,0.778,0.039,0.525,186.253,61.515,8.829,19.275,flat,0
site_azlkiez3zd,135,2024-05-15,3,5,17.389,1.771,51.233,9.112,0.000,0.788,0.149,0.735,199.572,77.708,13.541,30.256,flat,0
site_xms2f2z823,9,2024-01-10,3,1,12.126,2.977,73.252,8.394,0.000,0.487,0.317,0.533,160.499,52.831,31.394,23.015,flat,0
site_owpbo6i70y,176,2024-06-25,2,6,16.623,0.523,81.646,11.394,0.000,0.745,0.134,0.525,153.467,69.577,14.586,27.584,time_of_use,0
site_q96oxsn6t7,174,2024-06-23,0,6,9.482,2.259,77.593,12.952,0.000,0.599,0.114,0.722,168.294,60.469,13.591,31.838,time_of_use,0
site_cyoy81mba2,163,2024-06-12,3,6,7.275,2.069,73.008,14.855,0.000,0.532,0.106,0.831,203.297,72.252,19.203,18.312,flat,0
site_8a103kt75c,104,2024-04-14,0,4,28.729,3.860,64.068,12.356,4.966,0.686,0.302,0.466,241.786,71.187,26.838,17.261,time_of_use,0
site_wkoe2l3dl1,67,2024-03-08,5,3,21.212,4.469,51.316,0.488,0.000,0.480,0.172,0.685,181.472,77.583,14.126,33.197,time_of_use,0
site_unn79reovm,151,2024-05-31,5,5,17.275,1.989,70.499,15.697,0.000,0.552,0.139,0.328,194.406,68.640,17.760,15.306,critical_peak,0
site_xms2f2z823,229,2024-08-17,6,8,9.350,4.093,67.143,11.563,0.000,0.662,0.410,0.739,202.541,73.373,22.202,10.163,time_of_use,0
site_hv02xi47qd,151,2024-05-31,5,5,13.349,3.412,68.631,14.762,0.000,0.756,0.347,,190.652,83.728,25.143,33.718,critical_peak,0
site_q96oxsn6t7,152,2024-06-01,6,6,9.744,2.073,64.169,11.235,0.773,0.614,0.015,0.832,195.261,82.897,13.190,25.962,critical_peak,0
site_wkoe2l3dl1,81,2024-03-22,5,3,25.579,3.829,61.111,10.952,0.000,0.525,0.149,0.849,244.379,,17.653,20.081,flat,1
site_wkoe2l3dl1,208,2024-07-27,6,7,5.650,0.646,83.722,7.692,0.000,0.522,0.144,0.582,206.325,51.776,9.566,22.577,flat,0
site_lpvyddf2dp,62,2024-03-03,0,3,25.325,4.553,78.726,17.337,0.000,0.785,0.114,0.735,201.375,90.722,21.145,13.734,critical_peak,0
site_mmvs0z732r,181,2024-06-30,0,6,9.551,1.529,71.794,12.973,6.477,0.670,0.139,0.643,179.674,58.487,14.243,18.477,flat,0
site_cyoy81mba2,211,2024-07-30,2,7,2.676,1.197,62.612,12.074,0.000,0.702,0.239,0.637,217.371,65.517,17.381,24.538,time_of_use,0
site_q96oxsn6t7,34,2024-02-04,0,2,21.747,2.661,58.091,13.115,0.000,0.669,0.199,0.827,190.651,53.906,21.679,33.421,critical_peak,0
site_lpvyddf2dp,48,2024-02-18,0,2,22.667,3.119,48.331,5.011,0.000,0.573,0.285,0.768,183.972,60.171,19.236,26.005,time_of_use,0
site_owpbo6i70y,26,2024-01-27,6,1,16.369,4.610,83.117,10.498,1.373,0.659,0.152,0.631,171.178,43.912,14.401,27.446,critical_peak,0
site_jby3v59n6p,40,2024-02-10,6,2,15.672,4.915,68.769,16.745,,0.583,0.187,0.442,185.970,53.329,17.645,15.512,time_of_use,0
site_8ttmv07z34,196,2024-07-15,1,7,9.910,2.164,79.209,13.297,0.000,0.560,0.208,0.490,212.809,76.177,16.133,25.907,critical_peak,0
site_azlkiez3zd,187,2024-07-06,6,7,7.969,1.459,91.100,7.864,0.000,0.459,0.228,0.541,201.678,60.117,18.271,30.671,critical_peak,0
site_esvkso5p9a,93,2024-04-03,3,4,27.546,3.873,60.179,15.708,0.000,0.647,0.130,0.674,221.244,89.438,15.031,21.339,time_of_use,0
site_cyoy81mba2,9,2024-01-10,3,1,10.996,2.402,63.360,13.983,0.000,0.496,0.242,0.741,176.174,79.054,22.048,21.766,flat,0
site_cyoy81mba2,165,2024-06-14,5,6,4.171,0.647,68.637,13.329,0.000,0.723,0.249,0.416,199.202,70.435,17.129,18.149,time_of_use,1
site_12sjsgd733,227,2024-08-15,4,8,5.065,2.321,71.758,13.632,0.000,0.637,0.015,0.347,188.940,72.286,8.688,20.683,flat,0
site_wkoe2l3dl1,237,2024-08-25,0,8,10.139,2.007,62.892,8.224,0.000,0.594,0.219,0.673,193.276,66.119,10.595,20.802,time_of_use,0
site_cyoy81mba2,139,2024-05-19,0,5,19.172,1.767,47.214,6.812,0.000,0.616,0.183,0.657,192.692,80.908,20.386,23.325,time_of_use,0
site_azlkiez3zd,141,2024-05-21,2,5,13.822,1.598,71.558,15.530,0.000,0.723,0.172,0.722,181.506,79.976,18.087,19.696,critical_peak,0
site_i72zb352li,1,2024-01-02,2,1,9.703,3.013,79.952,4.393,,0.701,0.275,0.384,188.611,73.573,15.274,21.961,flat,0
site_8ttmv07z34,64,2024-03-05,2,3,20.002,4.535,53.142,8.741,0.000,0.637,0.333,0.517,198.339,61.602,23.359,24.129,flat,0
site_jby3v59n6p,59,2024-02-29,4,2,26.027,3.595,60.277,14.954,0.000,0.744,0.128,0.566,186.379,67.593,13.395,42.448,time_of_use,0
site_oqtmdxfv99,75,2024-03-16,6,3,22.325,3.371,70.919,7.383,0.000,0.766,0.283,0.869,194.064,85.097,15.809,18.167,time_of_use,0
site_8ttmv07z34,66,2024-03-07,4,3,22.397,3.734,54.630,8.228,0.000,0.485,0.073,0.601,151.424,62.001,12.096,28.602,time_of_use,0
site_9ueuoqbp8k,62,2024-03-03,0,3,21.629,4.054,58.710,14.037,0.000,0.669,0.368,0.527,194.999,87.390,23.375,28.488,critical_peak,0
site_653fbtaxzy,102,2024-04-12,5,4,22.514,4.670,61.691,15.212,0.000,0.628,0.146,0.706,221.135,61.219,31.498,25.437,time_of_use,0
site_jby3v59n6p,57,2024-02-27,2,2,26.478,4.439,69.464,14.706,0.878,0.531,0.287,0.530,237.280,,18.157,25.244,time_of_use,0
site_jby3v59n6p,62,2024-03-03,0,3,25.315,3.945,82.474,9.541,0.000,0.606,0.112,0.701,233.256,69.266,17.922,19.313,critical_peak,0
site_oqtmdxfv99,76,2024-03-17,0,3,26.674,3.817,54.965,17.575,0.000,0.648,0.038,0.911,201.579,70.276,12.667,14.357,time_of_use,0
site_ruqwbu08ys,231,2024-08-19,1,8,12.141,1.795,70.529,11.197,0.000,0.616,0.287,0.609,207.369,60.109,20.732,19.896,critical_peak,0
site_8a103kt75c,162,2024-06-11,2,6,8.813,2.654,63.497,14.100,0.000,0.700,0.297,0.561,223.658,74.287,16.468,12.739,flat,0
site_hv02xi47qd,63,2024-03-04,1,3,24.733,3.688,64.146,9.911,0.000,0.697,0.169,0.723,197.114,84.759,22.165,28.795,flat,0
site_azlkiez3zd,228,2024-08-16,5,8,6.815,1.561,64.730,19.880,0.000,0.743,0.015,0.538,213.127,78.393,20.721,19.961,time_of_use,0
site_q96oxsn6t7,25,2024-01-26,5,1,16.486,4.352,49.041,10.155,0.100,0.536,0.129,0.980,175.461,68.927,14.272,26.419,critical_peak,0
site_9ueuoqbp8k,83,2024-03-24,0,3,19.678,2.622,52.456,13.097,0.000,0.526,0.465,0.474,167.838,56.873,29.229,31.701,flat,0
site_wb8fh6amr3,189,2024-07-08,1,7,5.088,0.551,68.907,9.650,0.000,0.634,0.390,0.706,174.576,51.495,25.324,21.778,flat,0
site_wkoe2l3dl1,181,2024-06-30,0,6,12.483,0.175,79.573,8.166,0.000,0.542,0.169,0.573,184.663,58.614,15.632,24.658,flat,0
site_jby3v59n6p,172,2024-06-21,5,6,12.324,2.137,74.527,17.322,0.000,0.544,0.238,0.490,182.274,75.935,18.511,25.780,flat,0
site_xms2f2z823,216,2024-08-04,0,8,7.759,2.199,71.809,13.099,2.774,0.615,0.260,0.707,185.187,69.437,25.159,10.282,flat,0
site_wkoe2l3dl1,4,2024-01-05,5,1,10.176,2.414,84.209,14.058,0.000,0.396,0.188,0.699,184.085,51.010,21.571,30.280,time_of_use,0
site_ruqwbu08ys,117,2024-04-27,6,4,20.038,2.805,62.927,14.138,0.000,0.605,0.374,0.646,201.096,72.290,18.090,16.610,flat,0
site_8ttmv07z34,17,2024-01-18,4,1,6.219,2.893,54.624,13.245,0.000,0.568,0.227,0.515,206.266,74.704,25.491,24.533,critical_peak,0
site_esvkso5p9a,190,2024-07-09,2,7,6.818,2.554,91.472,15.584,0.000,0.721,0.208,0.619,201.567,70.445,21.643,21.698,flat,0
site_9ueuoqbp8k,14,2024-01-15,1,1,14.239,3.038,64.154,20.801,0.000,0.638,0.236,0.552,172.435,50.917,31.057,20.520,time_of_use,0
site_8a103kt75c,39,2024-02-09,5,2,17.201,2.378,63.675,6.577,0.000,0.704,0.439,0.666,199.664,75.633,25.118,14.262,time_of_use,0
site_8ttmv07z34,125,2024-05-05,0,5,13.222,3.926,48.018,13.616,0.000,0.608,0.130,0.508,165.296,55.020,20.376,23.393,critical_peak,0
site_12sjsgd733,79,2024-03-20,3,3,24.225,4.659,55.828,7.508,0.000,0.663,0.015,0.591,182.963,74.485,10.940,25.765,critical_peak,0
site_owpbo6i70y,76,2024-03-17,0,3,23.877,4.548,63.209,7.870,0.000,0.693,0.087,0.812,176.734,66.976,18.074,20.896,time_of_use,0
site_lpvyddf2dp,100,2024-04-10,3,4,20.030,3.302,47.010,9.835,0.000,0.589,0.199,0.908,196.907,74.413,17.641,29.915,flat,0
site_mmvs0z732r,232,2024-08-20,2,8,8.467,,81.195,12.156,0.000,0.582,0.015,0.579,198.145,63.499,17.014,10.081,critical_peak,0
site_l7o5bnkp2o,136,2024-05-16,4,5,17.411,3.752,65.951,10.966,0.000,0.880,0.107,0.626,188.377,61.897,23.163,20.165,flat,0
site_wkoe2l3dl1,25,2024-01-26,5,1,16.511,3.311,67.629,12.156,0.000,0.567,0.115,0.940,180.110,56.914,3.175,18.617,critical_peak,0
site_esvkso5p9a,227,2024-08-15,4,8,7.372,1.011,67.324,11.149,0.178,0.620,0.097,0.522,197.095,74.747,12.905,21.368,flat,0
site_l7o5bnkp2o,100,2024-04-10,3,4,24.679,3.269,63.132,6.137,0.000,0.666,0.189,0.650,189.923,45.890,21.407,8.817,flat,0
site_wb8fh6amr3,188,2024-07-07,0,7,11.432,1.386,73.120,7.471,1.806,0.624,,0.601,188.809,73.170,24.343,21.326,critical_peak,0
site_mmvs0z732r,160,2024-06-09,0,6,10.883,2.227,82.821,13.070,0.000,0.616,0.277,0.921,160.770,64.112,17.385,20.713,critical_peak,0
site_pyswc8o9g8,138,2024-05-18,6,5,17.773,1.976,61.782,19.361,0.000,0.747,0.015,0.623,193.418,58.718,24.156,10.332,time_of_use,1
site_8a103kt75c,123,2024-05-03,5,5,21.209,2.612,60.217,9.691,,0.587,0.263,0.516,229.809,68.178,24.564,25.685,critical_peak,0
site_q96oxsn6t7,43,2024-02-13,2,2,21.250,4.985,74.541,11.843,0.000,0.689,0.065,0.927,177.180,57.855,10.208,28.993,critical_peak,0
site_mmvs0z732r,179,2024-06-28,5,6,9.002,2.139,66.830,4.516,0.000,0.623,0.150,0.708,149.847,82.314,15.224,27.846,critical_peak,0
site_9ueuoqbp8k,135,2024-05-15,3,5,13.967,1.342,45.999,12.887,0.000,0.700,0.230,0.591,189.097,60.777,13.034,,flat,0
site_xms2f2z823,58,2024-02-28,3,2,22.699,3.556,51.637,12.887,0.000,0.729,0.374,0.662,177.042,66.492,34.956,14.890,time_of_use,0
site_8ttmv07z34,119,2024-04-29,1,4,19.037,3.327,61.724,9.126,0.000,0.675,0.197,0.453,194.533,61.724,15.100,23.102,flat,0
site_8ttmv07z34,147,2024-05-27,1,5,14.823,1.919,76.863,12.720,0.000,0.635,0.226,0.645,167.408,76.519,27.974,33.485,time_of_use,0
site_jby3v59n6p,69,2024-03-10,0,3,23.541,5.188,57.257,15.734,0.000,0.692,0.113,0.429,188.606,62.223,18.209,26.552,critical_peak,0
site_pyswc8o9g8,176,2024-06-25,2,6,11.845,0.257,70.801,13.125,0.000,0.762,0.090,0.563,199.423,47.670,21.740,9.392,time_of_use,0
site_esvkso5p9a,239,2024-08-27,2,8,11.652,2.797,70.960,12.630,0.000,0.587,0.183,0.850,164.877,89.113,19.601,15.566,time_of_use,0
site_mmvs0z732r,199,2024-07-18,4,7,3.272,2.358,79.327,5.567,0.000,0.543,0.015,0.487,208.018,64.021,10.410,20.562,flat,0
site_9ueuoqbp8k,157,2024-06-06,4,6,9.275,2.640,72.981,7.546,0.000,0.649,0.339,0.589,206.927,55.013,25.640,29.179,time_of_use,0
site_wkoe2l3dl1,145,2024-05-25,6,5,13.404,1.211,80.286,8.951,0.000,0.535,0.265,0.686,203.223,63.892,15.589,10.815,flat,0
site_hv02xi47qd,174,2024-06-23,0,6,12.287,1.726,87.674,12.912,1.027,0.669,0.360,0.568,237.189,90.512,36.680,26.911,time_of_use,0
site_azlkiez3zd,82,2024-03-23,6,3,21.686,3.802,57.829,11.712,0.000,0.625,0.365,0.940,190.569,81.208,30.393,25.841,flat,0
site_xms2f2z823,106,2024-04-16,2,4,24.761,3.762,49.740,5.440,0.000,0.702,0.320,0.647,176.296,63.927,20.638,17.296,critical_peak,0
site_wb8fh6amr3,132,2024-05-12,0,5,23.183,3.571,,12.508,0.000,0.732,0.387,0.893,180.350,80.826,19.222,21.084,critical_peak,0
site_jby3v59n6p,116,2024-04-26,5,4,19.705,3.180,67.098,2.590,0.472,0.542,0.153,0.578,186.538,60.991,18.169,21.149,critical_peak,0
site_lh13qhdxr8,163,2024-06-12,3,6,11.636,1.226,69.792,11.275,0.000,0.637,0.247,0.747,166.592,64.617,21.956,25.011,flat,0
site_owpbo6i70y,211,2024-07-30,2,7,8.048,1.905,69.161,12.467,0.000,0.772,0.285,0.648,169.123,69.536,20.117,13.254,time_of_use,0
site_12sjsgd733,52,2024-02-22,4,2,21.931,3.840,58.052,10.662,0.000,0.603,0.073,0.240,180.526,59.823,13.116,24.668,critical_peak,0
site_wb8fh6amr3,141,2024-05-21,2,5,18.045,1.313,74.636,8.709,0.000,0.614,0.258,0.560,178.353,73.728,22.649,7.718,critical_peak,0
site_i72zb352li,144,2024-05-24,5,5,13.275,2.094,59.751,4.445,0.000,0.765,0.212,0.491,171.380,70.554,16.881,17.883,flat,0
site_hv02xi47qd,61,2024-03-02,6,3,23.200,4.197,67.865,8.338,0.000,0.698,0.254,0.871,219.355,60.421,21.486,14.125,critical_peak,0
site_azlkiez3zd,93,2024-04-03,3,4,24.669,3.651,59.611,4.930,0.000,0.709,0.099,0.579,188.083,90.704,18.965,21.508,time_of_use,0
site_mmvs0z732r,52,2024-02-22,4,2,18.270,4.832,74.312,14.533,0.000,0.727,0.103,0.700,156.835,80.922,13.523,8.509,critical_peak,0
site_q96oxsn6t7,83,2024-03-24,0,3,28.536,4.566,55.953,11.472,2.216,0.624,0.243,0.842,173.896,73.475,16.119,23.946,flat,0
site_8ttmv07z34,124,2024-05-04,6,5,21.732,3.671,55.220,16.653,0.000,0.616,0.167,0.572,168.693,61.429,28.107,30.426,critical_peak,0
site_oqtmdxfv99,234,2024-08-22,4,8,5.577,1.059,89.246,9.844,0.000,0.769,0.141,0.692,216.630,69.414,20.278,22.178,flat,0
site_azlkiez3zd,25,2024-01-26,5,1,16.559,3.121,76.085,18.604,0.000,0.697,0.259,0.618,197.179,72.000,26.474,26.700,critical_peak,0
site_l7o5bnkp2o,239,2024-08-27,2,8,11.752,2.301,69.553,6.296,0.000,0.704,0.324,0.864,170.349,65.700,27.931,13.297,time_of_use,0
site_9ueuoqbp8k,183,2024-07-02,2,7,8.452,1.725,67.723,10.123,0.000,0.664,0.289,0.654,205.175,58.680,22.440,22.011,time_of_use,0
site_8ttmv07z34,132,2024-05-12,0,5,20.225,1.908,72.500,8.181,0.000,0.654,0.224,0.414,187.599,57.946,27.153,26.624,critical_peak,0
site_wb8fh6amr3,211,2024-07-30,2,7,9.102,1.565,81.605,5.737,0.000,0.565,0.342,0.688,193.729,58.749,16.713,18.903,time_of_use,0
site_cyoy81mba2,151,2024-05-31,5,5,13.278,2.346,76.108,16.381,0.149,0.647,0.209,0.792,180.873,66.253,22.036,24.493,critical_peak,0
site_8a103kt75c,156,2024-06-05,3,6,16.582,1.006,64.905,11.034,0.000,0.715,0.171,0.607,233.224,72.707,11.792,25.677,time_of_use,0
site_jby3v59n6p,63,2024-03-04,1,3,20.183,4.494,68.466,7.656,0.000,0.596,0.239,0.548,182.672,60.979,16.003,33.642,flat,0
site_azlkiez3zd,2,2024-01-03,3,1,6.511,1.900,67.602,17.577,0.000,0.605,0.059,0.955,161.964,72.610,21.824,26.067,flat,0
site_8a103kt75c,182,2024-07-01,1,7,9.368,1.052,73.524,12.262,2.307,0.770,0.309,0.544,227.904,77.608,31.936,24.918,flat,0
site_8a103kt75c,0,2024-01-01,1,1,10.130,3.723,58.280,5.026,0.000,0.732,0.402,0.712,209.922,81.036,30.303,25.315,flat,0
site_oqtmdxfv99,29,2024-01-30,2,1,16.125,4.267,71.598,10.962,0.000,0.673,0.205,0.612,162.461,92.730,18.937,29.718,flat,0
site_pyswc8o9g8,178,2024-06-27,4,6,11.338,0.997,59.634,9.796,0.000,0.498,0.164,0.483,214.007,57.155,12.066,28.067,critical_peak,0
site_8ttmv07z34,200,2024-07-19,5,7,7.354,3.005,72.981,11.881,0.000,0.597,0.208,0.448,199.359,70.887,25.123,18.274,flat,0
site_8a103kt75c,87,2024-03-28,4,3,24.858,3.875,59.854,6.569,0.000,0.704,0.219,0.502,234.597,84.581,30.606,21.172,critical_peak,0
site_mmvs0z732r,161,2024-06-10,1,6,12.384,1.039,67.927,7.905,0.000,0.432,0.146,0.494,199.705,62.564,18.191,17.603,critical_peak,0
site_wb8fh6amr3,6,2024-01-07,0,1,7.813,2.449,74.534,12.117,0.000,0.638,0.252,0.649,217.256,69.331,28.144,26.095,critical_peak,0
site_i72zb352li,181,2024-06-30,0,6,10.841,1.675,61.818,14.680,0.000,0.677,0.197,0.230,153.062,88.697,18.242,24.632,flat,0
site_l7o5bnkp2o,60,2024-03-01,5,3,20.646,4.842,70.969,3.904,0.000,0.574,0.293,0.859,160.276,51.615,20.361,19.786,critical_peak,0
site_wb8fh6amr3,107,2024-04-17,3,4,22.904,4.547,64.562,11.430,0.000,0.544,0.241,0.760,152.936,71.165,28.334,20.211,critical_peak,0
site_wkoe2l3dl1,184,2024-07-03,3,7,10.624,1.663,79.305,6.617,0.000,0.624,0.184,0.487,204.319,60.299,10.012,31.998,time_of_use,0
site_cyoy81mba2,208,2024-07-27,6,7,6.402,2.469,71.170,12.749,0.000,0.594,0.212,0.625,159.784,67.894,19.694,16.165,flat,0
site_wkoe2l3dl1,202,2024-07-21,0,7,7.305,0.245,59.352,8.196,0.100,0.617,0.344,0.620,216.584,63.617,16.998,29.993,time_of_use,0
site_i72zb352li,92,2024-04-02,2,4,23.114,4.895,76.418,15.900,0.000,0.646,0.173,0.647,183.629,87.849,14.950,21.648,flat,0
site_owpbo6i70y,225,2024-08-13,2,8,9.945,1.758,70.128,8.488,0.000,0.637,0.015,0.898,159.985,71.530,16.792,18.429,flat,0
site_wkoe2l3dl1,232,2024-08-20,2,8,6.197,3.187,61.220,2.432,0.000,0.578,0.297,0.748,212.801,61.101,20.412,20.742,critical_peak,0
site_8ttmv07z34,210,2024-07-29,1,7,6.772,0.138,64.610,4.754,0.000,0.590,0.336,0.298,185.440,53.286,32.240,23.429,time_of_use,0
site_jby3v59n6p,235,2024-08-23,5,8,12.072,1.785,70.507,15.502,0.000,0.715,0.015,0.572,217.201,61.279,18.638,14.705,flat,0
site_i72zb352li,67,2024-03-08,5,3,22.415,3.748,63.652,7.674,0.000,0.666,0.372,0.735,178.516,92.128,24.779,24.742,time_of_use,0
site_l7o5bnkp2o,238,2024-08-26,1,8,11.226,2.524,69.772,1.449,0.000,0.620,0.250,0.880,148.942,65.568,16.008,4.925,time_of_use,0
site_owpbo6i70y,91,2024-04-01,1,4,25.768,3.812,58.153,9.081,0.000,0.612,0.086,0.838,188.731,91.686,15.316,20.118,flat,0
site_l7o5bnkp2o,70,2024-03-11,1,3,21.099,3.823,54.571,15.698,0.000,0.582,0.368,0.733,205.383,54.946,22.454,24.806,critical_peak,0
site_mmvs0z732r,198,2024-07-17,3,7,9.839,1.632,73.526,7.872,0.000,0.684,0.156,0.720,209.014,68.387,24.899,12.066,flat,0
site_mmvs0z732r,68,2024-03-09,6,3,24.618,2.636,62.608,9.435,0.000,0.592,0.127,0.693,195.305,77.553,12.211,24.212,time_of_use,0
site_mmvs0z732r,192,2024-07-11,4,7,8.395,0.938,67.183,14.697,2.877,0.591,0.050,0.671,230.759,65.726,20.323,21.243,time_of_use,0
site_9ueuoqbp8k,15,2024-01-16,2,1,9.502,3.157,62.401,9.008,0.000,0.609,0.265,0.634,197.665,43.132,20.504,27.700,critical_peak,0
site_oqtmdxfv99,200,2024-07-19,5,7,6.609,1.761,58.233,11.475,0.565,0.728,0.125,0.706,182.323,82.215,13.740,14.705,flat,0
site_xms2f2z823,194,2024-07-13,6,7,4.847,0.904,80.458,11.194,0.000,0.646,0.429,0.356,185.265,82.007,20.825,19.696,time_of_use,0
site_lh13qhdxr8,150,2024-05-30,4,5,14.851,2.287,70.737,13.928,0.000,0.759,0.101,0.975,172.268,59.209,24.240,17.906,critical_peak,0
site_l7o5bnkp2o,153,2024-06-02,0,6,11.484,1.177,60.358,10.912,0.000,0.658,0.268,0.636,195.606,62.861,23.001,20.323,flat,0
site_pyswc8o9g8,20,2024-01-21,0,1,13.109,4.492,,13.597,0.000,0.566,0.125,0.661,195.170,67.491,13.815,13.513,flat,0
site_q96oxsn6t7,71,2024-03-12,2,3,21.528,5.272,66.355,14.087,0.000,0.675,0.067,0.831,160.929,46.666,16.068,17.877,critical_peak,0
site_lh13qhdxr8,26,2024-01-27,6,1,17.012,3.841,73.204,14.620,0.000,0.610,0.198,0.843,162.533,62.218,31.704,19.661,critical_peak,0
site_lh13qhdxr8,235,2024-08-23,5,8,8.071,2.162,79.803,11.168,0.000,0.592,0.150,0.801,153.434,75.954,22.285,15.892,flat,0
site_unn79reovm,128,2024-05-08,3,5,19.971,3.869,55.839,5.082,0.000,0.645,0.143,0.582,187.512,82.010,17.431,18.411,flat,0
site_9ueuoqbp8k,203,2024-07-22,1,7,7.509,0.828,84.537,7.999,0.000,0.682,0.382,0.595,230.667,73.743,32.939,28.015,time_of_use,0
site_lh13qhdxr8,8,2024-01-09,2,1,12.142,2.579,70.528,19.463,0.000,0.740,0.059,0.746,185.616,61.487,23.598,23.775,critical_peak,0
site_lpvyddf2dp,192,2024-07-11,4,7,7.689,2.420,75.808,9.676,0.000,0.560,0.295,0.949,206.579,73.314,11.001,35.002,time_of_use,0
site_xms2f2z823,57,2024-02-27,2,2,21.746,3.941,67.567,10.797,0.000,0.649,0.246,0.741,219.255,60.094,19.183,19.422,time_of_use,0
site_cyoy81mba2,121,2024-05-01,3,5,22.303,4.164,73.685,9.133,0.000,0.601,0.195,0.655,181.748,53.485,22.771,33.982,time_of_use,0
site_q96oxsn6t7,136,2024-05-16,4,5,17.441,1.455,64.060,5.805,0.533,0.660,0.055,0.637,156.092,58.159,12.195,19.638,flat,0
site_oqtmdxfv99,191,2024-07-10,3,7,6.533,2.935,60.628,14.193,0.000,0.604,0.198,0.627,211.239,77.457,19.243,14.103,flat,0
site_wb8fh6amr3,126,2024-05-06,1,5,20.284,2.790,67.804,8.051,0.000,0.733,0.280,0.720,171.799,57.373,,21.464,flat,0
site_ruqwbu08ys,23,2024-01-24,3,1,15.590,4.099,55.677,0.387,0.000,0.609,0.193,0.589,215.408,61.697,21.027,32.267,time_of_use,0
site_l7o5bnkp2o,26,2024-01-27,6,1,15.342,3.182,73.179,13.694,0.000,0.678,0.181,0.654,181.302,50.155,6.128,17.752,critical_peak,0
site_lpvyddf2dp,175,2024-06-24,1,6,14.921,0.998,70.603,4.484,0.000,0.656,0.257,,211.233,80.231,22.850,20.116,time_of_use,0
site_l7o5bnkp2o,237,2024-08-25,0,8,5.018,1.879,90.186,9.575,0.000,0.702,0.193,0.679,157.458,59.357,19.645,20.184,time_of_use,0
site_l7o5bnkp2o,78,2024-03-19,2,3,25.705,2.839,51.934,13.340,0.000,0.651,0.253,0.861,190.557,48.162,27.339,27.818,critical_peak,0
site_lh13qhdxr8,129,2024-05-09,4,5,18.843,2.191,66.317,5.021,0.000,0.557,0.015,0.564,152.401,79.778,16.882,5.139,time_of_use,0
site_esvkso5p9a,68,2024-03-09,6,3,27.443,5.458,61.241,12.754,0.000,0.712,0.277,0.773,211.110,71.498,27.485,19.458,time_of_use,1
site_8ttmv07z34,177,2024-06-26,3,6,14.951,1.607,79.585,0.295,0.000,0.566,0.188,0.357,182.472,72.149,23.576,28.061,critical_peak,0
site_cyoy81mba2,86,2024-03-27,3,3,29.927,3.960,64.432,9.076,0.998,0.653,0.253,0.724,201.623,58.758,27.734,29.177,time_of_use,0
site_ruqwbu08ys,220,2024-08-08,4,8,3.828,0.961,,15.798,0.000,0.668,0.300,0.349,234.197,64.260,18.490,19.458,time_of_use,0
site_mmvs0z732r,80,2024-03-21,4,3,24.388,4.908,57.152,2.686,0.000,0.617,0.084,0.840,172.404,66.803,14.485,19.461,critical_peak,0
site_12sjsgd733,238,2024-08-26,1,8,4.460,1.651,71.701,13.144,1.528,0.581,0.048,0.602,189.047,66.736,10.591,25.113,time_of_use,0
site_oqtmdxfv99,67,2024-03-08,5,3,23.245,5.005,69.868,8.248,0.000,0.787,0.043,0.760,218.886,92.416,10.422,30.913,time_of_use,0
site_xms2f2z823,90,2024-03-31,0,3,25.665,3.453,66.674,15.803,0.000,0.729,0.354,0.405,208.932,53.138,23.990,27.064,flat,0
site_q96oxsn6t7,156,2024-06-05,3,6,9.845,0.956,54.643,10.450,1.210,0.685,0.140,0.628,219.385,52.877,23.349,33.468,time_of_use,0
site_12sjsgd733,17,2024-01-18,4,1,12.024,2.408,53.435,8.830,1.640,0.517,0.041,0.212,193.828,70.147,15.212,25.168,critical_peak,0
site_l7o5bnkp2o,34,2024-02-04,0,2,13.569,3.192,57.932,12.801,0.000,0.629,0.460,0.762,193.301,49.910,28.955,19.252,critical_peak,0
site_mmvs0z732r,139,2024-05-19,0,5,14.498,2.919,70.724,17.833,0.368,0.708,0.108,0.734,197.183,58.183,18.671,20.496,time_of_use,0
site_mmvs0z732r,125,2024-05-05,0,5,21.589,2.535,61.807,14.113,0.000,0.648,0.214,0.619,183.114,69.320,15.353,9.802,critical_peak,0
site_unn79reovm,206,2024-07-25,4,7,9.724,0.840,61.567,,0.000,0.723,0.135,0.391,220.960,80.125,16.503,31.760,critical_peak,0
site_hv02xi47qd,167,2024-06-16,0,6,11.337,2.051,70.664,4.271,0.000,0.630,0.247,0.699,211.746,77.774,22.423,17.549,time_of_use,0
site_pyswc8o9g8,72,2024-03-13,3,3,22.957,3.456,46.586,5.123,0.000,0.643,0.177,0.706,191.154,61.397,12.126,23.915,flat,0
site_unn79reovm,45,2024-02-15,4,2,19.069,3.374,66.784,14.056,0.000,0.745,0.223,0.459,190.893,70.960,17.006,34.985,flat,0
site_xms2f2z823,165,2024-06-14,5,6,7.254,0.451,69.822,9.768,0.000,0.653,0.342,0.352,167.801,59.068,24.923,21.397,time_of_use,0
site_ruqwbu08ys,140,2024-05-20,1,5,15.797,2.658,69.179,13.344,0.000,0.621,0.172,0.407,187.420,79.976,24.311,21.773,time_of_use,0
site_653fbtaxzy,158,2024-06-07,5,6,8.360,3.036,79.673,7.412,0.000,0.771,0.409,0.675,250.365,90.250,31.621,14.584,time_of_use,0
site_wb8fh6amr3,65,2024-03-06,3,3,21.908,5.885,72.670,9.424,0.000,0.811,0.407,0.965,197.903,78.560,28.666,15.738,flat,0
site_8a103kt75c,97,2024-04-07,0,4,25.241,3.954,47.470,12.124,0.000,0.920,0.385,0.756,234.654,81.023,26.711,18.238,critical_peak,0
site_8ttmv07z34,228,2024-08-16,5,8,8.547,1.465,65.922,7.186,0.000,0.572,0.286,0.581,229.838,58.206,17.623,19.806,time_of_use,0
site_oqtmdxfv99,208,2024-07-27,6,7,6.289,1.854,72.944,11.252,0.000,,0.152,0.847,240.928,72.169,15.268,27.533,flat,0
site_12sjsgd733,220,2024-08-08,4,8,6.656,1.650,71.758,2.716,0.000,0.550,0.015,0.311,199.399,80.119,17.220,19.466,time_of_use,0
site_i72zb352li,128,2024-05-08,3,5,18.377,3.877,63.369,18.250,0.000,0.597,0.255,0.458,186.377,70.352,20.072,22.381,flat,0
site_wb8fh6amr3,154,2024-06-03,1,6,11.739,1.277,78.176,12.568,0.000,0.683,0.297,0.411,154.197,61.040,26.957,13.023,flat,0
site_owpbo6i70y,107,2024-04-17,3,4,22.129,4.331,75.122,19.475,0.000,0.649,0.199,0.625,179.901,71.982,13.217,24.730,critical_peak,0
site_9ueuoqbp8k,46,2024-02-16,5,2,23.502,4.915,50.576,13.647,0.000,0.712,0.222,0.552,206.702,46.916,24.460,29.300,flat,0
site_azlkiez3zd,160,2024-06-09,0,6,11.636,1.655,63.519,11.245,0.000,0.788,0.128,0.661,178.247,58.941,19.684,22.113,critical_peak,0
site_hv02xi47qd,197,2024-07-16,2,7,6.888,2.793,67.555,14.635,0.000,0.665,0.228,0.980,214.545,83.842,26.211,17.180,critical_peak,0
site_mmvs0z732r,117,2024-04-27,6,4,18.054,4.204,63.638,10.744,0.000,0.620,0.289,0.609,181.411,71.892,19.894,17.881,flat,0
site_ruqwbu08ys,69,2024-03-10,0,3,21.625,3.869,46.459,15.072,0.000,0.687,0.324,0.633,191.524,59.356,23.788,14.044,critical_peak,0
site_azlkiez3zd,71,2024-03-12,2,3,26.270,3.207,77.373,13.775,0.000,0.643,0.105,0.778,196.958,64.094,16.662,19.558,critical_peak,0
site_wb8fh6amr3,109,2024-04-19,5,4,20.996,3.208,56.957,9.190,0.000,0.606,0.176,0.559,176.145,70.804,8.907,32.064,flat,0
site_lh13qhdxr8,70,2024-03-11,1,3,23.552,3.686,59.743,7.561,0.000,0.535,0.425,0.811,182.327,70.046,23.699,23.897,critical_peak,0
site_ruqwbu08ys,185,2024-07-04,4,7,6.757,1.859,54.670,7.833,0.000,0.718,0.279,0.421,206.235,53.905,21.459,20.827,time_of_use,0
site_pyswc8o9g8,142,2024-05-22,3,5,17.366,1.973,69.988,11.252,0.000,0.641,0.143,0.475,204.396,47.744,22.827,3.466,critical_peak,0
site_lh13qhdxr8,85,2024-03-26,2,3,24.928,3.853,72.344,7.210,0.000,0.620,0.102,0.807,183.862,74.415,10.764,19.573,time_of_use,0
site_ruqwbu08ys,216,2024-08-04,0,8,9.774,1.253,62.476,11.082,0.000,0.557,0.262,0.554,210.344,69.285,28.478,20.523,flat,0
site_esvkso5p9a,169,2024-06-18,2,6,10.484,1.851,70.945,17.683,0.000,0.664,0.123,0.640,194.394,60.514,15.105,16.416,critical_peak,0
site_unn79reovm,30,2024-01-31,3,1,13.848,3.243,65.172,8.947,0.000,0.622,0.080,0.399,207.805,55.326,18.429,27.542,time_of_use,0
site_l7o5bnkp2o,117,2024-04-27,6,4,21.897,2.953,52.029,16.238,4.458,0.762,0.243,0.614,184.153,70.152,23.504,19.061,flat,0
site_lpvyddf2dp,147,2024-05-27,1,5,11.052,2.878,73.300,15.362,,0.781,0.192,0.744,198.987,87.807,,17.093,time_of_use,0
site_azlkiez3zd,113,2024-04-23,2,4,22.326,3.500,50.856,9.518,0.000,0.653,0.104,0.794,167.815,70.988,17.114,30.217,time_of_use,0
site_q96oxsn6t7,12,2024-01-13,6,1,8.949,1.674,74.004,9.224,0.237,0.702,0.248,0.669,198.633,65.458,19.314,24.547,time_of_use,0
site_owpbo6i70y,48,2024-02-18,0,2,19.619,5.016,69.592,8.482,0.985,0.627,0.182,0.830,136.079,55.130,17.477,22.775,time_of_use,0
site_653fbtaxzy,157,2024-06-06,4,6,10.742,1.146,63.533,9.913,0.000,0.790,0.210,0.468,207.900,78.195,17.707,29.499,time_of_use,0
site_xms2f2z823,15,2024-01-16,2,1,10.918,3.652,90.260,13.148,0.000,0.708,0.257,0.830,198.311,65.322,28.252,25.259,critical_peak,0
site_unn79reovm,116,2024-04-26,5,4,21.153,3.241,66.844,6.683,0.000,0.690,0.165,0.558,182.107,65.037,18.473,22.648,critical_peak,0
site_owpbo6i70y,103,2024-04-13,6,4,21.281,4.431,61.719,13.485,0.000,0.604,0.138,0.773,193.724,66.308,22.311,30.714,time_of_use,0
site_i72zb352li,97,2024-04-07,0,4,25.501,3.086,65.662,4.453,0.000,0.779,0.344,0.648,195.946,80.853,15.891,29.594,critical_peak,0
site_ruqwbu08ys,235,2024-08-23,5,8,9.739,1.501,70.950,17.658,0.000,0.666,0.092,0.489,230.125,57.452,17.282,8.333,flat,0
site_wb8fh6amr3,47,2024-02-17,6,2,21.969,3.364,61.538,14.191,0.000,0.631,0.447,0.805,202.465,62.472,25.346,26.899,flat,0
site_8ttmv07z34,146,2024-05-26,0,5,11.668,1.815,58.571,5.828,0.614,0.640,0.015,0.619,210.433,68.103,13.369,27.769,flat,0
site_ruqwbu08ys,164,2024-06-13,4,6,11.656,0.412,55.755,16.223,0.000,0.625,0.312,0.401,201.098,61.503,23.155,19.688,flat,0
site_ruqwbu08ys,30,2024-01-31,3,1,11.829,2.488,55.542,7.061,0.000,0.805,0.200,0.839,221.687,59.994,25.980,17.489,time_of_use,0
site_lpvyddf2dp,162,2024-06-11,2,6,9.024,1.151,71.216,16.656,,0.751,0.203,0.568,202.498,80.478,27.455,24.326,flat,0
site_653fbtaxzy,40,2024-02-10,6,2,14.046,2.232,75.699,11.385,0.000,0.605,0.372,0.589,214.465,74.804,21.915,23.734,time_of_use,0
site_wkoe2l3dl1,171,2024-06-20,4,6,12.554,1.758,74.941,13.515,0.000,0.529,0.264,0.617,182.085,70.466,19.183,21.864,flat,0
site_12sjsgd733,144,2024-05-24,5,5,14.561,1.059,63.875,13.961,,0.596,0.015,0.386,183.729,71.607,8.128,15.125,flat,0
site_wb8fh6amr3,238,2024-08-26,1,8,8.807,3.891,70.611,5.546,0.000,0.726,0.404,0.931,193.308,76.110,23.289,21.988,time_of_use,0
site_owpbo6i70y,142,2024-05-22,3,5,17.557,3.240,61.898,15.800,0.000,0.609,0.143,0.594,185.289,60.966,13.769,25.067,critical_peak,0
site_xms2f2z823,123,2024-05-03,5,5,24.705,3.120,69.779,14.367,0.000,0.655,0.415,0.296,170.337,70.120,31.439,20.964,critical_peak,0
site_8a103kt75c,55,2024-02-25,0,2,28.002,5.026,61.539,16.247,0.000,0.692,0.449,0.814,205.708,78.036,29.610,23.283,flat,0
site_jby3v59n6p,132,2024-05-12,0,5,14.660,2.669,69.018,14.017,0.000,0.704,0.509,0.613,216.856,73.155,20.294,17.634,critical_peak,0
site_8ttmv07z34,94,2024-04-04,4,4,24.117,5.360,41.915,14.048,0.000,0.602,0.243,0.693,210.907,57.899,20.891,25.434,time_of_use,0
site_i72zb352li,166,2024-06-15,6,6,12.515,0.817,65.815,9.075,0.000,0.730,0.409,0.663,196.221,74.398,15.891,26.295,time_of_use,0
site_lpvyddf2dp,129,2024-05-09,4,5,15.292,2.496,73.979,19.850,0.000,0.673,0.253,0.687,183.204,69.672,,23.743,time_of_use,0
site_wb8fh6amr3,66,2024-03-07,4,3,20.520,4.649,67.538,15.414,0.000,0.487,0.256,0.823,199.943,68.030,26.549,18.030,time_of_use,0
site_cyoy81mba2,215,2024-08-03,6,8,6.744,1.957,77.905,12.440,0.000,0.641,0.205,0.579,210.634,89.985,19.914,14.523,critical_peak,0
site_cyoy81mba2,216,2024-08-04,0,8,8.699,1.885,70.086,19.441,0.000,0.602,0.245,0.561,225.973,48.682,19.004,25.292,flat,0
site_unn79reovm,70,2024-03-11,1,3,22.950,4.184,61.959,9.042,0.412,0.616,0.095,0.578,183.100,66.696,6.697,19.768,critical_peak,0
site_unn79reovm,155,2024-06-04,2,6,15.897,2.238,64.761,14.746,0.000,0.669,0.104,0.260,178.896,66.184,12.627,21.098,flat,0
site_ruqwbu08ys,42,2024-02-12,1,2,18.070,3.193,51.015,6.368,0.000,0.648,0.164,0.589,195.237,60.009,26.598,17.762,critical_peak,0
site_unn79reovm,187,2024-07-06,6,7,9.861,2.337,81.034,12.494,0.000,0.623,0.117,0.346,186.852,91.089,14.657,18.886,critical_peak,0
site_lpvyddf2dp,64,2024-03-05,2,3,21.206,4.955,62.891,8.359,0.000,0.602,0.339,0.932,185.986,62.960,29.458,27.750,flat,1
site_ruqwbu08ys,238,2024-08-26,1,8,10.106,2.706,74.430,4.838,0.000,0.647,0.047,0.659,204.686,54.258,19.443,21.337,time_of_use,0
site_wb8fh6amr3,234,2024-08-22,4,8,7.354,0.538,77.901,10.184,0.000,0.625,0.340,0.697,169.540,73.105,33.823,24.980,flat,0
site_owpbo6i70y,207,2024-07-26,5,7,8.228,1.331,69.029,1.280,0.000,0.658,0.065,0.452,152.298,61.401,12.142,17.463,flat,0
site_hv02xi47qd,135,2024-05-15,3,5,16.947,2.054,66.533,5.784,0.000,0.791,0.351,0.497,183.104,83.132,25.801,31.597,flat,0
site_cyoy81mba2,222,2024-08-10,6,8,13.608,1.309,81.354,10.996,0.000,0.643,0.216,0.923,194.666,48.485,18.794,21.715,critical_peak,0
site_unn79reovm,130,2024-05-10,5,5,18.696,1.937,71.269,11.655,0.787,0.754,0.308,0.282,184.689,83.042,20.371,32.140,time_of_use,0
site_lpvyddf2dp,210,2024-07-29,1,7,6.604,1.751,67.619,10.093,0.000,0.717,0.018,0.699,202.543,68.563,31.077,27.534,time_of_use,0
site_8ttmv07z34,9,2024-01-10,3,1,10.419,3.807,64.113,10.229,0.000,0.736,0.267,0.682,206.263,64.741,27.807,28.721,flat,0
site_owpbo6i70y,31,2024-02-01,4,2,17.034,2.863,56.423,2.514,0.000,0.645,0.132,0.619,143.152,70.018,12.199,24.892,time_of_use,0
site_8a103kt75c,210,2024-07-29,1,7,5.400,2.067,74.881,12.753,0.000,0.758,0.337,0.654,215.630,79.094,20.502,18.636,time_of_use,0
site_8ttmv07z34,113,2024-04-23,2,4,20.299,3.208,46.886,11.523,0.000,0.575,0.238,0.564,163.239,65.524,23.032,32.631,time_of_use,0
site_wkoe2l3dl1,116,2024-04-26,5,4,20.441,2.873,57.483,15.362,0.000,0.653,0.154,0.588,210.633,72.818,18.242,23.177,critical_peak,0
site_i72zb352li,94,2024-04-04,4,4,23.467,3.815,51.210,10.955,0.000,0.818,0.446,0.667,205.132,64.478,31.858,16.016,time_of_use,0
site_mmvs0z732r,226,2024-08-14,3,8,6.676,2.506,81.289,10.724,0.000,0.425,0.179,0.609,200.789,67.538,19.193,14.659,flat,1
site_oqtmdxfv99,11,2024-01-12,5,1,12.924,3.082,79.233,2.900,0.195,0.891,0.143,0.586,178.752,89.616,13.527,14.319,flat,0
site_xms2f2z823,2,2024-01-03,3,1,15.147,1.999,74.701,13.156,0.000,0.599,0.198,0.739,176.315,64.773,30.702,13.239,flat,0
site_i72zb352li,140,2024-05-20,1,5,17.782,1.652,59.912,9.009,0.000,0.558,0.349,0.693,189.574,80.195,24.618,32.263,time_of_use,0
site_8ttmv07z34,226,2024-08-14,3,8,,1.368,65.226,16.189,0.000,0.821,0.279,0.301,187.665,57.352,22.172,32.607,flat,0
site_12sjsgd733,223,2024-08-11,0,8,8.658,2.260,82.183,17.237,0.000,0.697,0.015,0.417,179.771,73.396,7.814,21.930,critical_peak,0
site_wb8fh6amr3,207,2024-07-26,5,7,3.995,2.219,78.369,9.664,0.000,0.516,0.379,0.583,205.745,74.679,20.441,14.885,flat,1
site_mmvs0z732r,18,2024-01-19,5,1,14.257,2.796,65.101,21.575,0.000,0.588,0.218,0.647,174.940,63.538,8.946,18.087,flat,0
site_unn79reovm,0,2024-01-01,1,1,6.540,2.283,65.860,12.152,0.000,0.674,0.015,0.281,193.069,77.481,7.837,23.084,flat,0
site_azlkiez3zd,121,2024-05-01,3,5,26.830,4.130,54.762,15.652,0.000,0.591,0.135,0.771,162.322,83.264,22.794,21.870,time_of_use,0
site_hv02xi47qd,51,2024-02-21,3,2,22.492,4.418,58.092,17.716,1.180,0.736,0.294,0.853,180.286,82.016,33.536,23.006,critical_peak,0
site_mmvs0z732r,216,2024-08-04,0,8,5.274,0.785,81.063,6.708,0.000,0.690,0.233,0.461,163.947,69.657,23.697,11.149,flat,0
site_lpvyddf2dp,15,2024-01-16,2,1,11.895,2.849,73.696,10.771,1.370,0.699,0.158,0.737,173.788,76.691,19.859,23.772,critical_peak,0
site_unn79reovm,196,2024-07-15,1,7,10.696,1.096,68.985,7.521,0.000,0.625,0.086,0.286,187.663,62.248,15.423,26.404,critical_peak,0
site_esvkso5p9a,92,2024-04-02,2,4,27.107,3.570,70.260,6.620,0.000,0.579,0.132,0.736,214.836,71.835,13.336,22.767,flat,0
site_mmvs0z732r,41,2024-02-11,0,2,21.044,4.610,71.748,15.467,0.000,0.637,0.063,0.980,147.972,70.425,7.680,21.249,time_of_use,0
site_hv02xi47qd,21,2024-01-22,1,1,16.056,4.086,62.722,8.271,0.000,0.657,0.121,0.598,187.411,70.623,17.338,21.566,time_of_use,0
site_ruqwbu08ys,143,2024-05-23,4,5,15.300,2.418,62.836,14.202,0.000,0.593,0.247,0.414,203.727,63.965,21.694,25.210,critical_peak,0
site_wkoe2l3dl1,107,2024-04-17,3,4,27.799,4.631,69.876,8.101,0.000,0.479,0.265,0.767,195.658,68.397,9.918,18.822,critical_peak,0
site_owpbo6i70y,156,2024-06-05,3,6,9.894,2.573,67.179,16.305,0.000,0.681,0.015,0.611,145.761,65.354,9.068,16.994,time_of_use,0
site_xms2f2z823,213,2024-08-01,4,8,4.377,1.442,63.272,10.714,0.000,0.673,0.438,0.718,221.863,83.000,24.875,24.473,critical_peak,0
site_wb8fh6amr3,34,2024-02-04,0,2,14.879,4.081,65.162,13.470,0.000,0.662,0.267,0.877,178.529,75.844,24.392,23.441,critical_peak,0
site_unn79reovm,44,2024-02-14,3,2,19.656,3.495,76.465,12.006,0.000,0.619,0.139,0.467,148.995,64.049,16.565,20.191,critical_peak,0
site_mmvs0z732r,203,2024-07-22,1,7,10.595,1.032,66.352,8.015,0.000,0.638,0.108,0.483,189.295,82.853,16.831,18.470,time_of_use,0
site_i72zb352li,64,2024-03-05,2,3,24.110,4.758,64.824,13.265,0.000,0.672,0.290,0.664,,83.156,15.959,20.731,flat,0
site_8ttmv07z34,224,2024-08-12,1,8,4.918,2.212,63.584,8.298,0.000,0.689,0.155,0.438,204.247,73.519,18.883,25.280,critical_peak,0
site_hv02xi47qd,5,2024-01-06,6,1,6.410,3.233,72.351,7.125,1.596,0.626,0.373,0.754,211.848,64.994,24.051,19.491,time_of_use,0
site_wb8fh6amr3,42,2024-02-12,1,2,19.902,3.917,69.504,4.856,0.000,0.700,0.208,0.980,130.082,66.366,23.043,24.341,critical_peak,0
site_azlkiez3zd,198,2024-07-17,3,7,9.772,1.164,66.395,12.733,0.000,0.723,0.196,0.771,156.323,76.551,19.487,26.676,flat,0
site_q96oxsn6t7,116,2024-04-26,5,4,16.487,3.669,56.408,11.357,0.000,0.611,0.124,0.745,202.018,49.089,12.735,17.436,critical_peak,0
site_ruqwbu08ys,60,2024-03-01,5,3,16.547,3.456,61.551,8.647,0.000,0.613,0.251,0.511,208.697,57.235,19.614,17.672,critical_peak,0
site_jby3v59n6p,84,2024-03-25,1,3,22.825,3.732,47.614,7.482,0.000,0.594,0.194,0.794,191.004,54.780,11.159,31.485,time_of_use,0
site_q96oxsn6t7,185,2024-07-04,4,7,7.516,1.967,71.198,7.699,0.000,0.557,0.199,0.759,227.637,74.033,12.171,31.737,time_of_use,0
site_owpbo6i70y,229,2024-08-17,6,8,7.987,1.377,70.014,10.944,3.498,0.602,0.084,0.420,195.149,81.694,15.406,21.092,time_of_use,0
site_lpvyddf2dp,96,2024-04-06,6,4,24.897,4.150,71.640,14.117,0.000,0.778,0.364,0.980,194.154,80.743,25.282,22.202,critical_peak,0
site_hv02xi47qd,168,2024-06-17,1,6,13.195,1.288,74.675,7.229,0.000,0.614,0.242,0.836,185.086,88.292,24.421,34.663,critical_peak,1
site_xms2f2z823,132,2024-05-12,0,5,19.881,3.579,46.570,10.952,0.000,0.737,0.448,0.537,170.972,58.648,41.432,19.229,critical_peak,0
site_lpvyddf2dp,239,2024-08-27,2,8,8.785,2.844,83.652,17.858,0.000,0.676,0.361,0.911,183.341,79.876,21.591,23.583,time_of_use,0
site_oqtmdxfv99,190,2024-07-09,2,7,9.687,0.991,82.208,2.332,0.000,0.702,0.145,0.679,177.223,77.064,19.089,29.199,flat,0
site_wkoe2l3dl1,179,2024-06-28,5,6,9.344,2.974,66.755,13.422,0.000,0.691,0.134,0.511,198.335,62.331,12.566,16.354,critical_peak,0
site_8ttmv07z34,225,2024-08-13,2,8,13.973,2.496,76.362,12.978,0.000,0.591,0.166,0.635,193.820,76.144,17.042,12.354,flat,0
site_oqtmdxfv99,219,2024-08-07,3,8,7.037,1.423,79.447,13.765,0.000,0.607,0.105,0.558,197.981,77.474,9.434,24.744,time_of_use,0
site_wkoe2l3dl1,231,2024-08-19,1,8,12.458,2.746,67.575,8.705,0.000,0.619,0.181,0.507,202.653,48.960,17.225,28.633,critical_peak,0
site_12sjsgd733,110,2024-04-20,6,4,24.690,4.158,60.053,12.332,0.000,0.538,0.058,0.640,221.419,60.815,10.384,12.404,flat,0
site_mmvs0z732r,71,2024-03-12,2,3,25.796,5.275,65.095,15.420,2.518,0.694,0.018,0.867,174.457,66.207,,20.622,critical_peak,0
site_lh13qhdxr8,3,2024-01-04,4,1,7.477,1.977,81.710,6.035,0.000,0.728,0.224,0.620,178.286,49.103,16.861,24.250,time_of_use,0
site_8ttmv07z34,178,2024-06-27,4,6,3.218,0.709,58.069,1.940,0.000,0.583,0.250,0.381,200.490,74.432,16.002,29.407,critical_peak,0
site_8ttmv07z34,86,2024-03-27,3,3,23.343,3.648,59.262,15.489,0.000,0.572,0.015,0.567,211.377,53.229,21.624,23.965,time_of_use,0
site_unn79reovm,69,2024-03-10,0,3,23.528,3.505,66.397,11.905,0.000,0.559,0.022,0.488,164.869,67.890,15.001,27.271,critical_peak,0
site_jby3v59n6p,170,2024-06-19,3,6,10.854,1.831,66.319,14.921,0.000,0.557,,0.404,219.712,57.948,16.337,15.562,critical_peak,0
site_12sjsgd733,4,2024-01-05,5,1,7.681,3.792,80.275,13.912,0.000,0.573,0.023,0.491,171.464,62.418,21.053,8.672,time_of_use,0
site_8a103kt75c,205,2024-07-24,3,7,5.930,1.676,82.801,8.692,0.000,0.701,0.240,0.655,204.183,57.524,19.846,13.106,critical_peak,0
site_8a103kt75c,80,2024-03-21,4,3,29.746,4.218,57.928,13.207,,0.687,0.169,0.650,232.777,67.564,18.774,18.885,critical_peak,0
site_owpbo6i70y,57,2024-02-27,2,2,25.900,3.983,44.467,11.595,2.226,0.642,0.085,0.980,173.244,75.769,16.348,15.510,time_of_use,0
site_xms2f2z823,178,2024-06-27,4,6,7.858,1.084,73.182,7.123,0.000,0.664,0.280,0.469,176.403,71.838,26.387,13.602,critical_peak,0
site_unn79reovm,67,2024-03-08,5,3,20.827,3.268,71.501,8.556,0.000,0.607,0.126,0.579,196.766,79.826,20.353,33.037,time_of_use,0
site_ruqwbu08ys,227,2024-08-15,4,8,4.457,1.906,82.922,10.053,0.000,0.698,0.368,0.440,239.257,58.074,22.114,20.941,flat,0
site_hv02xi47qd,137,2024-05-17,5,5,16.541,2.793,73.321,17.630,0.000,0.714,0.151,0.686,177.601,71.230,23.950,20.586,flat,0
site_pyswc8o9g8,49,2024-02-19,1,2,23.094,3.871,63.894,10.586,0.000,0.657,0.053,0.821,228.600,66.511,8.708,17.894,time_of_use,0
site_hv02xi47qd,187,2024-07-06,6,7,5.003,0.050,68.940,0.200,0.000,0.706,0.358,0.463,237.826,89.067,22.145,24.130,critical_peak,0
site_8ttmv07z34,189,2024-07-08,1,7,6.169,0.050,85.973,18.640,0.000,0.584,0.196,0.494,191.743,54.784,19.875,19.373,flat,1
site_l7o5bnkp2o,146,2024-05-26,0,5,15.330,2.706,71.615,15.741,0.000,0.635,0.209,0.754,180.454,67.046,14.991,16.126,flat,0
site_owpbo6i70y,236,2024-08-24,6,8,8.552,2.200,80.191,7.394,0.000,0.684,0.062,0.276,141.705,75.700,10.488,18.579,flat,0
site_q96oxsn6t7,55,2024-02-25,0,2,19.599,3.916,56.131,3.285,0.000,0.699,0.158,0.980,156.217,76.403,16.669,34.935,flat,0
site_owpbo6i70y,93,2024-04-03,3,4,23.497,3.631,,5.729,0.000,0.703,0.248,0.786,159.930,60.944,21.754,14.930,time_of_use,0
site_wkoe2l3dl1,99,2024-04-09,2,4,25.164,4.064,60.969,10.034,0.000,0.547,0.238,0.717,199.740,60.787,20.493,27.478,flat,0
site_hv02xi47qd,99,2024-04-09,2,4,26.506,3.633,65.287,17.889,0.000,0.613,0.054,,201.200,81.245,20.206,29.057,flat,0
site_oqtmdxfv99,220,2024-08-08,4,8,6.657,1.016,74.994,9.871,0.000,,0.134,0.390,185.689,69.085,18.921,28.051,time_of_use,0
site_xms2f2z823,131,2024-05-11,6,5,18.591,1.627,64.866,11.911,,0.659,0.370,0.471,143.645,68.365,32.512,17.231,time_of_use,0
site_12sjsgd733,231,2024-08-19,1,8,14.744,1.002,88.224,15.789,0.421,0.577,0.028,0.547,196.941,57.388,14.103,15.355,critical_peak,0
site_l7o5bnkp2o,22,2024-01-23,2,1,14.907,3.667,59.148,10.846,0.000,0.679,0.290,0.763,167.541,65.642,21.243,22.681,time_of_use,0
site_wkoe2l3dl1,80,2024-03-21,4,3,23.706,4.826,66.812,5.264,2.776,0.497,0.338,0.740,187.904,76.588,16.273,19.374,critical_peak,0
site_ruqwbu08ys,4,2024-01-05,5,1,10.137,3.947,73.410,7.924,0.000,0.477,0.211,0.725,209.041,54.397,20.295,22.101,time_of_use,0
site_wkoe2l3dl1,197,2024-07-16,2,7,4.887,2.040,78.737,11.265,0.000,0.574,0.276,0.824,182.848,61.451,24.350,21.233,critical_peak,0
site_esvkso5p9a,119,2024-04-29,1,4,14.295,2.656,70.895,3.257,0.000,0.582,0.278,0.674,201.829,73.700,13.340,14.346,flat,0
site_wkoe2l3dl1,230,2024-08-18,0,8,13.088,1.733,80.152,10.210,0.000,0.529,0.354,0.846,209.717,62.627,19.699,17.026,time_of_use,0
site_lh13qhdxr8,34,2024-02-04,0,2,13.312,4.684,62.835,14.941,0.000,0.691,0.294,0.779,169.905,69.241,28.817,24.813,critical_peak,0
site_pyswc8o9g8,68,2024-03-09,6,3,23.414,5.561,70.998,13.965,0.000,0.740,0.071,0.760,216.937,64.923,17.468,6.958,time_of_use,0
site_cyoy81mba2,146,2024-05-26,0,5,12.877,2.814,61.126,12.042,0.000,0.730,0.289,0.768,196.800,65.128,17.460,15.427,flat,0
site_azlkiez3zd,139,2024-05-19,0,5,14.724,3.162,60.688,13.212,0.000,0.688,0.256,0.607,182.429,74.350,20.259,24.080,time_of_use,0
site_owpbo6i70y,135,2024-05-15,3,5,14.612,2.161,60.683,8.517,0.000,0.613,0.070,0.796,164.356,64.815,0.558,16.807,flat,0
site_9ueuoqbp8k,72,2024-03-13,3,3,26.327,4.377,63.985,20.387,0.000,0.538,0.186,0.729,183.367,59.546,24.412,21.139,flat,0
site_l7o5bnkp2o,62,2024-03-03,0,3,24.421,6.035,61.010,11.172,0.000,0.708,0.245,0.961,198.701,40.250,23.344,14.786,critical_peak,0
site_unn79reovm,203,2024-07-22,1,7,8.180,1.966,74.884,13.911,0.000,,0.046,0.523,226.160,87.879,9.097,26.076,time_of_use,0
site_wkoe2l3dl1,109,2024-04-19,5,4,24.667,3.677,52.103,13.687,0.000,0.552,0.221,0.405,209.033,61.971,17.548,23.380,flat,0
site_9ueuoqbp8k,215,2024-08-03,6,8,11.103,2.822,92.117,13.762,0.000,0.599,0.245,0.697,177.834,50.644,21.636,24.438,critical_peak,0
site_lh13qhdxr8,226,2024-08-14,3,8,5.757,1.039,74.721,16.701,0.000,0.625,0.240,0.834,161.240,62.884,23.257,20.775,flat,1
site_lh13qhdxr8,219,2024-08-07,3,8,9.419,1.853,72.680,15.036,0.000,0.542,0.236,0.801,181.050,86.497,25.776,15.349,time_of_use,0
site_wkoe2l3dl1,62,2024-03-03,0,3,20.958,3.992,54.976,5.532,0.000,0.630,0.346,0.863,170.679,71.722,15.494,21.845,critical_peak,0
site_xms2f2z823,169,2024-06-18,2,6,9.890,1.629,68.710,2.527,0.000,0.716,0.190,0.426,204.813,72.153,26.182,33.369,critical_peak,0
site_xms2f2z823,211,2024-07-30,2,7,4.733,1.096,80.244,9.706,0.000,0.508,0.216,0.512,210.799,60.287,23.503,21.812,time_of_use,0
site_lpvyddf2dp,183,2024-07-02,2,7,8.671,2.593,69.171,7.310,0.000,0.656,0.218,0.815,181.032,61.498,27.982,23.946,time_of_use,0
site_ruqwbu08ys,111,2024-04-21,0,4,19.595,2.869,77.852,4.457,0.000,0.659,0.180,0.604,196.586,56.836,19.809,30.825,time_of_use,0
site_jby3v59n6p,222,2024-08-10,6,8,4.810,1.466,73.662,18.738,0.000,0.665,0.119,0.534,187.301,75.991,13.640,21.427,critical_peak,0
site_653fbtaxzy,109,2024-04-19,5,4,23.648,2.785,56.042,19.891,0.000,0.644,0.307,0.681,,75.324,7.699,21.220,flat,0
site_wkoe2l3dl1,75,2024-03-16,6,3,25.337,3.311,50.362,12.921,0.000,0.688,0.330,0.786,191.327,59.560,25.624,16.406,time_of_use,0
site_wb8fh6amr3,166,2024-06-15,6,6,9.997,2.594,73.420,7.127,0.000,0.589,0.331,0.542,179.495,67.482,23.938,18.747,time_of_use,0
site_l7o5bnkp2o,190,2024-07-09,2,7,5.799,1.279,,8.192,0.000,0.752,0.291,0.317,200.129,56.394,25.082,14.589,flat,0
site_mmvs0z732r,109,2024-04-19,5,4,22.303,3.330,59.085,11.794,2.054,0.610,0.015,0.914,162.142,66.543,15.642,18.469,flat,0
site_jby3v59n6p,228,2024-08-16,5,8,6.400,1.514,68.160,19.211,0.000,0.621,0.027,0.315,,79.069,10.590,34.151,time_of_use,0
site_oqtmdxfv99,126,2024-05-06,1,5,21.857,2.653,61.480,6.092,3.493,0.509,0.041,0.675,207.706,72.701,5.999,32.564,flat,0
site_i72zb352li,49,2024-02-19,1,2,20.481,3.710,73.434,18.402,0.000,0.633,0.422,0.758,189.111,86.117,13.299,25.957,time_of_use,0
site_pyswc8o9g8,184,2024-07-03,3,7,6.697,2.088,63.107,21.057,0.000,0.585,,0.535,229.260,68.736,18.805,20.467,time_of_use,0
site_cyoy81mba2,38,2024-02-08,4,2,19.746,3.924,67.129,11.647,0.000,0.651,0.070,0.808,170.942,48.592,17.025,26.511,flat,0
site_hv02xi47qd,140,2024-05-20,1,5,12.323,0.655,68.652,18.775,0.000,0.657,0.110,0.544,187.034,55.705,27.716,23.263,time_of_use,0
site_owpbo6i70y,196,2024-07-15,1,7,5.851,2.220,65.776,16.031,0.000,0.619,0.171,0.625,209.048,57.157,13.058,19.886,critical_peak,0
site_hv02xi47qd,32,2024-02-02,5,2,16.600,5.388,71.944,8.855,0.000,0.759,0.319,0.980,209.365,71.220,24.971,25.929,time_of_use,0
site_lh13qhdxr8,200,2024-07-19,5,7,6.907,2.159,66.160,9.312,2.553,0.762,0.178,0.630,141.854,62.978,29.167,18.782,flat,0
site_9ueuoqbp8k,134,2024-05-14,2,5,19.002,3.225,65.670,1.736,0.000,0.587,0.318,0.673,203.146,60.973,19.016,32.363,critical_peak,0
site_unn79reovm,234,2024-08-22,4,8,13.975,3.436,68.414,12.232,0.000,0.769,0.214,0.276,202.849,74.422,21.160,27.007,flat,0
site_l7o5bnkp2o,82,2024-03-23,6,3,22.924,4.025,50.086,9.661,0.000,0.692,0.286,0.820,183.553,61.656,25.178,9.018,flat,0
site_9ueuoqbp8k,60,2024-03-01,5,3,22.551,,55.185,8.647,0.000,0.734,0.347,0.626,210.464,50.228,22.811,26.300,critical_peak,0
site_i72zb352li,23,2024-01-24,3,1,15.432,4.708,,12.822,0.000,0.629,0.213,0.622,208.335,88.985,13.531,33.481,time_of_use,0
site_esvkso5p9a,56,2024-02-26,1,2,23.940,3.332,71.523,10.068,0.000,0.693,,0.980,206.978,60.504,20.117,29.784,flat,0
site_wb8fh6amr3,115,2024-04-25,4,4,21.484,2.276,61.858,10.250,0.000,0.792,,0.829,189.045,71.875,20.017,19.167,critical_peak,0
site_wb8fh6amr3,150,2024-05-30,4,5,13.379,1.605,68.845,2.572,0.000,0.617,0.343,0.480,185.473,60.200,22.820,17.396,critical_peak,0
site_pyswc8o9g8,202,2024-07-21,0,7,7.113,1.338,76.618,2.855,0.000,0.534,0.262,0.686,253.169,53.700,17.058,21.190,time_of_use,0
site_cyoy81mba2,80,2024-03-21,4,3,25.757,4.223,72.098,9.766,1.079,0.636,0.203,0.803,184.792,59.186,19.612,21.984,critical_peak,0
site_653fbtaxzy,175,2024-06-24,1,6,9.455,0.703,87.774,11.021,0.000,0.719,0.345,0.354,211.737,99.279,11.870,15.498,time_of_use,0
site_9ueuoqbp8k,65,2024-03-06,3,3,23.400,4.652,63.257,5.534,0.000,0.625,0.313,0.611,175.538,63.584,19.535,31.930,flat,0
site_wkoe2l3dl1,139,2024-05-19,0,5,16.239,2.367,58.835,9.881,0.000,0.674,0.328,0.801,166.971,56.348,21.277,24.362,time_of_use,0
site_lh13qhdxr8,49,2024-02-19,1,2,20.169,4.140,57.975,6.512,0.640,0.606,0.172,0.625,186.354,60.678,21.448,23.995,time_of_use,0
site_lh13qhdxr8,195,2024-07-14,0,7,8.022,2.135,79.850,13.314,0.000,0.681,0.198,0.497,193.239,66.327,25.419,18.897,critical_peak,0
site_lh13qhdxr8,121,2024-05-01,3,5,22.723,2.011,68.082,7.555,0.000,0.688,0.086,0.828,155.249,75.596,24.771,12.357,time_of_use,0
site_8ttmv07z34,154,2024-06-03,1,6,10.994,0.308,79.640,7.155,0.000,0.601,0.150,0.281,210.724,49.581,16.876,32.526,flat,0
site_owpbo6i70y,6,2024-01-07,0,1,6.734,3.013,70.529,0.483,0.000,0.626,0.344,0.742,171.722,70.159,23.831,20.753,critical_peak,0
site_pyswc8o9g8,24,2024-01-25,4,1,8.621,2.379,77.967,9.312,0.000,0.588,0.145,0.618,227.053,63.638,19.224,18.740,critical_peak,0
site_653fbtaxzy,75,2024-03-16,6,3,27.146,3.947,48.170,8.862,0.000,0.675,0.141,0.597,201.436,72.464,17.065,28.919,time_of_use,0
site_oqtmdxfv99,185,2024-07-04,4,7,7.742,0.577,66.162,21.469,0.000,0.770,0.082,0.472,176.802,68.447,20.025,21.124,time_of_use,0
site_esvkso5p9a,187,2024-07-06,6,7,7.987,1.716,76.765,10.172,1.643,0.704,0.192,0.775,225.070,59.447,12.978,12.794,critical_peak,0
site_unn79reovm,99,2024-04-09,2,4,29.037,2.871,61.451,7.199,,0.687,0.123,0.288,197.454,69.564,12.030,22.095,flat,0
site_ruqwbu08ys,196,2024-07-15,1,7,7.711,1.644,74.707,5.278,0.000,0.664,0.152,0.793,203.643,58.794,20.541,21.033,critical_peak,0
site_wkoe2l3dl1,121,2024-05-01,3,5,21.749,2.157,58.106,8.184,0.000,0.579,0.179,0.691,220.915,67.969,14.445,29.957,time_of_use,0
site_esvkso5p9a,31,2024-02-01,4,2,21.785,3.927,82.513,8.039,0.000,0.666,0.200,0.766,197.755,69.101,16.804,19.358,time_of_use,0
site_wb8fh6amr3,12,2024-01-13,6,1,7.045,2.570,66.929,9.400,0.000,0.655,0.272,0.555,187.594,60.306,24.401,11.538,time_of_use,0
site_wkoe2l3dl1,144,2024-05-24,5,5,17.331,2.015,64.310,7.773,0.000,0.659,0.300,0.372,184.310,57.317,11.923,15.358,flat,0
site_cyoy81mba2,233,2024-08-21,3,8,6.773,2.502,69.636,11.269,0.278,0.710,0.080,0.723,200.962,59.932,16.930,23.076,critical_peak,0
site_xms2f2z823,174,2024-06-23,0,6,8.529,0.873,72.179,11.953,0.000,0.755,0.301,0.440,180.831,77.098,28.887,20.188,time_of_use,0
site_lh13qhdxr8,178,2024-06-27,4,6,6.130,1.310,80.308,0.200,0.000,0.615,0.140,0.591,171.116,68.763,22.000,19.128,critical_peak,0
site_8ttmv07z34,127,2024-05-07,2,5,17.990,2.784,74.849,15.800,0.000,0.710,0.089,0.498,203.487,68.927,20.870,29.610,flat,0
site_lpvyddf2dp,171,2024-06-20,4,6,10.216,0.304,78.358,14.104,0.000,0.658,0.294,,205.769,69.484,,29.760,flat,0
site_unn79reovm,218,2024-08-06,2,8,8.962,1.985,64.008,14.249,0.000,0.667,0.208,0.317,213.273,74.258,26.268,21.282,flat,0
site_wb8fh6amr3,15,2024-01-16,2,1,18.209,2.433,76.671,9.296,0.471,0.640,0.285,0.740,165.414,65.863,20.600,23.481,critical_peak,0
site_653fbtaxzy,192,2024-07-11,4,7,10.433,1.905,87.821,12.181,0.000,0.805,0.234,0.400,216.257,78.156,21.407,15.901,time_of_use,1
site_xms2f2z823,134,2024-05-14,2,5,19.857,2.375,64.920,3.649,0.000,0.667,0.298,0.645,147.126,52.482,24.813,25.409,critical_peak,0
site_l7o5bnkp2o,131,2024-05-11,6,5,17.271,2.681,67.661,10.094,0.000,0.697,0.348,0.832,209.260,57.687,25.469,5.831,time_of_use,0
site_jby3v59n6p,74,2024-03-15,5,3,23.388,4.264,56.710,16.023,0.000,0.569,0.256,0.664,167.520,73.679,22.937,19.525,flat,0
site_l7o5bnkp2o,41,2024-02-11,0,2,18.214,5.049,63.927,12.958,0.000,0.790,0.231,0.709,184.862,69.853,24.683,21.451,time_of_use,1
site_oqtmdxfv99,180,2024-06-29,6,6,7.566,0.145,65.423,15.438,0.000,0.697,0.042,0.524,213.094,70.424,14.446,17.760,flat,0
site_8ttmv07z34,4,2024-01-05,5,1,11.510,2.556,69.924,8.179,5.592,0.490,0.283,0.585,210.540,54.995,26.648,26.430,time_of_use,0
site_cyoy81mba2,52,2024-02-22,4,2,21.285,3.805,61.671,18.316,0.000,0.649,0.090,0.891,153.574,55.066,21.620,28.868,critical_peak,0
site_8ttmv07z34,84,2024-03-25,1,3,25.413,3.298,62.100,17.696,5.172,0.664,0.328,0.586,195.958,58.129,20.735,19.258,time_of_use,0
site_esvkso5p9a,5,2024-01-06,6,1,12.282,3.616,78.699,14.192,0.000,0.731,0.073,0.669,207.901,88.254,20.430,25.486,time_of_use,0
site_wkoe2l3dl1,47,2024-02-17,6,2,19.785,4.120,73.404,13.676,0.000,0.453,0.269,0.900,180.719,64.837,25.462,36.643,flat,0
site_cyoy81mba2,71,2024-03-12,2,3,19.147,5.013,62.237,7.634,0.000,0.638,0.119,0.924,163.893,68.733,15.670,16.311,critical_peak,0
site_cyoy81mba2,155,2024-06-04,2,6,7.543,1.077,52.970,15.987,0.000,0.742,0.161,0.577,219.434,79.041,26.442,18.009,flat,0
site_lpvyddf2dp,127,2024-05-07,2,5,21.736,3.581,46.296,11.224,0.000,0.582,0.084,0.855,192.040,74.993,12.330,15.464,flat,0
site_12sjsgd733,95,2024-04-05,5,4,,2.609,47.562,10.115,2.121,0.512,0.123,0.491,165.104,64.907,21.073,22.112,time_of_use,0
site_cyoy81mba2,207,2024-07-26,5,7,3.143,1.866,72.004,13.190,1.004,0.604,0.285,0.721,225.952,51.924,23.733,19.314,flat,0
site_i72zb352li,55,2024-02-25,0,2,23.670,3.313,54.275,8.649,0.000,0.789,0.253,0.731,190.139,63.383,14.356,15.898,flat,0
site_ruqwbu08ys,82,2024-03-23,6,3,18.224,4.923,61.560,16.270,0.000,0.720,0.140,0.673,163.908,59.065,16.304,17.547,flat,0
site_cyoy81mba2,185,2024-07-04,4,7,8.478,1.144,71.594,20.904,0.000,0.593,0.207,0.597,202.428,68.843,15.748,23.610,time_of_use,0
site_jby3v59n6p,52,2024-02-22,4,2,22.413,5.084,68.874,8.152,0.000,0.611,0.186,0.854,226.500,63.960,17.859,27.277,critical_peak,0
site_azlkiez3zd,223,2024-08-11,0,8,7.871,,83.017,6.338,0.000,0.800,0.231,0.688,216.356,54.919,16.454,22.832,critical_peak,0
site_hv02xi47qd,225,2024-08-13,2,8,6.840,1.774,74.945,16.416,0.000,0.661,0.324,0.449,252.254,63.238,25.778,29.458,flat,0
site_azlkiez3zd,48,2024-02-18,0,2,17.613,5.514,63.387,15.608,0.000,0.689,0.221,0.934,192.053,69.259,21.491,19.197,time_of_use,0
site_8a103kt75c,27,2024-01-28,0,1,12.316,2.653,62.335,8.561,0.000,0.728,0.346,0.430,234.202,77.750,22.783,26.874,flat,0
site_l7o5bnkp2o,175,2024-06-24,1,6,8.055,1.574,71.876,14.145,0.000,0.595,0.276,0.499,199.517,57.494,19.728,15.907,time_of_use,0
site_q96oxsn6t7,131,2024-05-11,6,5,18.562,2.895,69.539,15.165,0.000,0.565,0.136,0.879,212.113,64.972,18.214,14.673,time_of_use,0
site_q96oxsn6t7,215,2024-08-03,6,8,8.112,0.099,77.054,12.071,0.000,0.614,0.099,0.547,149.911,61.390,9.623,28.943,critical_peak,0
site_unn79reovm,90,2024-03-31,0,3,23.525,4.834,71.846,12.872,0.000,0.773,0.137,0.447,202.480,78.361,18.890,19.565,flat,0
site_8a103kt75c,235,2024-08-23,5,8,9.874,1.885,94.533,12.247,0.000,0.668,0.303,0.474,212.614,71.626,26.049,21.467,flat,0
site_8a103kt75c,169,2024-06-18,2,6,13.726,1.679,68.296,0.739,0.000,0.739,0.381,0.624,227.911,79.864,30.970,17.720,critical_peak,0
site_oqtmdxfv99,90,2024-03-31,0,3,27.039,4.439,59.611,14.022,0.000,0.649,0.039,0.733,210.175,85.761,16.465,23.209,flat,0
site_8ttmv07z34,163,2024-06-12,3,6,11.100,2.110,71.693,0.200,0.000,0.501,0.095,0.722,209.294,48.859,19.898,33.374,flat,0
site_wb8fh6amr3,69,2024-03-10,0,3,26.020,4.736,59.769,11.395,0.000,0.693,0.408,0.688,186.020,65.866,32.995,22.382,critical_peak,1
site_mmvs0z732r,224,2024-08-12,1,8,9.230,2.698,65.952,8.416,0.000,0.662,0.026,0.642,182.794,64.195,17.166,18.354,critical_peak,0
site_unn79reovm,66,2024-03-07,4,3,24.240,3.801,60.155,7.438,0.000,0.662,0.038,0.597,185.098,53.288,16.679,17.850,time_of_use,0
site_8a103kt75c,35,2024-02-05,1,2,19.974,4.962,61.270,11.482,0.000,0.641,0.256,0.922,200.552,63.726,13.364,24.149,critical_peak,0
site_esvkso5p9a,130,2024-05-10,5,5,22.395,2.387,69.509,12.176,0.000,0.613,0.134,0.749,197.596,69.944,28.180,22.477,time_of_use,0
site_8a103kt75c,140,2024-05-20,1,5,10.292,4.059,78.118,7.394,0.000,0.660,0.427,0.796,231.369,74.000,27.196,24.936,time_of_use,1
site_l7o5bnkp2o,126,2024-05-06,1,5,17.042,4.348,64.569,15.348,2.723,0.809,0.365,0.589,201.116,61.195,26.051,21.825,flat,0
site_xms2f2z823,97,2024-04-07,0,4,24.653,4.427,70.441,8.419,0.000,0.586,0.290,0.791,190.428,48.000,29.947,24.041,critical_peak,0
site_12sjsgd733,105,2024-04-15,1,4,22.539,,52.062,9.891,0.000,0.603,0.015,0.503,172.777,73.928,13.021,32.087,critical_peak,0
site_i72zb352li,203,2024-07-22,1,7,9.030,0.353,66.223,9.850,0.000,0.617,0.312,0.353,195.623,71.939,15.152,30.463,time_of_use,0
site_l7o5bnkp2o,49,2024-02-19,1,2,17.608,3.539,68.612,17.044,0.000,0.683,0.241,0.754,203.352,60.279,25.111,29.760,time_of_use,0
site_owpbo6i70y,163,2024-06-12,3,6,5.729,1.838,66.802,10.534,0.000,0.574,0.200,0.510,200.950,61.487,14.506,18.911,flat,0
site_owpbo6i70y,111,2024-04-21,0,4,21.758,4.811,39.285,14.394,0.000,,0.015,0.669,163.491,66.685,15.654,17.622,time_of_use,0
site_pyswc8o9g8,161,2024-06-10,1,6,9.174,1.976,81.852,10.497,0.000,0.730,0.353,0.737,251.352,49.644,17.912,21.789,critical_peak,0
site_pyswc8o9g8,152,2024-06-01,6,6,12.034,1.817,64.331,12.312,0.000,0.662,0.187,0.702,204.668,66.025,16.893,24.161,critical_peak,0
site_653fbtaxzy,234,2024-08-22,4,8,10.197,1.416,75.804,12.531,0.000,0.749,0.101,0.452,201.520,78.139,19.616,13.216,flat,0
site_wkoe2l3dl1,114,2024-04-24,3,4,25.646,4.110,65.630,15.712,0.000,0.612,0.167,0.743,202.494,56.798,12.556,28.486,critical_peak,0
site_653fbtaxzy,223,2024-08-11,0,8,9.838,2.334,66.054,4.420,0.000,0.771,0.260,0.618,212.477,91.893,22.647,18.629,critical_peak,0
site_cyoy81mba2,41,2024-02-11,0,2,17.508,3.967,63.859,8.083,0.000,0.605,0.254,0.718,207.043,63.667,21.133,18.096,time_of_use,0
site_azlkiez3zd,7,2024-01-08,1,1,11.666,3.443,78.405,10.994,0.000,0.689,0.219,0.798,178.364,76.712,22.543,28.935,critical_peak,0
site_653fbtaxzy,2,2024-01-03,3,1,8.841,1.770,64.875,14.828,0.000,0.642,0.412,0.773,199.055,70.500,17.825,20.029,flat,0
site_l7o5bnkp2o,225,2024-08-13,2,8,6.441,1.864,73.487,9.739,0.000,0.559,0.226,0.674,179.415,58.325,19.634,15.552,flat,0
site_jby3v59n6p,96,2024-04-06,6,4,26.964,3.364,47.748,4.958,0.000,0.587,0.233,0.643,228.158,54.641,13.122,34.480,critical_peak,0
site_pyswc8o9g8,40,2024-02-10,6,2,15.361,3.375,57.429,9.717,0.000,0.799,0.116,0.401,178.587,65.278,12.148,16.942,time_of_use,0
site_lpvyddf2dp,157,2024-06-06,4,6,11.995,1.470,70.375,5.209,0.000,0.574,0.177,0.729,236.795,75.101,21.173,19.919,time_of_use,0
site_9ueuoqbp8k,133,2024-05-13,1,5,18.260,2.648,64.561,10.875,0.000,0.610,0.234,0.505,197.060,72.212,17.033,29.260,critical_peak,0
site_unn79reovm,229,2024-08-17,6,8,10.783,3.789,71.612,8.155,0.000,0.636,0.229,0.406,213.562,63.539,16.421,26.707,time_of_use,0
site_mmvs0z732r,95,2024-04-05,5,4,24.603,5.763,55.752,14.825,0.000,0.653,0.026,0.806,193.400,64.230,20.786,20.760,time_of_use,0
site_lpvyddf2dp,4,2024-01-05,5,1,5.639,2.189,74.716,7.210,0.000,0.836,0.159,0.837,188.367,75.700,23.238,24.426,time_of_use,0
site_mmvs0z732r,135,2024-05-15,3,5,15.763,2.712,69.222,,0.000,0.533,0.211,0.625,181.295,60.003,14.270,15.137,flat,0
site_l7o5bnkp2o,204,2024-07-23,2,7,9.859,1.680,50.567,7.000,0.000,0.572,0.232,0.501,206.218,51.333,20.828,13.848,critical_peak,0
site_wb8fh6amr3,167,2024-06-16,0,6,4.213,0.202,77.983,11.203,0.000,0.655,0.263,0.574,201.703,62.452,23.879,14.981,time_of_use,0
site_xms2f2z823,66,2024-03-07,4,3,22.630,4.458,66.077,14.583,1.698,0.632,,0.607,177.490,70.165,26.147,13.613,time_of_use,0
site_lh13qhdxr8,16,2024-01-17,3,1,12.702,3.312,66.857,9.655,,0.730,0.293,0.840,176.554,78.261,21.837,26.233,critical_peak,0
site_jby3v59n6p,124,2024-05-04,6,5,23.026,2.684,51.807,9.373,0.000,0.772,0.257,0.537,187.517,44.358,23.800,,critical_peak,0
site_ruqwbu08ys,234,2024-08-22,4,8,5.424,1.853,84.162,12.331,0.000,0.646,0.143,0.740,200.056,63.379,23.988,23.055,flat,0
site_pyswc8o9g8,175,2024-06-24,1,6,6.196,1.844,66.950,16.320,0.000,0.677,,0.493,237.423,51.954,15.986,17.680,time_of_use,0
site_jby3v59n6p,180,2024-06-29,6,6,8.565,0.836,85.545,7.166,0.000,0.740,0.225,0.238,192.285,53.217,24.501,21.454,flat,0
site_8a103kt75c,219,2024-08-07,3,8,3.304,0.930,71.580,13.322,0.000,0.654,0.257,0.449,267.065,75.059,25.033,17.533,time_of_use,0
site_lpvyddf2dp,113,2024-04-23,2,4,20.441,2.319,48.758,7.239,0.000,0.610,0.332,0.716,205.807,83.360,28.450,26.884,time_of_use,0
site_esvkso5p9a,149,2024-05-29,3,5,15.507,3.710,68.583,16.406,10.776,0.628,,0.543,185.727,86.098,23.959,18.275,time_of_use,0
site_unn79reovm,21,2024-01-22,1,1,14.784,3.061,72.138,9.331,0.000,,0.034,0.434,143.612,67.958,10.508,27.544,time_of_use,0
site_12sjsgd733,195,2024-07-14,0,7,3.404,0.211,78.265,14.267,0.000,,0.103,0.552,188.568,75.030,10.111,18.942,critical_peak,0
site_xms2f2z823,191,2024-07-10,3,7,7.772,1.761,87.682,10.981,0.000,0.558,0.345,0.656,175.033,55.764,26.820,20.868,flat,0
site_lpvyddf2dp,8,2024-01-09,2,1,9.577,3.759,67.003,14.504,0.000,0.612,0.225,0.777,202.739,66.932,21.586,25.044,critical_peak,0
site_lpvyddf2dp,187,2024-07-06,6,7,8.074,2.129,58.755,14.818,0.000,0.796,0.300,0.829,217.138,86.862,,25.966,critical_peak,0
site_xms2f2z823,130,2024-05-10,5,5,13.228,3.169,76.811,9.930,0.000,0.456,0.270,0.834,186.638,78.871,24.935,22.902,time_of_use,0
site_653fbtaxzy,70,2024-03-11,1,3,24.354,4.552,67.669,10.473,0.000,0.751,0.308,0.660,201.197,74.553,18.935,11.888,critical_peak,0
site_pyswc8o9g8,6,2024-01-07,0,1,10.723,2.973,60.883,8.724,0.000,0.642,0.301,0.743,214.773,47.008,26.191,31.168,critical_peak,0
site_oqtmdxfv99,217,2024-08-05,1,8,9.056,1.910,66.721,,0.000,0.717,0.306,0.561,222.448,71.193,20.570,33.122,flat,0
site_wkoe2l3dl1,224,2024-08-12,1,8,13.025,2.008,79.977,14.246,0.000,0.467,0.302,0.750,190.208,62.336,17.331,25.216,critical_peak,0
site_wb8fh6amr3,217,2024-08-05,1,8,7.034,1.709,80.380,12.232,0.000,0.685,0.363,0.685,218.225,72.585,28.213,15.176,flat,0
site_owpbo6i70y,197,2024-07-16,2,7,2.589,1.285,79.933,6.553,0.000,0.661,0.175,0.738,149.660,78.595,15.551,23.697,critical_peak,0
site_xms2f2z823,6,2024-01-07,0,1,5.226,1.875,72.265,11.926,0.000,0.777,0.427,0.698,168.917,60.363,,16.909,critical_peak,0
site_12sjsgd733,47,2024-02-17,6,2,21.361,3.103,67.398,18.073,0.000,0.637,0.133,0.685,173.873,55.941,20.711,19.837,flat,0
site_jby3v59n6p,187,2024-07-06,6,7,1.991,1.239,78.785,10.172,0.000,0.767,0.226,0.673,231.821,71.966,12.513,26.074,critical_peak,0
site_pyswc8o9g8,189,2024-07-08,1,7,5.513,1.382,69.661,7.355,0.000,0.588,0.015,0.563,242.570,47.493,5.792,19.189,flat,0
site_hv02xi47qd,182,2024-07-01,1,7,6.268,0.050,64.037,9.282,0.000,0.693,0.256,0.426,219.305,73.064,21.265,29.194,flat,0
site_mmvs0z732r,116,2024-04-26,5,4,25.700,4.904,74.114,10.056,5.149,0.724,0.015,0.613,171.605,52.191,21.250,12.700,critical_peak,0
site_pyswc8o9g8,167,2024-06-16,0,6,6.218,1.453,60.106,15.348,0.000,0.629,0.015,0.809,232.865,50.340,16.923,23.437,time_of_use,0
site_esvkso5p9a,88,2024-03-29,5,3,26.228,3.820,60.728,9.978,0.000,0.803,0.280,0.831,191.905,93.520,15.391,21.542,critical_peak,1
site_9ueuoqbp8k,28,2024-01-29,1,1,14.723,3.822,67.486,6.357,0.000,0.619,0.147,0.474,177.106,60.940,19.268,18.486,flat,0
site_9ueuoqbp8k,13,2024-01-14,0,1,11.056,2.967,77.211,15.177,0.000,0.714,0.346,0.637,199.968,50.492,27.391,20.855,time_of_use,0
site_wb8fh6amr3,16,2024-01-17,3,1,7.639,4.271,71.211,7.157,0.000,0.657,0.281,0.956,180.270,61.321,24.130,30.547,critical_peak,0
site_xms2f2z823,223,2024-08-11,0,8,7.083,1.064,68.364,11.488,4.756,0.725,0.217,0.460,174.601,66.812,21.604,29.247,critical_peak,0
site_oqtmdxfv99,24,2024-01-25,4,1,16.557,4.260,74.638,14.955,5.693,0.582,0.119,0.805,181.417,66.282,12.182,23.202,critical_peak,0
site_l7o5bnkp2o,163,2024-06-12,3,6,9.048,2.403,79.933,7.493,0.000,0.751,0.353,0.825,202.686,51.480,31.660,19.836,flat,0
site_hv02xi47qd,3,2024-01-04,4,1,8.701,1.272,64.632,17.120,0.000,0.746,0.231,0.653,194.800,79.976,18.250,33.556,time_of_use,0
site_i72zb352li,156,2024-06-05,3,6,12.634,2.125,65.361,6.917,0.000,0.587,0.361,0.463,208.267,62.114,18.351,11.763,time_of_use,0
site_mmvs0z732r,44,2024-02-14,3,2,18.604,4.105,61.881,11.004,9.017,0.580,0.149,0.706,186.660,60.841,15.891,26.768,critical_peak,0
site_653fbtaxzy,179,2024-06-28,5,6,11.069,2.794,61.048,16.641,,0.522,0.159,0.545,222.198,64.304,9.353,28.513,critical_peak,0
site_l7o5bnkp2o,36,2024-02-06,2,2,16.134,4.101,57.186,0.200,0.000,0.563,0.211,0.773,172.655,58.249,18.904,13.791,flat,0
site_ruqwbu08ys,10,2024-01-11,4,1,10.028,2.200,72.246,2.000,0.000,0.626,0.172,0.620,218.389,74.617,19.372,19.522,flat,0
site_q96oxsn6t7,227,2024-08-15,4,8,10.752,1.144,70.554,11.314,0.000,0.597,0.096,,173.839,53.353,16.493,26.511,flat,0
site_pyswc8o9g8,44,2024-02-14,3,2,23.784,4.208,73.744,12.208,0.000,0.670,0.217,0.641,214.541,54.885,17.151,8.675,critical_peak,0
site_cyoy81mba2,99,2024-04-09,2,4,18.985,3.846,60.629,12.235,0.000,0.616,0.209,0.701,161.582,61.552,25.656,21.382,flat,0
site_azlkiez3zd,84,2024-03-25,1,3,27.143,3.488,59.620,13.798,0.000,0.720,0.138,0.761,190.980,74.953,23.459,27.147,time_of_use,0
site_12sjsgd733,154,2024-06-03,1,6,12.010,2.596,61.883,7.411,0.000,0.626,0.015,0.548,174.539,71.585,8.552,23.620,flat,0
site_xms2f2z823,17,2024-01-18,4,1,14.560,3.442,66.511,8.566,0.000,0.537,0.277,0.968,159.763,76.440,19.626,18.329,critical_peak,0
site_mmvs0z732r,164,2024-06-13,4,6,8.069,2.289,61.103,6.258,0.000,0.508,0.055,0.640,168.086,68.661,6.898,26.967,flat,0
site_lpvyddf2dp,142,2024-05-22,3,5,16.274,3.238,67.839,13.280,0.000,0.710,0.316,0.650,195.451,90.455,24.929,36.625,critical_peak,0
site_xms2f2z823,236,2024-08-24,6,8,10.970,3.425,69.378,11.945,0.000,0.663,0.215,0.737,167.848,51.927,25.599,28.337,flat,0
site_8ttmv07z34,121,2024-05-01,3,5,20.381,2.855,77.195,,5.135,0.624,0.172,0.410,212.838,85.548,19.710,31.483,time_of_use,0
site_jby3v59n6p,119,2024-04-29,1,4,14.501,3.151,52.761,10.438,0.000,0.582,0.128,0.609,192.474,71.631,15.166,19.176,flat,0
site_9ueuoqbp8k,52,2024-02-22,4,2,26.549,4.542,54.965,11.947,0.000,0.546,0.344,0.939,213.645,51.480,16.175,20.163,critical_peak,0
site_653fbtaxzy,135,2024-05-15,3,5,19.608,1.979,72.270,6.330,,0.623,0.206,0.391,193.560,79.124,23.725,22.934,flat,0
site_653fbtaxzy,51,2024-02-21,3,2,23.678,4.621,59.723,7.807,0.000,0.623,0.132,0.679,199.735,68.444,14.113,11.557,critical_peak,0
site_unn79reovm,174,2024-06-23,0,6,8.340,0.608,70.733,6.258,0.000,0.747,0.077,0.420,221.499,61.219,17.165,28.959,time_of_use,0
site_i72zb352li,235,2024-08-23,5,8,17.484,0.932,65.725,10.485,0.000,0.560,0.432,0.261,229.851,59.198,17.372,25.627,flat,0
site_653fbtaxzy,24,2024-01-25,4,1,16.204,4.087,58.872,6.452,0.000,0.741,0.391,0.898,224.972,87.831,20.289,17.047,critical_peak,0
site_i72zb352li,89,2024-03-30,6,3,24.004,4.044,77.211,8.666,0.000,0.563,0.225,0.401,207.956,89.618,14.758,26.340,critical_peak,0
site_wb8fh6amr3,180,2024-06-29,6,6,9.708,0.833,64.370,19.779,0.000,0.745,0.425,0.469,215.997,63.849,33.248,20.978,flat,0
site_i72zb352li,15,2024-01-16,2,1,12.200,2.391,54.394,11.709,0.000,0.650,0.270,0.605,182.288,92.345,28.144,26.202,critical_peak,0
site_8a103kt75c,88,2024-03-29,5,3,21.270,2.632,68.328,8.616,0.000,0.695,0.286,0.684,185.656,78.851,25.953,19.751,critical_peak,0
site_ruqwbu08ys,22,2024-01-23,2,1,15.796,1.785,58.106,8.479,0.000,0.498,0.189,0.535,203.445,56.091,22.216,23.329,time_of_use,0
site_xms2f2z823,227,2024-08-15,4,8,5.118,1.359,78.292,10.757,0.000,0.728,0.304,0.443,210.326,64.320,19.085,21.184,flat,0
site_wkoe2l3dl1,103,2024-04-13,6,4,24.151,4.235,67.810,9.087,0.000,0.589,0.206,0.695,171.851,45.924,17.031,14.334,time_of_use,0
site_hv02xi47qd,37,2024-02-07,3,2,11.195,3.616,67.438,8.658,0.000,0.779,0.242,0.771,189.183,70.092,13.122,16.129,flat,0
site_i72zb352li,13,2024-01-14,0,1,11.728,2.546,52.535,9.047,0.000,0.612,0.372,0.597,192.123,72.232,23.143,26.913,time_of_use,0
site_9ueuoqbp8k,18,2024-01-19,5,1,8.273,1.974,61.894,13.419,0.000,0.591,0.233,0.611,226.010,53.450,22.867,20.741,flat,0
site_wkoe2l3dl1,165,2024-06-14,5,6,11.569,3.328,73.088,7.767,0.000,,0.206,0.682,184.744,63.073,17.316,25.290,time_of_use,0
site_owpbo6i70y,132,2024-05-12,0,5,19.145,2.194,68.251,13.339,0.000,0.644,0.248,0.457,181.518,57.135,11.873,18.149,critical_peak,0
site_wb8fh6amr3,130,2024-05-10,5,5,20.463,1.886,74.661,9.617,0.000,0.546,0.400,0.673,208.769,81.845,26.331,18.642,time_of_use,0
site_jby3v59n6p,134,2024-05-14,2,5,15.827,2.815,49.937,12.781,1.815,0.716,0.182,0.448,205.626,57.021,24.129,27.829,critical_peak,0
site_xms2f2z823,119,2024-04-29,1,4,21.513,3.566,61.054,6.495,0.000,0.660,0.273,0.375,157.940,72.406,19.176,15.721,flat,1
site_12sjsgd733,90,2024-03-31,0,3,25.864,2.164,65.248,8.231,3.580,0.712,0.284,0.357,202.351,64.269,17.558,26.818,flat,0
site_8a103kt75c,7,2024-01-08,1,1,8.631,1.312,,13.635,0.000,0.825,0.552,0.649,218.512,67.148,28.940,23.586,critical_peak,0
site_azlkiez3zd,216,2024-08-04,0,8,9.627,1.424,55.763,7.639,0.000,0.675,0.178,0.565,193.299,73.364,24.004,24.406,flat,0
site_jby3v59n6p,179,2024-06-28,5,6,10.356,0.050,67.503,4.376,0.000,0.728,0.290,0.214,233.672,69.450,20.057,26.264,critical_peak,0
site_ruqwbu08ys,177,2024-06-26,3,6,10.859,1.849,90.420,0.200,0.000,0.500,0.217,0.542,175.050,46.154,15.343,18.383,critical_peak,0
site_q96oxsn6t7,119,2024-04-29,1,4,22.311,2.823,79.287,17.711,0.515,0.657,0.206,0.926,158.980,65.690,20.696,22.254,flat,0
site_owpbo6i70y,16,2024-01-17,3,1,14.518,2.794,69.821,5.257,0.000,0.710,0.177,0.800,169.234,62.043,12.129,20.385,critical_peak,0
site_owpbo6i70y,35,2024-02-05,1,2,12.386,2.164,81.983,13.866,0.000,0.645,0.162,0.585,174.748,52.872,14.125,23.752,critical_peak,0
site_mmvs0z732r,202,2024-07-21,0,7,6.815,0.935,87.287,6.911,0.000,0.563,0.250,0.467,207.066,59.323,13.088,31.038,time_of_use,0
site_mmvs0z732r,230,2024-08-18,0,8,8.634,1.112,76.893,2.929,0.000,0.540,0.110,0.434,176.361,69.910,6.795,12.963,time_of_use,0
site_unn79reovm,107,2024-04-17,3,4,20.536,4.125,46.617,0.986,0.000,0.677,0.211,0.610,172.024,55.604,14.520,28.928,critical_peak,0
site_wb8fh6amr3,116,2024-04-26,5,4,22.150,4.723,60.969,9.081,0.000,0.621,0.219,0.644,182.328,75.827,15.562,24.095,critical_peak,0
site_pyswc8o9g8,48,2024-02-18,0,2,21.115,3.120,73.298,11.623,0.000,0.743,0.179,0.458,205.591,69.086,21.403,16.803,time_of_use,0
site_hv02xi47qd,232,2024-08-20,2,8,7.055,2.210,66.500,6.869,0.000,0.726,0.221,0.621,196.392,85.203,18.743,19.297,critical_peak,0
site_esvkso5p9a,34,2024-02-04,0,2,21.698,3.885,62.881,12.398,0.000,0.684,0.190,0.783,178.412,70.758,18.656,21.080,critical_peak,0
site_wb8fh6amr3,117,2024-04-27,6,4,20.187,2.291,66.165,1.773,0.000,0.699,0.301,0.657,186.596,71.414,23.882,22.579,flat,0
site_i72zb352li,191,2024-07-10,3,7,9.057,1.374,60.206,10.247,0.000,0.607,0.283,0.463,212.830,75.651,20.781,,flat,0
site_q96oxsn6t7,159,2024-06-08,6,6,11.746,1.624,66.868,14.956,0.000,0.506,0.024,0.794,172.914,57.196,10.944,25.917,critical_peak,0
site_azlkiez3zd,60,2024-03-01,5,3,30.458,4.705,72.956,6.226,0.000,0.718,0.159,0.686,216.429,74.727,26.319,28.385,critical_peak,0
site_jby3v59n6p,2,2024-01-03,3,1,11.899,1.425,69.347,12.536,0.000,0.555,0.084,0.516,201.336,53.752,10.790,15.856,flat,0
site_8a103kt75c,178,2024-06-27,4,6,10.817,2.372,65.838,13.343,0.000,0.624,0.287,0.459,232.689,84.962,19.049,29.612,critical_peak,0
site_xms2f2z823,34,2024-02-04,0,2,14.257,3.616,71.417,11.496,0.000,0.663,0.149,0.494,188.578,63.102,23.041,7.611,critical_peak,0
site_8ttmv07z34,32,2024-02-02,5,2,16.665,4.378,86.153,4.934,0.000,0.608,0.177,0.580,163.981,59.478,15.289,17.493,time_of_use,0
site_oqtmdxfv99,59,2024-02-29,4,2,19.944,5.269,60.795,11.982,0.000,0.651,0.057,0.737,203.794,67.454,13.381,30.646,time_of_use,0
site_unn79reovm,142,2024-05-22,3,5,16.362,2.188,70.445,10.772,0.000,0.691,0.015,0.501,187.437,74.747,12.811,37.107,critical_peak,0
site_owpbo6i70y,220,2024-08-08,4,8,7.653,3.814,70.673,14.147,0.000,0.585,0.056,0.806,169.880,74.980,6.395,15.379,time_of_use,0
site_mmvs0z732r,144,2024-05-24,5,5,17.012,2.262,61.446,15.189,0.000,0.765,0.015,0.718,139.030,72.951,12.986,27.413,flat,0
site_lpvyddf2dp,20,2024-01-21,0,1,11.309,3.309,69.797,11.118,0.000,0.701,0.197,0.759,204.324,77.593,21.423,25.328,flat,0
site_hv02xi47qd,127,2024-05-07,2,5,21.685,2.394,68.180,12.633,0.000,0.742,0.301,0.642,202.823,76.093,21.808,21.774,flat,0
site_lh13qhdxr8,149,2024-05-29,3,5,12.805,1.190,54.511,10.567,0.000,0.729,0.382,0.726,154.594,63.593,30.249,9.520,time_of_use,0
site_wkoe2l3dl1,182,2024-07-01,1,7,0.758,0.675,75.522,11.869,0.000,0.708,0.210,0.667,198.952,77.626,20.135,27.996,flat,0
site_i72zb352li,8,2024-01-09,2,1,10.066,2.964,68.286,10.720,0.314,0.743,0.398,0.356,209.096,79.917,20.405,25.695,critical_peak,0
site_unn79reovm,8,2024-01-09,2,1,11.123,,61.313,2.711,0.000,0.712,0.015,0.671,233.416,66.862,10.552,19.694,critical_peak,1
site_8a103kt75c,19,2024-01-20,6,1,9.879,2.231,78.150,11.936,0.000,0.730,0.503,0.667,217.423,89.735,28.014,16.877,flat,0
site_lpvyddf2dp,60,2024-03-01,5,3,24.496,3.743,67.018,8.813,0.636,0.615,0.336,0.922,189.223,63.976,21.941,32.850,critical_peak,0
site_jby3v59n6p,20,2024-01-21,0,1,13.578,2.794,70.137,15.864,0.000,0.608,0.146,0.531,206.089,66.382,11.161,26.792,flat,0
site_mmvs0z732r,62,2024-03-03,0,3,23.076,3.707,59.687,12.507,0.000,0.729,0.328,0.525,158.952,66.471,27.395,11.530,critical_peak,0
site_ruqwbu08ys,183,2024-07-02,2,7,10.216,2.445,68.184,14.441,0.000,0.647,0.093,0.602,209.147,58.115,20.948,20.105,time_of_use,0
site_9ueuoqbp8k,142,2024-05-22,3,5,19.589,2.486,66.099,15.312,0.000,0.758,0.214,0.827,187.576,47.454,22.696,17.184,critical_peak,0
site_unn79reovm,110,2024-04-20,6,4,17.724,2.285,69.723,9.746,0.000,0.636,0.185,0.424,229.359,74.009,16.547,23.277,flat,0
site_owpbo6i70y,85,2024-03-26,2,3,22.495,2.968,52.826,12.720,0.000,0.608,0.042,0.677,169.207,51.330,17.190,24.176,time_of_use,0
site_12sjsgd733,65,2024-03-06,3,3,22.685,4.070,48.551,16.005,0.191,0.921,0.194,0.430,164.735,86.130,12.313,15.120,flat,0
site_9ueuoqbp8k,199,2024-07-18,4,7,10.943,1.431,87.435,14.537,0.000,0.704,0.363,0.589,210.014,64.505,19.762,24.271,flat,0
site_xms2f2z823,120,2024-04-30,2,4,20.351,1.645,,9.971,0.000,0.685,0.285,0.357,175.220,62.037,26.723,17.938,time_of_use,0
site_esvkso5p9a,2,2024-01-03,3,1,6.951,1.764,74.654,15.406,0.000,0.556,0.130,0.700,217.690,80.994,18.556,13.350,flat,0
site_8ttmv07z34,137,2024-05-17,5,5,13.868,1.985,68.200,17.459,0.000,0.581,0.270,0.468,174.668,56.860,18.147,21.454,flat,0
site_wb8fh6amr3,205,2024-07-24,3,7,9.657,0.478,83.697,12.579,0.000,0.671,0.212,0.696,201.855,60.196,23.580,31.238,critical_peak,0
site_esvkso5p9a,108,2024-04-18,4,4,23.204,4.246,57.132,12.534,0.000,0.551,0.081,0.870,190.715,71.735,19.915,24.742,flat,0
site_cyoy81mba2,51,2024-02-21,3,2,21.105,4.971,61.520,13.350,0.000,0.664,0.293,0.931,227.319,69.598,27.122,18.635,critical_peak,0
site_12sjsgd733,175,2024-06-24,1,6,9.505,1.811,76.875,9.106,0.000,0.643,0.099,0.472,196.726,63.549,11.473,23.315,time_of_use,0
site_lpvyddf2dp,193,2024-07-12,5,7,5.048,1.377,72.145,8.503,0.000,0.760,0.218,0.745,230.759,71.065,30.248,23.923,time_of_use,0
site_oqtmdxfv99,158,2024-06-07,5,6,12.701,2.609,70.199,13.130,0.000,0.597,0.182,0.585,212.362,59.770,21.021,10.549,time_of_use,0
site_cyoy81mba2,181,2024-06-30,0,6,10.034,1.304,67.612,21.240,0.205,0.753,0.170,0.491,195.955,68.774,11.239,26.672,flat,0
site_cyoy81mba2,85,2024-03-26,2,3,,4.731,75.275,11.036,0.000,0.644,0.160,0.726,189.738,58.392,13.584,18.175,time_of_use,0
site_12sjsgd733,108,2024-04-18,4,4,23.779,,59.591,4.049,0.000,0.713,0.085,0.584,169.628,68.746,11.000,26.010,flat,0
site_hv02xi47qd,8,2024-01-09,2,1,7.436,2.272,62.809,11.874,0.839,0.666,0.190,0.702,225.019,84.941,13.619,35.632,critical_peak,0
site_12sjsgd733,160,2024-06-09,0,6,11.040,1.456,75.115,9.197,0.000,0.669,0.070,0.239,233.987,73.811,19.425,28.701,critical_peak,0
site_9ueuoqbp8k,102,2024-04-12,5,4,32.232,5.050,64.489,17.050,0.000,0.668,0.248,0.847,215.659,51.667,19.465,24.529,time_of_use,0
site_owpbo6i70y,70,2024-03-11,1,3,20.858,4.417,61.400,13.036,0.000,0.701,0.169,0.762,172.103,79.359,5.327,18.149,critical_peak,0
site_653fbtaxzy,199,2024-07-18,4,7,4.705,0.572,68.650,5.552,0.000,0.670,0.271,0.221,247.349,79.975,25.338,17.091,flat,0
site_mmvs0z732r,153,2024-06-02,0,6,16.540,1.778,76.337,16.472,0.000,0.573,0.283,0.787,183.562,80.845,,25.531,flat,0
site_wb8fh6amr3,24,2024-01-25,4,1,13.339,1.070,62.137,11.086,0.000,0.668,0.438,0.447,187.873,73.131,23.074,18.094,critical_peak,0
site_8ttmv07z34,78,2024-03-19,2,3,27.205,2.747,55.023,10.202,0.000,0.608,0.250,0.690,177.404,44.610,20.134,23.959,critical_peak,0
site_lh13qhdxr8,190,2024-07-09,2,7,3.789,2.430,72.685,7.374,0.000,0.631,0.243,0.801,212.913,67.562,31.029,22.740,flat,0
site_12sjsgd733,158,2024-06-07,5,6,11.855,2.992,64.949,9.664,0.000,0.591,0.015,0.761,190.519,70.809,12.324,17.909,time_of_use,0
site_lpvyddf2dp,168,2024-06-17,1,6,13.445,1.634,75.808,8.902,0.000,0.611,0.241,0.230,198.638,50.957,,26.555,critical_peak,0
site_wkoe2l3dl1,73,2024-03-14,4,3,24.216,4.348,49.941,10.856,0.000,0.605,0.185,0.980,196.315,53.660,,23.121,flat,0
site_i72zb352li,210,2024-07-29,1,7,7.027,1.632,85.136,12.568,0.000,0.610,0.326,0.489,203.050,70.330,26.690,27.382,time_of_use,0
site_i72zb352li,146,2024-05-26,0,5,16.041,1.678,65.904,9.164,0.000,0.716,0.341,0.470,172.984,69.526,18.947,11.948,flat,0
site_653fbtaxzy,225,2024-08-13,2,8,4.315,2.484,72.897,14.118,0.000,0.601,0.317,0.372,209.659,67.941,22.343,,flat,0
site_653fbtaxzy,118,2024-04-28,0,4,20.344,3.539,66.054,14.002,0.000,0.624,0.153,0.870,194.278,73.554,9.445,16.711,flat,0
site_wb8fh6amr3,101,2024-04-11,4,4,23.417,4.267,63.097,5.441,0.000,0.572,0.297,0.711,152.759,57.247,22.294,21.511,flat,0
site_12sjsgd733,59,2024-02-29,4,2,20.834,4.671,51.282,8.540,0.000,0.495,0.015,0.789,154.713,71.364,14.012,15.473,time_of_use,0
site_lh13qhdxr8,69,2024-03-10,0,3,28.490,5.206,54.749,9.988,0.000,,0.255,0.898,173.729,73.262,17.400,8.422,critical_peak,0
site_esvkso5p9a,236,2024-08-24,6,8,7.865,2.568,70.979,8.994,0.000,0.535,0.213,0.774,229.381,68.358,21.666,14.705,flat,0
site_pyswc8o9g8,139,2024-05-19,0,5,11.827,2.921,54.615,12.125,0.000,0.678,0.015,0.702,205.089,,11.703,20.987,time_of_use,0
site_mmvs0z732r,209,2024-07-28,0,7,8.941,0.442,74.579,12.393,5.985,0.526,0.015,0.582,195.221,54.032,9.967,23.829,flat,0
site_wkoe2l3dl1,185,2024-07-04,4,7,5.718,0.862,70.848,13.369,0.000,0.561,0.210,0.534,238.769,66.514,14.232,24.790,time_of_use,0
site_wb8fh6amr3,140,2024-05-20,1,5,19.698,2.812,66.138,14.685,0.000,0.623,0.255,0.623,194.978,75.627,29.514,20.624,time_of_use,1
site_unn79reovm,9,2024-01-10,3,1,8.179,2.293,69.581,11.282,0.000,0.755,0.263,0.382,239.041,74.779,15.682,21.634,flat,0
site_ruqwbu08ys,211,2024-07-30,2,7,5.453,0.715,73.646,13.412,0.000,0.649,0.197,0.305,244.031,59.284,17.061,23.843,time_of_use,0
site_lh13qhdxr8,130,2024-05-10,5,5,16.552,2.974,55.673,14.873,0.000,0.547,0.269,0.791,176.591,61.107,20.326,13.785,time_of_use,0
site_esvkso5p9a,238,2024-08-26,1,8,14.629,2.154,80.029,12.089,0.000,0.636,0.222,0.579,199.883,77.680,18.795,28.063,time_of_use,0
site_xms2f2z823,144,2024-05-24,5,5,13.702,3.510,59.227,6.954,0.000,0.599,0.442,0.724,195.476,77.459,28.329,15.510,flat,0
site_wb8fh6amr3,91,2024-04-01,1,4,22.838,4.003,54.690,9.948,0.000,0.684,0.229,0.741,190.109,72.576,19.351,18.895,flat,0
site_jby3v59n6p,25,2024-01-26,5,1,7.928,2.991,77.844,8.626,0.000,0.686,0.116,0.738,183.121,69.820,18.086,25.133,critical_peak,0
site_9ueuoqbp8k,171,2024-06-20,4,6,11.698,1.260,82.095,10.136,0.000,0.580,0.354,0.681,208.756,41.246,17.691,20.619,flat,0
site_q96oxsn6t7,16,2024-01-17,3,1,10.386,4.165,65.739,12.776,0.000,0.489,0.062,0.778,194.473,60.014,14.861,23.723,critical_peak,0
site_wb8fh6amr3,214,2024-08-02,5,8,6.954,2.364,75.130,15.662,0.000,0.536,0.331,0.565,180.633,70.108,22.787,17.260,critical_peak,0
site_azlkiez3zd,156,2024-06-05,3,6,10.795,0.050,73.833,4.770,0.000,0.688,0.172,0.560,190.180,74.714,20.202,29.857,time_of_use,0
site_oqtmdxfv99,5,2024-01-06,6,1,12.449,1.570,72.984,9.544,0.000,0.796,0.015,0.599,183.023,91.752,6.410,21.666,time_of_use,0
site_owpbo6i70y,134,2024-05-14,2,5,15.236,2.653,68.312,4.342,0.000,0.674,0.261,0.677,163.974,95.382,17.475,17.543,critical_peak,0
site_i72zb352li,180,2024-06-29,6,6,10.482,0.699,70.669,7.568,0.000,0.775,0.360,0.464,192.530,78.185,25.851,27.902,flat,0
site_cyoy81mba2,97,2024-04-07,0,4,25.268,3.558,48.111,11.079,0.000,0.590,0.091,0.686,187.559,52.845,23.685,32.889,critical_peak,0
site_wb8fh6amr3,160,2024-06-09,0,6,10.438,1.397,68.472,7.726,0.000,0.764,0.240,0.580,155.290,84.197,16.091,12.970,critical_peak,0
site_q96oxsn6t7,61,2024-03-02,6,3,18.179,5.009,57.595,12.089,0.000,0.728,0.015,0.705,178.151,67.104,8.234,23.677,critical_peak,0
site_8ttmv07z34,81,2024-03-22,5,3,23.850,4.135,49.642,9.946,0.000,0.668,0.230,0.620,195.261,71.479,20.815,24.239,flat,0
site_jby3v59n6p,33,2024-02-03,6,2,17.043,3.956,65.227,11.660,0.000,0.613,0.015,0.558,198.482,54.620,15.269,25.095,critical_peak,0
site_jby3v59n6p,176,2024-06-25,2,6,9.593,1.798,73.236,14.943,0.000,0.632,0.054,0.601,179.844,70.171,18.282,26.202,time_of_use,1
site_l7o5bnkp2o,9,2024-01-10,3,1,8.839,1.998,71.714,14.016,0.000,0.525,0.265,0.448,208.543,73.675,16.004,14.628,flat,0
site_esvkso5p9a,76,2024-03-17,0,3,26.464,4.068,55.500,8.444,0.000,0.603,0.297,0.704,179.336,87.791,30.035,28.463,time_of_use,0
site_jby3v59n6p,80,2024-03-21,4,3,26.696,3.841,,14.067,0.000,0.680,0.077,0.638,193.999,52.297,26.780,11.992,critical_peak,0
site_i72zb352li,73,2024-03-14,4,3,28.540,5.023,67.002,16.194,0.000,0.644,0.300,0.656,215.784,,16.238,18.399,flat,0
site_esvkso5p9a,167,2024-06-16,0,6,9.123,0.050,81.211,4.149,0.000,,0.159,0.592,197.954,82.848,17.672,19.846,time_of_use,0
site_8a103kt75c,1,2024-01-02,2,1,10.750,2.680,84.356,18.114,0.000,0.708,0.327,0.443,234.428,79.069,24.520,26.475,flat,0
site_xms2f2z823,25,2024-01-26,5,1,12.257,2.039,56.882,8.039,0.000,0.642,0.417,0.496,208.342,64.611,25.650,12.263,critical_peak,0
site_oqtmdxfv99,147,2024-05-27,1,5,11.325,2.368,69.477,14.175,0.000,0.754,0.071,0.707,192.690,75.872,17.541,19.518,time_of_use,0
site_azlkiez3zd,63,2024-03-04,1,3,21.126,4.562,45.746,18.376,0.000,0.782,0.105,0.762,159.814,69.397,12.261,20.935,flat,0
site_hv02xi47qd,155,2024-06-04,2,6,15.778,0.757,79.108,14.842,0.000,0.624,0.341,0.509,174.111,82.182,27.342,22.527,flat,0
site_l7o5bnkp2o,38,2024-02-08,4,2,17.765,2.570,64.258,9.950,0.000,0.710,0.234,0.718,197.072,71.121,15.354,34.893,flat,0
site_9ueuoqbp8k,239,2024-08-27,2,8,8.516,2.711,74.520,16.362,0.937,0.538,0.192,0.587,205.614,61.939,16.061,33.885,time_of_use,0
site_8a103kt75c,231,2024-08-19,1,8,8.100,0.050,72.024,11.755,0.000,0.604,0.409,0.641,231.359,71.787,25.144,13.694,critical_peak,0
site_lpvyddf2dp,106,2024-04-16,2,4,20.232,3.979,72.588,12.054,0.000,0.564,0.278,0.928,187.667,62.522,18.190,22.756,critical_peak,0
site_mmvs0z732r,48,2024-02-18,0,2,20.002,4.267,69.181,5.023,0.000,0.645,0.101,0.721,208.153,55.082,13.335,24.103,time_of_use,0
site_12sjsgd733,178,2024-06-27,4,6,8.474,1.001,64.326,10.481,0.000,0.549,0.150,0.219,220.355,63.386,8.161,22.663,critical_peak,0
site_ruqwbu08ys,99,2024-04-09,2,4,22.420,3.921,53.599,14.119,0.000,0.636,0.217,0.495,218.660,53.203,18.267,13.228,flat,0
site_pyswc8o9g8,231,2024-08-19,1,8,5.220,2.034,78.840,15.940,0.000,0.755,0.015,0.496,252.923,72.490,10.993,27.289,critical_peak,0
site_9ueuoqbp8k,22,2024-01-23,2,1,10.936,2.853,69.982,10.916,0.000,0.643,0.107,0.495,190.187,47.659,12.487,19.851,time_of_use,0
site_jby3v59n6p,21,2024-01-22,1,1,14.192,2.770,65.345,9.364,0.000,0.577,0.033,0.526,186.986,,18.432,22.156,time_of_use,0
site_8ttmv07z34,85,2024-03-26,2,3,24.758,4.577,73.234,13.888,0.000,0.542,0.140,0.748,183.537,65.950,18.386,16.634,time_of_use,0
site_653fbtaxzy,58,2024-02-28,3,2,22.937,4.017,56.180,20.036,0.000,0.706,0.207,0.608,186.402,82.789,24.551,20.505,time_of_use,0
site_l7o5bnkp2o,173,2024-06-22,6,6,13.826,1.355,75.344,11.150,0.000,0.704,0.316,0.673,212.629,46.181,21.535,20.077,flat,0
site_wb8fh6amr3,156,2024-06-05,3,6,13.996,1.243,64.748,8.335,0.000,0.635,0.274,0.527,181.087,60.773,24.158,15.848,time_of_use,0
site_ruqwbu08ys,202,2024-07-21,0,7,7.206,2.538,73.070,12.461,0.000,0.638,0.271,0.516,223.225,70.461,21.523,14.663,time_of_use,0
site_azlkiez3zd,175,2024-06-24,1,6,10.365,0.563,75.949,9.863,0.000,0.730,0.091,0.570,195.631,68.928,20.075,21.335,time_of_use,0
site_oqtmdxfv99,162,2024-06-11,2,6,13.968,2.551,70.499,11.762,0.000,0.664,0.246,0.558,194.477,76.337,14.688,24.025,flat,0
site_xms2f2z823,5,2024-01-06,6,1,6.359,2.993,80.786,9.890,0.000,0.640,0.262,0.513,198.255,70.095,26.658,13.096,time_of_use,0
site_oqtmdxfv99,97,2024-04-07,0,4,25.674,2.627,52.920,9.704,0.000,0.704,0.149,0.703,215.291,66.616,16.879,28.288,critical_peak,0
site_azlkiez3zd,184,2024-07-03,3,7,11.097,0.539,68.587,18.086,0.000,0.594,0.264,0.456,207.833,63.793,25.770,14.072,time_of_use,0
site_q96oxsn6t7,231,2024-08-19,1,8,7.540,1.580,80.582,11.222,0.000,0.666,0.015,0.623,160.618,57.371,12.321,33.259,critical_peak,1
site_653fbtaxzy,184,2024-07-03,3,7,7.939,2.685,74.636,8.126,0.000,,0.260,0.540,221.972,77.507,15.837,21.993,time_of_use,0
site_q96oxsn6t7,239,2024-08-27,2,8,11.255,1.705,70.015,18.422,0.000,0.593,0.167,0.562,209.614,64.445,13.168,17.400,time_of_use,0
site_wkoe2l3dl1,211,2024-07-30,2,7,6.321,2.344,73.498,17.608,0.100,0.621,0.326,0.564,212.798,61.155,28.935,26.633,time_of_use,0
site_i72zb352li,222,2024-08-10,6,8,9.317,0.577,74.170,5.072,0.000,0.640,0.268,0.274,205.151,75.932,13.701,29.058,critical_peak,0
site_esvkso5p9a,69,2024-03-10,0,3,23.167,4.859,78.959,11.674,0.000,0.769,0.145,0.938,177.436,79.955,21.358,12.073,critical_peak,0
site_8ttmv07z34,223,2024-08-11,0,8,12.500,1.724,88.198,11.431,0.000,0.716,0.178,0.439,180.335,70.389,16.241,19.628,critical_peak,1
site_8a103kt75c,148,2024-05-28,2,5,13.094,2.478,71.953,17.893,0.000,0.577,0.231,0.609,213.027,77.422,16.311,28.393,time_of_use,0
site_xms2f2z823,135,2024-05-15,3,5,14.412,1.843,63.305,13.196,0.000,0.602,0.282,0.490,187.482,,24.624,20.317,flat,0
site_cyoy81mba2,77,2024-03-18,1,3,20.235,4.440,69.249,13.195,0.000,0.675,0.083,0.855,179.555,58.835,23.379,24.997,time_of_use,0
site_l7o5bnkp2o,24,2024-01-25,4,1,12.923,2.991,59.257,14.482,0.000,0.734,0.067,0.636,215.890,64.639,16.190,20.728,critical_peak,0
site_ruqwbu08ys,237,2024-08-25,0,8,8.257,1.762,79.835,11.372,0.000,0.683,0.182,0.535,197.190,63.558,21.543,16.569,time_of_use,0
site_xms2f2z823,82,2024-03-23,6,3,25.412,3.156,45.138,14.358,0.000,0.643,0.371,0.497,161.716,62.844,18.965,20.303,flat,0
site_12sjsgd733,200,2024-07-19,5,7,6.515,0.819,70.962,13.364,1.642,0.614,0.144,0.294,210.340,64.853,13.502,20.657,flat,0
site_azlkiez3zd,212,2024-07-31,3,7,6.549,2.841,72.807,2.969,0.000,0.684,0.242,0.570,199.532,66.077,22.742,25.980,time_of_use,0
site_esvkso5p9a,78,2024-03-19,2,3,23.722,4.278,51.948,8.739,0.000,0.543,0.058,0.795,149.868,70.967,17.925,13.688,critical_peak,0
site_653fbtaxzy,209,2024-07-28,0,7,4.627,2.387,75.286,9.570,0.000,0.785,0.343,0.380,216.750,94.523,28.253,17.489,flat,0
site_hv02xi47qd,94,2024-04-04,4,4,25.415,3.874,62.307,14.086,0.000,0.723,0.249,0.761,187.789,62.568,19.252,12.051,time_of_use,0
site_hv02xi47qd,60,2024-03-01,5,3,22.829,3.186,63.041,9.721,0.000,0.640,0.248,,180.578,73.110,22.252,35.484,critical_peak,0
site_jby3v59n6p,101,2024-04-11,4,4,18.586,3.281,59.678,18.575,0.000,0.633,0.211,0.262,177.857,61.470,15.808,28.078,flat,0
site_xms2f2z823,148,2024-05-28,2,5,12.454,2.316,63.655,11.637,0.000,0.683,0.305,0.652,176.851,71.679,28.012,22.405,time_of_use,0
site_esvkso5p9a,193,2024-07-12,5,7,9.026,1.882,71.478,12.009,3.050,0.503,0.144,0.660,179.705,65.038,21.414,23.361,time_of_use,0
site_unn79reovm,211,2024-07-30,2,7,7.604,2.320,87.017,11.667,0.000,0.677,0.032,0.559,215.264,69.505,19.788,20.858,time_of_use,0
site_esvkso5p9a,28,2024-01-29,1,1,15.076,2.895,65.235,9.661,0.000,0.655,0.266,0.453,202.562,70.179,23.949,22.771,flat,0
site_8ttmv07z34,90,2024-03-31,0,3,23.315,2.831,62.064,9.180,0.000,0.652,0.164,0.444,,64.389,24.187,32.249,flat,0
site_owpbo6i70y,139,2024-05-19,0,5,22.741,1.592,61.177,8.649,0.000,0.643,0.153,0.544,155.267,70.132,15.949,21.160,time_of_use,0
site_12sjsgd733,124,2024-05-04,6,5,20.077,4.794,66.148,13.246,0.000,0.459,0.097,0.530,183.148,74.491,11.155,23.048,critical_peak,0
site_ruqwbu08ys,153,2024-06-02,0,6,13.548,1.906,61.268,1.410,0.000,0.496,0.225,0.631,193.521,49.659,19.089,20.043,flat,0
site_wb8fh6amr3,21,2024-01-22,1,1,14.260,3.082,69.011,8.083,0.000,0.735,0.254,0.881,208.549,75.326,16.369,20.776,time_of_use,0
site_wkoe2l3dl1,91,2024-04-01,1,4,19.981,4.559,60.522,9.200,0.000,0.692,0.164,0.795,169.896,48.920,17.434,21.219,flat,0
site_pyswc8o9g8,169,2024-06-18,2,6,9.362,1.724,69.826,13.780,0.000,0.583,0.076,0.510,213.986,67.404,23.264,24.452,critical_peak,0
site_ruqwbu08ys,67,2024-03-08,5,3,21.897,4.886,53.710,9.827,0.000,0.658,0.169,0.572,203.688,61.223,,18.848,time_of_use,0
site_wkoe2l3dl1,61,2024-03-02,6,3,22.935,4.275,47.299,10.443,0.853,0.602,0.274,0.759,193.334,65.178,22.600,22.132,critical_peak,0
site_wkoe2l3dl1,48,2024-02-18,0,2,20.900,,71.601,14.704,0.000,0.635,0.143,0.883,185.008,66.128,22.109,21.447,time_of_use,0
site_lh13qhdxr8,90,2024-03-31,0,3,24.412,,56.234,6.836,0.100,0.588,0.200,0.645,192.325,75.908,25.971,16.988,flat,0
site_ruqwbu08ys,37,2024-02-07,3,2,,4.178,76.561,7.376,0.000,0.475,0.248,0.831,195.338,53.542,18.731,17.294,flat,0
site_653fbtaxzy,37,2024-02-07,3,2,20.252,3.341,63.070,6.311,0.000,0.573,0.199,0.533,209.955,77.997,14.583,23.714,flat,0
site_pyswc8o9g8,171,2024-06-20,4,6,11.846,2.263,70.841,15.726,0.000,0.573,0.151,0.581,237.262,48.081,17.717,20.540,flat,1
site_wkoe2l3dl1,148,2024-05-28,2,5,13.790,2.153,76.942,11.785,,0.587,0.332,0.704,203.194,72.607,20.365,23.983,time_of_use,0
site_653fbtaxzy,215,2024-08-03,6,8,3.235,0.622,71.784,12.611,0.000,0.701,0.387,0.382,245.185,92.316,18.105,23.508,critical_peak,0
site_l7o5bnkp2o,129,2024-05-09,4,5,15.969,2.606,75.969,12.951,,0.777,0.126,0.684,174.481,66.031,20.632,30.351,time_of_use,0
site_8a103kt75c,184,2024-07-03,3,7,10.432,1.166,82.513,18.340,5.402,0.672,0.418,0.405,253.936,53.826,25.213,27.595,time_of_use,0
site_jby3v59n6p,105,2024-04-15,1,4,20.828,3.036,60.736,10.613,0.000,0.630,0.195,0.540,208.338,54.899,23.689,23.437,critical_peak,0
site_8a103kt75c,6,2024-01-07,0,1,8.987,2.971,74.119,6.414,0.000,0.859,0.395,0.611,239.531,80.445,28.082,23.327,critical_peak,0
site_owpbo6i70y,224,2024-08-12,1,8,3.823,0.813,73.257,9.861,0.000,0.776,0.076,0.553,177.144,90.315,14.309,13.701,critical_peak,0
site_oqtmdxfv99,18,2024-01-19,5,1,8.288,3.530,57.059,10.739,0.000,0.770,0.077,0.921,186.704,77.883,17.258,21.133,flat,0
site_cyoy81mba2,57,2024-02-27,2,2,22.998,4.055,56.848,12.395,0.000,0.764,0.060,0.810,161.318,58.089,17.385,28.824,time_of_use,0
site_xms2f2z823,32,2024-02-02,5,2,18.726,5.049,70.032,12.283,0.000,0.575,0.272,0.951,163.366,70.475,27.460,29.582,time_of_use,0
site_jby3v59n6p,165,2024-06-14,5,6,8.560,2.736,70.680,9.094,0.000,0.561,0.071,0.804,208.177,53.099,15.748,36.711,time_of_use,0
site_hv02xi47qd,13,2024-01-14,0,1,8.325,2.821,77.978,6.930,0.000,0.597,0.199,0.896,176.265,,18.466,29.647,time_of_use,0
site_jby3v59n6p,186,2024-07-05,5,7,9.479,0.862,68.292,8.854,0.000,0.679,0.078,0.440,193.278,65.116,16.928,27.466,critical_peak,0
site_owpbo6i70y,62,2024-03-03,0,3,22.777,4.112,70.998,11.661,0.650,0.733,0.061,0.698,181.772,62.779,12.777,23.638,critical_peak,0
site_653fbtaxzy,227,2024-08-15,4,8,8.602,2.363,59.931,9.395,0.000,0.748,0.171,0.631,209.472,78.547,18.141,14.943,flat,0
site_q96oxsn6t7,167,2024-06-16,0,6,9.677,1.516,75.931,11.345,0.000,0.689,0.214,0.909,203.978,82.483,16.816,27.633,time_of_use,0
site_lpvyddf2dp,123,2024-05-03,5,5,18.667,3.011,65.155,20.896,0.000,0.789,0.141,0.980,186.269,69.424,16.454,17.588,critical_peak,0
site_wkoe2l3dl1,219,2024-08-07,3,8,2.986,2.096,76.615,15.319,0.000,0.688,0.298,0.791,226.715,60.328,8.665,22.349,time_of_use,1
site_wkoe2l3dl1,187,2024-07-06,6,7,2.961,2.528,70.294,12.044,1.878,0.677,0.182,0.980,195.771,57.374,14.258,24.689,critical_peak,0
site_8a103kt75c,195,2024-07-14,0,7,7.218,1.997,77.706,9.959,0.000,0.706,0.423,0.609,211.882,67.782,30.228,21.053,critical_peak,0
site_esvkso5p9a,62,2024-03-03,0,3,21.016,3.909,52.354,12.773,0.000,0.652,0.309,0.849,227.216,72.211,22.494,19.550,critical_peak,0
site_653fbtaxzy,101,2024-04-11,4,4,26.689,4.824,51.674,9.889,0.000,0.607,0.246,0.719,220.870,72.789,20.072,17.002,flat,0
site_8a103kt75c,93,2024-04-03,3,4,25.788,3.590,62.160,7.929,0.000,0.739,0.226,0.431,193.865,72.081,14.835,18.002,time_of_use,0
site_wkoe2l3dl1,119,2024-04-29,1,4,22.174,3.646,58.486,13.296,0.000,0.608,0.204,0.682,195.134,65.135,16.617,29.456,flat,0
site_mmvs0z732r,8,2024-01-09,2,1,12.668,3.965,63.561,5.975,0.000,0.558,0.118,0.670,167.324,68.645,7.817,18.684,critical_peak,0
site_wb8fh6amr3,81,2024-03-22,5,3,26.241,3.301,52.512,12.897,0.000,,0.265,0.642,184.755,52.404,27.814,14.950,flat,0
site_azlkiez3zd,46,2024-02-16,5,2,19.936,3.912,61.974,10.898,0.000,0.711,0.263,0.980,158.806,77.991,25.446,24.181,flat,0
site_wkoe2l3dl1,223,2024-08-11,0,8,7.207,3.155,70.884,15.800,0.000,0.683,0.493,0.629,222.102,59.641,23.317,37.509,critical_peak,0
site_lh13qhdxr8,229,2024-08-17,6,8,8.802,1.367,79.882,9.717,0.000,0.605,0.176,0.602,157.450,62.066,23.572,18.984,time_of_use,0
site_pyswc8o9g8,127,2024-05-07,2,5,,3.307,44.883,10.331,0.000,0.632,0.079,0.588,203.639,58.549,22.536,31.818,flat,1
site_unn79reovm,113,2024-04-23,2,4,23.185,4.385,54.723,10.467,0.000,0.706,0.192,0.470,191.127,77.592,15.080,,time_of_use,0
site_jby3v59n6p,136,2024-05-16,4,5,14.977,1.120,70.771,10.362,0.000,0.485,0.233,0.439,216.714,64.842,14.579,17.457,flat,0
site_lh13qhdxr8,127,2024-05-07,2,5,18.459,3.799,64.953,11.337,0.000,0.592,0.292,0.802,192.195,79.351,27.937,14.794,flat,0
site_oqtmdxfv99,183,2024-07-02,2,7,12.135,1.620,73.612,1.845,0.000,0.676,0.206,0.687,185.031,58.489,17.945,23.947,time_of_use,0
site_mmvs0z732r,12,2024-01-13,6,1,11.812,2.371,58.856,7.925,0.000,0.535,0.138,0.689,181.959,67.248,18.340,20.500,time_of_use,0
site_azlkiez3zd,140,2024-05-20,1,5,18.070,3.267,62.851,8.964,0.000,0.708,0.178,0.669,185.130,90.115,22.175,17.115,time_of_use,0
site_653fbtaxzy,66,2024-03-07,4,3,24.141,2.912,70.602,6.061,0.000,0.735,0.176,0.671,205.255,76.259,17.168,18.335,time_of_use,0
site_8a103kt75c,160,2024-06-09,0,6,9.118,2.288,63.988,12.059,0.000,0.748,0.210,0.460,205.861,77.533,24.626,11.304,critical_peak,0
site_owpbo6i70y,0,2024-01-01,1,1,3.077,2.684,84.006,7.146,0.000,0.705,0.114,0.890,137.053,66.659,7.142,21.784,flat,0
site_ruqwbu08ys,172,2024-06-21,5,6,10.566,1.744,76.204,11.546,0.000,0.733,0.216,0.461,232.187,66.266,21.256,16.877,flat,0
site_cyoy81mba2,128,2024-05-08,3,5,15.275,3.881,49.382,11.750,0.000,0.638,0.149,0.604,163.510,66.498,15.730,24.828,flat,0
site_8a103kt75c,75,2024-03-16,6,3,26.232,4.439,62.593,5.073,0.000,,0.436,0.738,251.218,68.249,28.772,25.175,time_of_use,0
site_oqtmdxfv99,92,2024-04-02,2,4,27.660,4.408,56.655,8.364,2.268,0.662,0.015,0.894,218.116,75.524,8.466,19.779,flat,0
site_wb8fh6amr3,202,2024-07-21,0,7,6.388,1.521,68.134,4.972,0.000,0.688,0.347,0.687,189.415,62.715,24.596,11.509,time_of_use,0
site_l7o5bnkp2o,112,2024-04-22,1,4,23.441,1.929,67.910,6.841,1.074,0.660,0.056,0.444,205.040,83.718,10.620,21.593,time_of_use,0
site_pyswc8o9g8,103,2024-04-13,6,4,22.266,4.634,63.415,8.625,0.000,0.654,0.108,0.838,172.711,44.887,16.862,22.183,time_of_use,0
site_mmvs0z732r,158,2024-06-07,5,6,13.667,1.719,82.386,16.486,0.000,0.561,0.015,0.545,165.493,59.066,16.457,19.043,time_of_use,0
site_i72zb352li,178,2024-06-27,4,6,8.203,1.450,58.156,11.487,0.000,0.757,0.302,0.386,205.051,77.867,19.616,26.540,critical_peak,0
site_12sjsgd733,107,2024-04-17,3,4,27.679,3.902,48.210,16.306,0.000,0.675,0.139,0.519,199.627,79.419,5.944,16.001,critical_peak,0
site_8a103kt75c,144,2024-05-24,5,5,14.305,2.264,57.020,9.746,0.000,0.668,0.320,0.471,209.080,73.327,20.825,25.905,flat,0
site_owpbo6i70y,233,2024-08-21,3,8,5.863,1.809,57.941,11.427,0.000,0.651,0.015,0.451,164.137,52.335,12.432,12.497,critical_peak,0
site_xms2f2z823,151,2024-05-31,5,5,18.046,1.096,76.878,13.629,0.000,0.665,0.391,0.534,161.522,54.134,23.636,22.592,critical_peak,1
site_ruqwbu08ys,188,2024-07-07,0,7,5.643,1.165,74.917,,1.499,0.484,0.357,0.401,235.975,55.191,23.863,19.560,critical_peak,0
site_owpbo6i70y,213,2024-08-01,4,8,6.801,2.178,78.011,15.960,,0.595,0.015,0.428,164.962,73.594,8.303,22.903,critical_peak,1
site_lpvyddf2dp,1,2024-01-02,2,1,12.066,2.963,83.204,14.396,0.000,0.595,0.353,0.947,215.867,73.210,24.891,25.335,flat,0
site_unn79reovm,112,2024-04-22,1,4,19.765,2.047,66.058,4.975,0.000,0.769,0.054,0.442,166.389,61.182,18.383,15.933,time_of_use,0
site_azlkiez3zd,36,2024-02-06,2,2,18.935,3.637,66.884,13.763,0.000,0.691,0.207,0.693,207.550,88.586,27.791,20.988,flat,0
site_653fbtaxzy,82,2024-03-23,6,3,24.488,3.696,61.217,12.887,0.000,0.566,0.318,0.461,218.141,69.658,17.517,16.778,flat,0
site_lh13qhdxr8,159,2024-06-08,6,6,12.063,1.318,88.766,16.613,0.000,0.527,0.195,0.786,156.781,79.467,19.946,4.396,critical_peak,0
site_xms2f2z823,1,2024-01-02,2,1,8.498,2.999,66.266,10.500,0.000,0.718,0.275,0.587,169.785,65.408,25.765,15.055,flat,1
site_cyoy81mba2,67,2024-03-08,5,3,25.534,4.107,61.228,11.137,3.271,0.757,0.186,0.627,179.323,75.297,29.693,17.494,time_of_use,0
site_oqtmdxfv99,47,2024-02-17,6,2,21.726,4.468,71.422,10.116,1.613,0.722,0.093,0.847,178.957,79.947,15.062,25.453,flat,0
site_ruqwbu08ys,214,2024-08-02,5,8,7.211,0.646,63.709,9.013,0.000,0.406,0.168,0.537,188.781,62.723,20.510,26.428,critical_peak,0
site_wb8fh6amr3,45,2024-02-15,4,2,14.539,4.070,62.678,7.926,3.093,0.572,0.394,,180.800,60.097,25.526,16.766,flat,0
site_oqtmdxfv99,127,2024-05-07,2,5,21.100,,75.580,13.816,0.000,0.772,0.015,0.681,189.079,85.148,23.126,20.502,flat,0
site_8ttmv07z34,52,2024-02-22,4,2,16.470,5.508,53.841,7.750,0.000,0.623,0.205,,175.320,67.373,24.809,24.378,critical_peak,0
site_mmvs0z732r,210,2024-07-29,1,7,11.503,0.745,80.236,3.176,0.000,0.634,0.133,0.456,174.291,74.758,,18.870,time_of_use,0
site_pyswc8o9g8,19,2024-01-20,6,1,14.348,2.450,58.262,17.493,0.000,0.838,0.109,0.662,192.107,66.920,21.894,18.858,flat,0
site_xms2f2z823,105,2024-04-15,1,4,21.862,3.879,61.437,11.362,0.000,0.717,0.210,0.712,186.499,69.576,20.141,23.818,critical_peak,0
site_esvkso5p9a,215,2024-08-03,6,8,9.717,1.471,75.347,14.427,0.000,0.601,0.353,0.647,201.084,97.799,19.305,15.918,critical_peak,0
site_12sjsgd733,224,2024-08-12,1,8,7.448,0.590,70.220,7.351,0.000,0.529,0.128,0.523,163.688,76.288,6.277,19.477,critical_peak,0
site_9ueuoqbp8k,16,2024-01-17,3,1,13.624,3.018,59.047,10.208,0.000,0.585,0.219,0.734,194.203,63.810,15.001,17.442,critical_peak,0
site_hv02xi47qd,149,2024-05-29,3,5,13.304,1.451,52.278,9.841,0.000,0.695,0.325,0.869,201.024,65.251,22.773,27.562,time_of_use,0
site_lh13qhdxr8,152,2024-06-01,6,6,10.619,1.317,67.665,4.565,0.000,0.660,0.180,0.699,198.060,70.413,21.483,13.072,critical_peak,0
site_8a103kt75c,234,2024-08-22,4,8,8.903,1.504,65.642,3.269,0.000,0.737,0.253,0.654,188.082,76.188,18.591,15.204,flat,0
site_l7o5bnkp2o,184,2024-07-03,3,7,3.036,1.521,70.016,15.864,0.000,0.574,0.231,0.575,,53.906,20.147,16.425,time_of_use,0
site_pyswc8o9g8,71,2024-03-12,2,3,20.891,2.866,56.716,5.293,0.000,0.618,0.155,0.721,232.352,71.944,20.890,21.704,critical_peak,0
site_9ueuoqbp8k,194,2024-07-13,6,7,9.046,1.384,88.846,10.121,0.000,0.576,0.410,0.607,193.254,63.964,33.862,20.885,time_of_use,0
site_esvkso5p9a,148,2024-05-28,2,5,12.104,1.451,67.710,10.002,0.000,0.680,0.015,0.567,227.000,69.318,18.870,14.943,time_of_use,0
site_9ueuoqbp8k,4,2024-01-05,5,1,10.006,2.156,74.887,9.948,0.000,0.769,0.156,0.828,206.694,59.820,19.497,33.011,time_of_use,0
site_i72zb352li,111,2024-04-21,0,4,26.913,3.995,56.585,4.375,0.000,0.787,0.304,0.437,177.908,58.523,21.574,28.459,time_of_use,0
site_12sjsgd733,229,2024-08-17,6,8,6.816,1.298,54.894,11.855,0.455,0.506,0.110,0.509,185.864,60.003,15.018,20.710,time_of_use,0
site_8a103kt75c,223,2024-08-11,0,8,9.934,2.199,72.101,15.407,0.000,0.853,0.373,0.571,219.943,85.459,31.574,24.842,critical_peak,0
site_lpvyddf2dp,98,2024-04-08,1,4,22.753,2.977,58.975,9.759,0.000,0.700,0.318,0.733,220.303,78.169,21.844,31.736,critical_peak,0
site_i72zb352li,90,2024-03-31,0,3,25.717,3.916,46.807,10.783,,0.791,0.321,0.667,211.910,65.582,18.891,29.247,flat,0
site_i72zb352li,136,2024-05-16,4,5,13.583,2.821,75.476,10.658,0.000,0.789,0.189,0.430,169.389,84.592,15.838,26.884,flat,0
site_wkoe2l3dl1,193,2024-07-12,5,7,12.538,2.285,81.089,18.726,0.000,0.560,0.239,0.813,181.625,72.476,17.276,22.521,time_of_use,0
site_owpbo6i70y,184,2024-07-03,3,7,9.656,2.637,81.279,8.872,0.000,0.689,0.015,0.562,161.367,60.220,11.787,25.390,time_of_use,0
site_8a103kt75c,14,2024-01-15,1,1,12.159,3.502,73.026,7.340,0.000,0.667,0.300,0.677,214.232,87.522,20.310,22.764,time_of_use,0
site_ruqwbu08ys,0,2024-01-01,1,1,5.766,3.324,69.814,5.277,0.000,0.578,0.251,0.842,215.812,57.505,18.211,12.376,flat,0
site_8ttmv07z34,198,2024-07-17,3,7,7.055,1.963,60.848,5.242,0.000,0.705,0.221,0.433,177.187,57.023,22.618,19.241,flat,0
site_8ttmv07z34,129,2024-05-09,4,5,15.584,3.214,68.050,11.172,0.000,0.577,0.163,0.631,164.212,55.939,17.308,30.188,time_of_use,0
site_hv02xi47qd,52,2024-02-22,4,2,25.013,3.498,65.047,10.874,0.612,0.765,0.266,0.803,209.217,84.490,23.952,21.896,critical_peak,0
site_oqtmdxfv99,124,2024-05-04,6,5,19.493,2.816,75.318,22.195,0.000,0.799,0.275,0.573,194.301,79.984,19.165,25.807,critical_peak,0
site_wkoe2l3dl1,42,2024-02-12,1,2,15.885,3.916,66.783,15.001,0.000,,0.303,0.980,180.136,59.617,18.099,27.791,critical_peak,0
site_l7o5bnkp2o,110,2024-04-20,6,4,29.714,4.228,70.899,7.787,0.000,0.704,0.090,0.963,217.776,60.391,19.963,20.255,flat,0
site_i72zb352li,228,2024-08-16,5,8,9.445,1.752,84.266,15.321,0.000,0.748,0.246,0.544,207.269,84.649,22.060,21.133,time_of_use,0
site_12sjsgd733,202,2024-07-21,0,7,7.262,1.198,74.926,16.276,0.000,0.602,0.015,0.252,226.538,55.325,11.638,11.946,time_of_use,0
site_i72zb352li,184,2024-07-03,3,7,7.640,0.177,82.409,14.676,0.000,0.677,0.125,0.286,208.966,87.634,11.868,25.207,time_of_use,0
site_ruqwbu08ys,104,2024-04-14,0,4,23.480,2.682,,5.954,0.000,0.560,0.234,0.626,205.071,49.065,26.204,9.323,time_of_use,0
site_wb8fh6amr3,103,2024-04-13,6,4,22.711,4.225,48.163,12.949,0.000,0.622,0.371,0.828,189.446,70.410,30.508,18.396,time_of_use,0
site_cyoy81mba2,112,2024-04-22,1,4,22.030,3.195,67.809,17.933,0.000,0.570,0.048,0.702,189.915,74.346,16.093,31.701,time_of_use,0
site_unn79reovm,73,2024-03-14,4,3,22.613,5.662,60.174,4.630,0.000,0.591,0.083,0.809,198.629,67.129,14.274,15.596,flat,0
site_owpbo6i70y,157,2024-06-06,4,6,10.665,3.461,58.283,9.562,0.000,0.629,0.082,0.660,190.544,53.278,13.555,22.882,time_of_use,0
site_hv02xi47qd,198,2024-07-17,3,7,8.394,2.011,84.036,8.756,0.000,0.602,0.185,0.857,201.235,64.689,21.334,21.620,flat,0
site_l7o5bnkp2o,58,2024-02-28,3,2,23.119,3.976,57.450,10.534,0.000,0.697,0.278,0.976,188.092,63.400,16.803,10.899,time_of_use,0
site_i72zb352li,87,2024-03-28,4,3,30.149,4.489,52.056,21.402,0.000,0.565,0.275,0.597,221.338,55.544,14.400,30.149,critical_peak,0
site_unn79reovm,185,2024-07-04,4,7,6.016,0.317,82.606,5.697,0.000,0.588,0.017,0.034,239.396,,14.793,19.958,time_of_use,0
site_cyoy81mba2,198,2024-07-17,3,7,6.524,1.487,74.914,11.421,0.000,0.610,0.198,0.747,216.076,65.762,10.034,32.348,flat,0
site_hv02xi47qd,175,2024-06-24,1,6,12.507,1.150,65.843,16.546,0.000,0.603,0.278,0.700,195.826,75.870,15.098,,time_of_use,0
site_8ttmv07z34,77,2024-03-18,1,3,26.287,4.683,48.814,2.339,0.000,0.661,0.158,0.584,192.960,74.763,19.509,29.422,time_of_use,0
site_mmvs0z732r,3,2024-01-04,4,1,10.171,2.304,73.298,15.442,0.000,,0.086,0.500,191.257,63.146,13.558,16.926,time_of_use,0
site_ruqwbu08ys,151,2024-05-31,5,5,14.345,0.986,81.175,15.481,0.000,0.655,0.171,0.532,198.280,57.579,18.155,15.656,critical_peak,0
site_mmvs0z732r,103,2024-04-13,6,4,21.590,2.174,55.801,14.459,0.000,0.521,0.184,0.603,166.378,66.798,16.711,13.633,time_of_use,0
site_12sjsgd733,153,2024-06-02,0,6,9.767,1.639,75.411,8.272,0.000,0.686,0.181,0.381,196.695,68.070,24.343,16.323,flat,0
site_ruqwbu08ys,122,2024-05-02,4,5,19.053,3.644,65.018,9.325,4.397,0.640,0.295,0.627,221.973,61.110,24.828,9.131,time_of_use,0
site_8ttmv07z34,91,2024-04-01,1,4,26.551,2.858,47.905,4.814,0.000,0.569,0.015,0.500,195.356,61.096,11.089,22.341,flat,0
site_azlkiez3zd,32,2024-02-02,5,2,12.303,3.321,66.029,10.913,0.000,0.776,0.174,,183.236,92.291,16.909,23.873,time_of_use,0
site_oqtmdxfv99,49,2024-02-19,1,2,20.119,4.150,68.969,17.118,0.000,0.675,0.206,0.896,179.667,76.010,23.117,15.700,time_of_use,0
site_653fbtaxzy,42,2024-02-12,1,2,19.598,3.021,66.928,2.950,3.646,0.675,0.251,0.609,206.849,67.106,23.496,19.747,critical_peak,0
site_lpvyddf2dp,118,2024-04-28,0,4,20.150,2.938,,11.608,0.000,0.498,0.238,0.591,203.003,69.055,19.738,22.535,flat,0
site_q96oxsn6t7,126,2024-05-06,1,5,19.486,3.492,65.822,5.429,0.000,0.487,0.022,0.785,182.615,60.221,12.939,23.145,flat,0
site_azlkiez3zd,0,2024-01-01,1,1,10.742,3.378,72.937,10.427,0.000,0.824,0.205,0.980,193.414,67.294,27.498,22.021,flat,0
site_lpvyddf2dp,56,2024-02-26,1,2,14.772,5.203,69.324,13.056,0.000,0.651,0.282,0.915,185.017,71.886,23.755,24.885,flat,0
site_jby3v59n6p,213,2024-08-01,4,8,7.808,0.406,73.497,16.170,0.000,0.720,0.285,0.344,187.029,54.688,18.334,19.197,critical_peak,0
site_esvkso5p9a,1,2024-01-02,2,1,5.326,2.942,69.993,17.022,0.000,0.606,0.200,0.752,201.189,72.957,19.082,22.058,flat,0
site_oqtmdxfv99,48,2024-02-18,0,2,23.520,2.462,51.355,16.250,3.208,0.786,0.220,0.455,198.388,79.602,23.134,20.546,time_of_use,0
site_hv02xi47qd,87,2024-03-28,4,3,21.967,4.201,57.786,7.589,0.000,0.750,0.330,0.740,239.818,80.016,23.524,21.362,critical_peak,0
site_ruqwbu08ys,132,2024-05-12,0,5,17.764,2.874,75.112,17.392,1.151,0.648,0.116,0.821,205.120,60.661,21.180,9.242,critical_peak,0
site_pyswc8o9g8,158,2024-06-07,5,6,11.400,1.614,65.837,8.647,0.000,0.471,0.171,0.488,220.490,42.169,19.298,20.654,time_of_use,0
site_unn79reovm,233,2024-08-21,3,8,13.314,1.987,81.811,11.862,0.000,0.620,0.037,0.523,192.246,81.760,6.586,26.244,critical_peak,0
site_8ttmv07z34,43,2024-02-13,2,2,16.100,3.795,66.634,4.797,0.000,0.603,0.201,0.802,187.932,55.538,25.695,25.455,critical_peak,0
site_lh13qhdxr8,13,2024-01-14,0,1,9.515,2.261,66.544,3.991,0.000,0.633,0.314,0.908,158.132,75.360,29.737,16.769,time_of_use,0
site_oqtmdxfv99,182,2024-07-01,1,7,10.319,0.050,66.158,9.974,0.000,0.739,0.015,0.478,209.053,72.696,18.994,21.017,flat,0
site_lpvyddf2dp,217,2024-08-05,1,8,9.429,2.239,77.899,5.890,0.000,0.614,0.191,0.784,194.564,77.549,20.644,29.538,flat,0
site_jby3v59n6p,75,2024-03-16,6,3,24.124,5.284,72.872,14.941,0.000,0.475,0.198,0.713,169.248,65.176,14.144,26.469,time_of_use,0
site_wb8fh6amr3,228,2024-08-16,5,8,7.368,1.599,74.852,6.655,0.000,0.580,0.398,0.580,191.864,64.411,23.238,11.844,time_of_use,0
site_9ueuoqbp8k,227,2024-08-15,4,8,7.148,2.034,58.949,11.315,0.000,0.643,0.177,0.541,185.204,68.756,17.968,18.601,flat,0
site_azlkiez3zd,138,2024-05-18,6,5,21.761,2.620,63.480,,2.355,0.653,0.035,0.523,185.520,60.712,19.774,22.126,time_of_use,0
site_8a103kt75c,28,2024-01-29,1,1,14.963,3.932,63.763,11.533,0.000,0.730,0.405,0.632,223.427,79.599,21.552,,flat,0
site_i72zb352li,103,2024-04-13,6,4,25.386,3.616,58.031,15.044,0.766,0.736,0.341,0.631,181.714,79.913,20.823,24.084,time_of_use,0
site_653fbtaxzy,219,2024-08-07,3,8,11.360,2.665,66.734,10.899,0.000,0.668,0.403,0.488,204.403,66.826,17.928,18.609,time_of_use,0
site_esvkso5p9a,202,2024-07-21,0,7,9.879,1.297,76.286,8.505,0.000,0.693,0.194,0.737,188.038,73.175,18.324,19.460,time_of_use,0
site_esvkso5p9a,111,2024-04-21,0,4,23.743,3.056,81.554,16.755,0.000,0.756,0.035,0.673,191.192,82.991,16.348,12.188,time_of_use,0
site_esvkso5p9a,94,2024-04-04,4,4,26.518,3.294,62.829,15.423,0.000,0.594,0.348,0.687,191.620,76.285,24.854,12.125,time_of_use,0
site_9ueuoqbp8k,103,2024-04-13,6,4,20.443,3.728,63.574,3.246,0.000,0.702,0.457,0.830,196.611,52.915,21.947,15.079,time_of_use,0
site_owpbo6i70y,69,2024-03-10,0,3,25.845,4.097,61.748,15.938,0.000,0.687,0.023,0.724,186.225,76.497,14.866,23.125,critical_peak,0
site_oqtmdxfv99,166,2024-06-15,6,6,12.100,2.321,65.537,13.937,0.000,0.726,0.253,0.655,188.506,77.982,18.039,30.558,time_of_use,0
site_wkoe2l3dl1,168,2024-06-17,1,6,10.874,1.577,73.692,13.585,0.000,0.352,0.244,0.617,218.008,61.461,19.612,29.237,critical_peak,0
site_653fbtaxzy,69,2024-03-10,0,3,21.054,5.397,59.079,10.528,,0.770,0.423,0.492,209.167,86.383,22.988,17.591,critical_peak,1
site_q96oxsn6t7,164,2024-06-13,4,6,13.191,1.870,71.834,14.323,0.000,0.701,0.015,0.696,173.155,64.199,18.926,25.071,flat,1
site_q96oxsn6t7,97,2024-04-07,0,4,26.671,3.080,56.541,17.238,0.000,0.595,0.179,0.739,184.666,65.899,12.551,,critical_peak,0
site_esvkso5p9a,237,2024-08-25,0,8,10.030,2.071,66.477,9.052,0.000,0.680,0.254,0.610,230.808,77.697,27.188,17.794,time_of_use,1
site_owpbo6i70y,120,2024-04-30,2,4,23.099,3.707,71.877,11.092,0.000,0.579,0.015,0.695,170.112,79.813,6.223,21.169,time_of_use,0
site_q96oxsn6t7,212,2024-07-31,3,7,5.978,0.794,72.635,14.099,0.000,0.649,0.064,0.943,188.899,66.925,16.675,33.238,time_of_use,0
site_l7o5bnkp2o,230,2024-08-18,0,8,3.716,2.356,89.504,9.585,0.000,0.797,0.389,0.681,178.834,44.508,22.047,15.669,time_of_use,0
site_lpvyddf2dp,110,2024-04-20,6,4,20.787,4.066,59.068,10.119,0.000,0.645,0.400,0.829,197.780,73.831,33.712,22.255,flat,0
site_wkoe2l3dl1,13,2024-01-14,0,1,8.954,3.315,71.484,11.378,0.000,0.791,0.318,0.596,175.767,72.757,21.664,,time_of_use,0
site_q96oxsn6t7,170,2024-06-19,3,6,8.125,1.961,60.147,8.036,0.000,0.680,0.271,0.661,236.291,71.694,19.950,22.113,critical_peak,0
site_8a103kt75c,101,2024-04-11,4,4,20.049,3.287,68.804,16.280,0.000,0.619,0.370,0.446,203.378,59.268,15.263,23.445,flat,0
site_pyswc8o9g8,102,2024-04-12,5,4,21.268,3.962,54.079,9.759,1.035,0.783,0.138,0.728,198.065,54.806,13.220,18.186,time_of_use,0
site_azlkiez3zd,57,2024-02-27,2,2,23.852,3.810,59.980,12.926,0.000,0.578,0.208,0.521,211.254,77.490,17.376,22.272,time_of_use,0
site_esvkso5p9a,43,2024-02-13,2,2,20.971,4.311,52.079,15.427,0.000,0.568,0.149,0.880,207.091,84.820,18.999,17.476,critical_peak,0
site_i72zb352li,0,2024-01-01,1,1,9.043,1.745,83.120,16.809,0.000,0.683,0.294,0.420,175.234,77.307,21.315,22.697,flat,0
site_mmvs0z732r,150,2024-05-30,4,5,9.111,1.416,75.097,15.216,0.000,0.699,0.222,0.604,180.744,68.199,25.434,27.889,critical_peak,0
site_q96oxsn6t7,109,2024-04-19,5,4,22.584,4.338,53.263,13.405,0.000,0.462,0.122,0.762,175.546,64.061,11.137,26.407,flat,0
site_hv02xi47qd,234,2024-08-22,4,8,13.929,1.037,66.303,4.475,0.000,0.708,0.268,0.619,228.087,66.081,29.350,30.699,flat,0
site_hv02xi47qd,183,2024-07-02,2,7,6.630,1.581,78.402,10.776,0.000,0.640,0.129,0.596,169.035,72.999,22.299,26.805,time_of_use,0
site_12sjsgd733,201,2024-07-20,6,7,5.214,1.113,79.054,15.259,0.000,0.514,0.076,0.412,229.037,69.743,6.646,21.757,time_of_use,0
site_q96oxsn6t7,205,2024-07-24,3,7,4.816,1.371,66.167,4.717,0.000,0.604,0.147,0.850,207.984,69.129,19.407,15.594,critical_peak,0
site_wb8fh6amr3,220,2024-08-08,4,8,5.352,0.807,74.783,9.101,0.000,0.555,0.252,0.614,187.451,60.604,20.273,29.818,time_of_use,0
site_q96oxsn6t7,20,2024-01-21,0,1,10.768,3.696,60.591,9.937,0.000,0.714,0.024,0.818,171.467,70.629,11.472,17.589,flat,0
site_653fbtaxzy,119,2024-04-29,1,4,21.771,4.393,80.307,14.610,0.000,0.639,0.350,0.858,201.454,75.739,29.439,10.250,flat,0
site_pyswc8o9g8,5,2024-01-06,6,1,12.773,2.266,62.615,13.825,0.000,0.673,0.134,0.593,206.870,61.911,18.283,20.321,time_of_use,0
site_unn79reovm,225,2024-08-13,2,8,6.212,1.823,65.573,5.642,0.000,0.621,0.121,0.374,207.763,83.983,7.419,21.089,flat,0
site_8a103kt75c,209,2024-07-28,0,7,6.440,1.751,66.896,8.924,0.000,0.800,0.462,0.505,223.886,80.265,26.518,14.780,flat,0
site_12sjsgd733,226,2024-08-14,3,8,5.898,0.774,77.812,12.941,0.000,0.581,0.015,0.394,190.498,59.013,18.791,16.902,flat,0
site_hv02xi47qd,196,2024-07-15,1,7,7.344,1.667,71.936,12.494,0.000,0.712,0.307,0.662,215.363,62.170,27.976,21.807,critical_peak,0
site_8ttmv07z34,152,2024-06-01,6,6,11.694,2.358,77.698,17.264,0.000,0.682,0.255,0.608,188.411,51.126,14.307,25.696,critical_peak,0
site_oqtmdxfv99,188,2024-07-07,0,7,8.534,1.243,70.852,16.274,0.000,0.611,0.275,0.434,181.855,75.326,12.571,21.985,critical_peak,0
site_l7o5bnkp2o,203,2024-07-22,1,7,6.838,0.760,62.240,3.832,0.000,0.626,0.229,0.768,222.614,76.151,16.918,28.298,time_of_use,0
site_9ueuoqbp8k,87,2024-03-28,4,3,23.418,3.385,72.320,11.656,0.000,0.596,0.281,0.776,158.426,61.672,21.990,25.397,critical_peak,0
site_wb8fh6amr3,162,2024-06-11,2,6,12.185,2.809,56.806,7.024,0.000,0.535,0.299,0.809,171.981,69.190,23.705,18.993,flat,0
site_pyswc8o9g8,55,2024-02-25,0,2,23.555,4.491,47.068,10.077,0.000,0.652,0.250,0.648,219.172,52.139,25.963,20.642,flat,0
site_xms2f2z823,225,2024-08-13,2,8,10.145,1.585,65.104,17.796,3.868,0.621,0.371,0.416,191.330,71.760,34.943,19.742,flat,0
site_wkoe2l3dl1,158,2024-06-07,5,6,,1.298,82.256,9.233,0.000,0.685,0.300,0.544,190.753,59.012,16.181,27.938,time_of_use,0
site_8ttmv07z34,212,2024-07-31,3,7,9.136,1.123,75.355,16.206,0.000,0.594,0.164,0.482,214.358,59.900,25.507,19.439,time_of_use,0
site_9ueuoqbp8k,226,2024-08-14,3,8,9.186,1.966,68.885,9.255,0.000,0.632,0.191,0.587,193.073,59.608,,27.660,flat,0
site_hv02xi47qd,90,2024-03-31,0,3,22.676,5.204,51.365,0.200,0.000,0.820,0.130,0.880,165.220,81.816,15.317,23.256,flat,0
site_cyoy81mba2,66,2024-03-07,4,3,21.531,3.909,51.525,10.074,0.000,,0.102,0.630,163.444,61.475,18.721,28.291,time_of_use,0
site_lh13qhdxr8,164,2024-06-13,4,6,7.451,1.268,70.457,7.818,0.537,0.702,0.282,0.764,171.679,67.588,25.396,24.496,flat,0
site_653fbtaxzy,81,2024-03-22,5,3,26.109,3.538,60.561,11.830,0.000,0.620,0.223,0.557,190.952,104.246,17.704,23.980,flat,1
site_wkoe2l3dl1,29,2024-01-30,2,1,13.125,3.690,48.148,19.335,0.000,0.657,0.227,0.867,176.964,56.153,12.642,27.947,flat,0
site_lpvyddf2dp,130,2024-05-10,5,5,20.124,2.228,77.255,13.543,0.000,0.759,0.238,0.601,157.090,79.107,19.721,26.587,time_of_use,0
site_cyoy81mba2,116,2024-04-26,5,4,22.921,4.106,49.303,6.496,0.000,0.732,0.067,0.533,191.093,76.138,21.233,16.844,critical_peak,0
site_l7o5bnkp2o,0,2024-01-01,1,1,5.849,2.038,76.214,17.865,0.000,0.601,0.207,0.610,219.211,63.583,28.258,24.090,flat,0
site_jby3v59n6p,194,2024-07-13,6,7,4.394,2.532,77.650,18.081,0.000,0.590,0.248,0.634,,56.301,23.955,35.942,time_of_use,0
site_pyswc8o9g8,63,2024-03-04,1,3,25.064,4.665,68.139,13.991,0.000,0.610,0.087,0.871,202.373,58.975,15.376,21.646,flat,0
site_unn79reovm,163,2024-06-12,3,6,5.741,1.645,54.098,15.293,0.000,0.690,0.077,0.342,197.625,73.308,14.597,29.713,flat,0
site_azlkiez3zd,191,2024-07-10,3,7,6.118,1.506,72.155,9.213,,0.724,0.156,0.759,202.102,77.811,14.833,28.443,flat,0
site_8a103kt75c,84,2024-03-25,1,3,24.896,3.681,47.184,9.498,0.000,0.681,0.392,0.589,247.265,81.248,32.042,9.988,time_of_use,0
site_9ueuoqbp8k,54,2024-02-24,6,2,18.800,4.444,43.237,10.315,2.385,0.725,0.257,0.841,181.978,67.538,15.939,24.621,flat,0
site_azlkiez3zd,24,2024-01-25,4,1,13.096,2.750,56.306,14.281,0.000,0.667,0.074,0.833,181.298,75.193,27.937,30.392,critical_peak,0
site_12sjsgd733,145,2024-05-25,6,5,11.489,1.785,75.364,6.022,0.000,0.601,0.049,0.412,183.550,54.927,7.576,13.291,flat,0
site_q96oxsn6t7,94,2024-04-04,4,4,26.086,5.254,56.526,10.045,0.000,0.550,0.015,0.825,185.673,61.956,17.355,12.379,time_of_use,0
site_ruqwbu08ys,109,2024-04-19,5,4,18.309,3.261,59.106,,0.000,0.627,0.296,0.622,186.721,72.311,25.055,7.364,flat,0
site_jby3v59n6p,100,2024-04-10,3,4,22.421,5.551,44.949,10.254,0.000,0.603,0.199,0.607,191.968,73.124,20.707,20.592,flat,0
site_8ttmv07z34,47,2024-02-17,6,2,21.905,2.477,58.402,7.489,0.000,0.646,0.252,0.340,177.423,70.065,26.756,21.862,flat,0
site_lh13qhdxr8,198,2024-07-17,3,7,6.033,0.712,63.302,10.394,0.000,0.686,0.431,0.400,203.575,60.082,28.815,18.189,flat,0
site_lpvyddf2dp,95,2024-04-05,5,4,20.796,3.938,56.033,13.204,0.000,0.609,0.312,0.791,202.080,78.696,22.204,21.140,time_of_use,0
site_hv02xi47qd,128,2024-05-08,3,5,17.887,1.198,72.264,3.849,0.000,0.671,0.181,0.980,192.185,78.865,14.611,23.990,flat,0
site_q96oxsn6t7,217,2024-08-05,1,8,4.015,1.299,70.477,8.552,0.605,0.675,,0.685,216.909,58.983,15.670,24.133,flat,1
site_wkoe2l3dl1,20,2024-01-21,0,1,11.115,3.372,72.881,7.097,0.000,0.658,0.156,0.490,205.381,54.252,18.708,23.983,flat,0
site_lh13qhdxr8,168,2024-06-17,1,6,15.733,1.311,68.212,11.258,1.353,0.495,0.147,0.572,188.564,79.366,21.486,16.227,critical_peak,0
site_i72zb352li,167,2024-06-16,0,6,5.595,2.616,94.895,11.149,0.000,0.600,0.183,0.470,222.331,72.544,11.347,22.404,time_of_use,0
site_owpbo6i70y,124,2024-05-04,6,5,20.307,2.349,54.887,5.651,0.000,0.751,0.162,0.572,168.134,64.516,15.989,19.797,critical_peak,0
site_wb8fh6amr3,71,2024-03-12,2,3,24.024,4.425,60.488,2.585,0.000,0.690,0.354,0.735,174.631,71.147,16.470,23.682,critical_peak,0
site_9ueuoqbp8k,126,2024-05-06,1,5,17.230,3.626,63.820,10.987,0.000,0.529,0.096,0.765,189.471,65.255,12.711,17.243,flat,0
site_9ueuoqbp8k,43,2024-02-13,2,2,19.568,2.247,50.835,11.832,0.000,0.591,0.400,0.501,185.962,60.097,22.867,29.179,critical_peak,0
site_8a103kt75c,138,2024-05-18,6,5,18.426,3.066,70.701,10.239,0.000,0.786,0.508,0.678,181.875,70.455,23.906,23.007,time_of_use,0
site_wb8fh6amr3,29,2024-01-30,2,1,13.304,2.787,61.960,9.249,0.000,0.613,0.321,0.576,199.617,63.609,21.580,15.986,flat,0
site_hv02xi47qd,22,2024-01-23,2,1,14.348,2.638,80.622,3.965,0.000,0.747,0.288,0.853,212.079,66.694,21.971,21.300,time_of_use,0
site_8ttmv07z34,138,2024-05-18,6,5,15.884,2.793,68.795,11.276,0.000,0.608,0.244,0.400,174.716,74.652,18.384,10.152,time_of_use,0
site_8a103kt75c,181,2024-06-30,0,6,5.555,0.050,75.553,9.971,0.000,0.667,0.510,0.579,247.320,64.492,26.911,24.728,flat,0
site_i72zb352li,39,2024-02-09,5,2,15.881,1.435,60.490,6.884,0.000,0.753,0.183,0.472,164.868,69.700,13.854,20.473,time_of_use,0
site_8a103kt75c,153,2024-06-02,0,6,11.310,0.946,69.748,14.877,0.000,0.809,0.341,0.467,228.824,78.506,25.251,12.117,flat,0
site_wkoe2l3dl1,146,2024-05-26,0,5,19.886,2.658,47.776,16.749,0.000,0.490,0.384,0.656,201.119,61.355,21.314,22.881,flat,0
site_xms2f2z823,118,2024-04-28,0,4,20.309,3.353,56.986,12.794,0.000,0.788,0.350,0.493,153.673,68.344,32.829,8.155,flat,0
site_owpbo6i70y,7,2024-01-08,1,1,9.540,2.357,62.217,11.451,0.000,0.528,0.050,0.703,155.632,71.951,11.006,14.050,critical_peak,0
site_i72zb352li,63,2024-03-04,1,3,21.759,3.601,71.592,6.509,0.000,0.626,0.367,0.626,194.776,74.951,19.180,18.921,flat,0
site_q96oxsn6t7,234,2024-08-22,4,8,8.480,1.204,71.833,7.187,0.000,0.592,0.071,0.799,189.642,67.119,19.799,27.695,flat,0
site_8a103kt75c,215,2024-08-03,6,8,5.828,0.366,85.673,14.297,0.000,0.668,0.489,0.301,203.846,75.289,32.663,18.378,critical_peak,0
site_lh13qhdxr8,175,2024-06-24,1,6,8.501,0.722,77.517,16.825,0.000,0.664,0.200,0.584,195.320,69.406,20.943,14.225,time_of_use,0
site_wb8fh6amr3,44,2024-02-14,3,2,15.531,4.089,67.063,10.187,1.174,0.730,0.261,0.829,168.867,62.184,23.747,21.889,critical_peak,0
site_i72zb352li,143,2024-05-23,4,5,13.487,3.125,78.184,7.468,0.000,0.661,0.244,0.530,162.468,87.246,18.773,16.954,critical_peak,0
site_q96oxsn6t7,213,2024-08-01,4,8,4.540,2.074,66.546,12.618,0.000,0.487,0.052,0.614,185.711,74.201,9.790,22.994,critical_peak,0
site_azlkiez3zd,27,2024-01-28,0,1,15.344,2.712,62.629,3.567,0.000,0.611,0.197,0.677,182.116,76.692,15.771,22.407,flat,0
site_pyswc8o9g8,52,2024-02-22,4,2,20.479,4.205,71.131,7.783,0.000,0.659,0.015,0.826,186.756,39.260,16.592,24.829,critical_peak,0
site_oqtmdxfv99,222,2024-08-10,6,8,11.557,1.031,71.958,13.095,0.000,0.700,0.217,0.548,214.666,71.788,16.972,20.087,critical_peak,0
site_cyoy81mba2,18,2024-01-19,5,1,11.412,2.829,82.878,6.281,0.000,0.598,0.289,0.738,180.333,65.231,21.198,29.211,flat,0
site_owpbo6i70y,61,2024-03-02,6,3,23.281,5.690,56.942,7.680,0.368,0.628,0.178,0.972,146.117,51.522,4.201,22.401,critical_peak,0
site_oqtmdxfv99,229,2024-08-17,6,8,11.786,3.096,66.055,16.319,0.000,0.668,0.194,0.845,219.298,77.050,18.478,25.936,time_of_use,1
site_pyswc8o9g8,129,2024-05-09,4,5,21.130,3.608,64.485,13.693,,0.564,0.015,0.539,196.684,58.241,12.409,23.344,time_of_use,0
site_owpbo6i70y,160,2024-06-09,0,6,9.958,0.873,75.660,6.058,0.000,0.622,0.136,0.751,193.429,87.564,14.594,21.096,critical_peak,0
site_8ttmv07z34,49,2024-02-19,1,2,20.263,4.564,58.937,10.539,0.000,0.561,0.290,0.681,195.005,62.150,24.966,33.364,time_of_use,0
site_9ueuoqbp8k,59,2024-02-29,4,2,22.018,3.803,54.863,12.588,0.000,0.478,0.248,0.618,230.722,,18.930,26.865,time_of_use,0
site_wkoe2l3dl1,186,2024-07-05,5,7,8.755,0.722,81.146,12.088,0.000,0.549,0.314,0.513,197.663,65.407,15.270,17.067,critical_peak,0
site_653fbtaxzy,105,2024-04-15,1,4,28.645,3.807,61.746,12.436,0.000,0.712,0.351,0.586,221.299,78.748,25.032,20.859,critical_peak,0
site_lh13qhdxr8,80,2024-03-21,4,3,24.216,4.529,67.062,10.039,2.784,0.527,0.228,0.699,183.217,88.200,29.696,9.702,critical_peak,0
site_jby3v59n6p,37,2024-02-07,3,2,13.152,3.908,51.877,7.662,0.000,0.677,0.189,0.580,221.987,60.512,,16.308,flat,0
site_wb8fh6amr3,233,2024-08-21,3,8,7.460,2.047,79.287,16.833,0.000,0.668,0.287,0.613,211.223,78.002,17.714,20.578,critical_peak,0
site_oqtmdxfv99,16,2024-01-17,3,1,11.387,3.053,74.061,21.919,1.761,0.715,0.238,0.590,181.170,82.143,9.738,23.155,critical_peak,0
site_8ttmv07z34,110,2024-04-20,6,4,17.997,2.827,62.636,5.805,0.000,0.684,0.172,0.449,170.270,63.185,22.486,24.895,flat,0
site_oqtmdxfv99,19,2024-01-20,6,1,13.499,3.871,70.502,10.456,0.000,0.616,0.195,0.715,181.542,72.365,19.331,31.401,flat,0
site_l7o5bnkp2o,227,2024-08-15,4,8,11.462,2.551,78.892,13.342,,0.658,0.235,0.652,164.199,60.555,18.086,13.918,flat,0
site_ruqwbu08ys,186,2024-07-05,5,7,7.929,2.456,64.239,6.130,0.000,0.652,0.390,,200.070,40.738,31.008,22.882,critical_peak,0
site_owpbo6i70y,86,2024-03-27,3,3,23.796,2.579,67.188,15.205,0.000,0.616,0.015,0.821,132.911,57.873,13.942,21.884,time_of_use,0
site_owpbo6i70y,71,2024-03-12,2,3,26.002,5.322,58.737,5.231,0.000,0.648,0.134,0.802,197.613,60.662,18.286,29.106,critical_peak,0
site_8a103kt75c,139,2024-05-19,0,5,16.804,2.396,73.611,7.931,0.000,0.766,0.373,0.655,213.727,84.674,21.964,11.359,time_of_use,0
site_esvkso5p9a,213,2024-08-01,4,8,7.788,1.853,55.922,9.583,0.000,0.526,0.145,0.703,176.985,66.439,19.101,19.660,critical_peak,0
site_cyoy81mba2,178,2024-06-27,4,6,9.903,0.629,66.716,10.622,0.000,0.707,0.165,0.614,208.747,68.880,17.385,26.829,critical_peak,0
site_unn79reovm,97,2024-04-07,0,4,26.267,4.408,,19.046,0.000,0.786,0.030,0.535,178.760,86.332,13.704,29.414,critical_peak,0
site_esvkso5p9a,95,2024-04-05,5,4,24.438,3.499,73.206,5.136,0.000,0.599,0.136,0.817,203.575,64.988,15.943,14.384,time_of_use,0
site_esvkso5p9a,174,2024-06-23,0,6,6.722,2.818,85.135,9.123,0.000,0.706,0.209,0.833,205.445,62.242,22.814,21.698,time_of_use,0
site_pyswc8o9g8,165,2024-06-14,5,6,9.476,1.296,80.655,8.749,0.000,0.741,0.106,0.846,221.730,71.934,21.382,22.669,time_of_use,0
site_lpvyddf2dp,144,2024-05-24,5,5,13.960,2.398,61.761,7.876,0.000,0.819,0.272,0.694,182.134,59.540,14.653,20.144,flat,0
site_mmvs0z732r,53,2024-02-23,5,2,21.508,5.370,66.397,9.772,0.000,0.685,0.194,0.845,169.950,71.594,12.795,18.904,critical_peak,1
site_jby3v59n6p,9,2024-01-10,3,1,9.235,2.587,59.952,6.895,0.000,0.613,0.061,0.592,227.781,64.299,17.109,37.402,flat,0
site_q96oxsn6t7,176,2024-06-25,2,6,6.904,1.494,69.208,8.735,0.000,0.583,0.175,0.752,179.388,73.658,11.924,22.396,time_of_use,0
site_lh13qhdxr8,100,2024-04-10,3,4,23.449,5.888,70.136,17.372,0.000,0.636,0.282,0.747,174.723,63.221,25.510,22.134,flat,1
site_l7o5bnkp2o,233,2024-08-21,3,8,8.757,1.991,78.332,10.510,0.000,0.591,0.236,0.518,213.453,59.584,22.420,21.631,critical_peak,0
site_mmvs0z732r,204,2024-07-23,2,7,7.930,1.782,74.012,7.632,0.000,0.661,0.028,0.661,158.068,75.196,23.867,24.683,critical_peak,0
site_wb8fh6amr3,120,2024-04-30,2,4,23.249,4.026,57.769,9.585,0.000,0.664,0.258,0.802,198.881,76.795,28.646,16.310,time_of_use,0
site_pyswc8o9g8,200,2024-07-19,5,7,5.208,0.742,72.692,8.569,0.000,0.560,0.093,0.454,215.342,52.469,15.584,23.225,flat,0
site_lh13qhdxr8,224,2024-08-12,1,8,8.014,2.562,74.649,10.004,0.000,0.629,0.330,0.873,162.056,72.133,23.400,16.967,critical_peak,1
site_wkoe2l3dl1,10,2024-01-11,4,1,7.020,3.159,73.649,6.176,5.205,0.531,0.121,0.734,190.693,47.965,13.346,23.857,flat,0
site_wkoe2l3dl1,19,2024-01-20,6,1,13.850,3.280,61.120,14.472,0.000,0.648,0.268,0.795,183.126,54.011,22.989,25.009,flat,0
site_12sjsgd733,99,2024-04-09,2,4,21.354,3.506,50.618,15.834,0.000,0.700,0.088,0.771,181.781,68.980,15.277,25.782,flat,0
site_9ueuoqbp8k,12,2024-01-13,6,1,12.923,3.610,68.939,9.351,0.000,0.713,0.186,0.522,177.659,69.934,16.310,25.928,time_of_use,0
site_xms2f2z823,88,2024-03-29,5,3,28.456,2.908,69.671,15.341,0.875,0.658,0.403,0.363,190.598,57.980,30.602,25.921,critical_peak,0
site_9ueuoqbp8k,49,2024-02-19,1,2,15.946,3.560,67.070,14.255,0.000,0.622,0.150,0.670,185.923,70.185,22.742,20.029,time_of_use,0
site_owpbo6i70y,112,2024-04-22,1,4,19.006,5.206,51.797,9.775,0.000,0.684,0.098,0.691,163.409,75.630,14.054,26.451,time_of_use,0
site_xms2f2z823,11,2024-01-12,5,1,9.049,3.632,69.700,14.108,0.000,0.625,0.290,0.628,184.381,64.728,28.054,19.011,flat,0
site_q96oxsn6t7,87,2024-03-28,4,3,27.480,3.385,66.568,6.371,0.000,0.534,0.225,0.859,180.328,73.255,26.678,22.307,critical_peak,0
site_esvkso5p9a,29,2024-01-30,2,1,16.428,4.424,63.915,4.674,0.000,0.650,0.219,0.673,207.808,66.676,23.058,25.278,flat,0
site_mmvs0z732r,223,2024-08-11,0,8,9.305,2.399,77.491,12.196,0.100,0.553,0.015,0.759,212.539,49.256,19.074,26.596,critical_peak,0
site_esvkso5p9a,192,2024-07-11,4,7,7.944,2.188,75.659,1.291,0.000,0.746,0.216,0.451,219.364,78.889,15.284,16.099,time_of_use,0
site_cyoy81mba2,226,2024-08-14,3,8,9.223,1.871,72.217,12.276,0.000,0.646,0.196,0.551,197.119,52.787,15.941,29.086,flat,0
site_mmvs0z732r,15,2024-01-16,2,1,10.330,3.786,81.320,7.199,0.000,0.572,0.167,0.753,206.321,79.304,14.453,24.099,critical_peak,0
site_12sjsgd733,237,2024-08-25,0,8,5.564,2.954,69.995,12.539,0.000,0.636,0.098,0.588,185.458,67.051,18.508,26.598,time_of_use,0
site_xms2f2z823,43,2024-02-13,2,2,17.371,4.334,53.319,12.865,4.345,0.618,0.345,0.867,175.175,59.913,27.703,15.923,critical_peak,0
site_q96oxsn6t7,162,2024-06-11,2,6,8.884,2.587,64.875,6.769,0.000,0.647,0.046,0.828,168.122,61.874,6.128,35.772,flat,0
site_jby3v59n6p,93,2024-04-03,3,4,26.467,3.016,59.118,11.972,0.000,0.612,0.270,0.361,197.879,74.955,10.193,28.238,time_of_use,0
site_owpbo6i70y,44,2024-02-14,3,2,16.726,3.399,84.287,10.093,0.000,0.593,0.153,0.823,175.165,81.799,11.434,10.421,critical_peak,0
site_ruqwbu08ys,71,2024-03-12,2,3,21.578,4.101,61.099,10.963,0.000,0.486,0.037,0.710,171.159,67.359,23.148,24.321,critical_peak,0
site_wkoe2l3dl1,5,2024-01-06,6,1,10.606,2.411,63.919,6.828,0.000,0.571,0.261,0.624,183.441,77.837,23.560,20.914,time_of_use,0
site_azlkiez3zd,69,2024-03-10,0,3,21.541,5.102,62.613,17.285,0.000,0.705,0.248,,207.332,53.541,28.162,27.388,critical_peak,0
site_wkoe2l3dl1,16,2024-01-17,3,1,9.271,3.498,74.025,15.183,0.000,0.590,0.395,0.793,192.356,67.350,15.053,18.218,critical_peak,0
site_unn79reovm,38,2024-02-08,4,2,23.203,3.564,69.379,8.927,0.000,0.626,0.015,0.533,216.231,73.438,3.755,20.854,flat,0
site_8ttmv07z34,50,2024-02-20,2,2,23.124,4.885,60.796,7.802,0.000,0.643,0.255,0.494,203.684,70.877,21.395,27.153,time_of_use,0
site_hv02xi47qd,73,2024-03-14,4,3,19.423,2.939,72.343,11.288,0.000,0.645,0.258,0.793,176.038,86.649,28.193,29.766,flat,1
site_pyswc8o9g8,234,2024-08-22,4,8,14.434,2.091,66.915,10.632,0.000,0.589,0.179,0.431,179.527,48.121,22.900,16.925,flat,0
site_esvkso5p9a,155,2024-06-04,2,6,12.079,0.944,63.626,13.103,0.000,0.687,0.129,0.359,227.031,84.598,18.432,28.823,flat,1
site_jby3v59n6p,8,2024-01-09,2,1,10.088,3.357,67.036,16.178,1.022,0.540,0.035,0.541,211.170,72.555,14.976,21.883,critical_peak,0
site_lh13qhdxr8,122,2024-05-02,4,5,20.971,2.785,54.301,5.383,0.000,0.587,0.208,0.789,157.545,63.427,20.572,19.304,time_of_use,0
site_unn79reovm,134,2024-05-14,2,5,21.862,3.847,80.649,15.331,0.000,0.614,0.241,0.441,184.657,61.543,14.153,27.006,critical_peak,0
site_unn79reovm,215,2024-08-03,6,8,3.684,1.442,61.897,7.248,0.100,0.696,0.058,0.195,189.498,81.393,12.828,28.137,critical_peak,0
site_i72zb352li,194,2024-07-13,6,7,10.977,1.200,68.838,15.703,0.000,0.632,0.268,0.326,182.217,68.956,14.300,23.809,time_of_use,0
site_ruqwbu08ys,160,2024-06-09,0,6,9.201,0.203,62.116,16.836,0.000,0.675,0.321,0.584,213.218,64.086,29.749,18.956,critical_peak,0
site_azlkiez3zd,220,2024-08-08,4,8,2.050,1.410,76.121,7.949,0.000,0.651,0.259,0.597,160.453,84.435,20.949,15.619,time_of_use,0
site_wkoe2l3dl1,118,2024-04-28,0,4,20.878,,72.597,19.490,0.000,0.592,0.383,0.804,222.182,69.325,26.466,23.587,flat,0
site_9ueuoqbp8k,113,2024-04-23,2,4,21.109,3.304,70.797,14.241,0.000,0.534,0.327,0.594,161.643,63.331,27.017,25.075,time_of_use,0
site_9ueuoqbp8k,67,2024-03-08,5,3,21.061,3.360,64.118,10.568,0.000,0.604,0.297,0.314,197.320,46.993,29.889,20.853,time_of_use,0
site_12sjsgd733,37,2024-02-07,3,2,20.051,3.852,70.382,11.751,0.000,0.586,0.077,0.270,148.488,73.122,6.485,32.534,flat,0
site_q96oxsn6t7,182,2024-07-01,1,7,6.248,1.727,68.921,14.387,0.000,0.690,0.165,0.725,194.628,71.356,30.169,17.558,flat,0
site_ruqwbu08ys,50,2024-02-20,2,2,18.843,3.395,56.073,14.290,0.000,0.710,0.216,0.753,210.070,54.112,17.489,22.146,time_of_use,0
site_owpbo6i70y,82,2024-03-23,6,3,26.811,3.361,61.436,8.264,3.455,0.497,0.180,0.518,144.787,77.358,25.963,12.632,flat,0
site_hv02xi47qd,36,2024-02-06,2,2,13.136,4.294,74.574,8.164,0.000,0.671,0.342,0.724,167.942,82.320,27.947,17.395,flat,0
site_8ttmv07z34,176,2024-06-25,2,6,8.151,1.408,70.139,10.527,0.000,0.625,0.278,0.612,175.152,65.861,21.764,20.349,time_of_use,0
site_owpbo6i70y,153,2024-06-02,0,6,10.889,1.100,73.180,10.161,0.000,0.711,0.060,0.628,156.805,78.538,17.756,15.911,flat,0
site_mmvs0z732r,214,2024-08-02,5,8,7.198,1.438,78.352,8.706,0.000,0.613,0.107,0.474,195.821,66.407,5.619,13.849,critical_peak,0
site_cyoy81mba2,119,2024-04-29,1,4,20.158,2.940,57.454,8.549,0.000,0.535,0.066,0.938,206.611,70.664,18.509,17.970,flat,0
site_xms2f2z823,219,2024-08-07,3,8,9.183,1.910,68.680,6.633,0.000,0.710,0.213,0.616,199.464,73.666,18.102,19.370,time_of_use,0
site_653fbtaxzy,139,2024-05-19,0,5,13.277,2.093,73.943,15.731,0.000,0.768,0.308,0.257,205.808,93.234,28.988,17.954,time_of_use,0
site_l7o5bnkp2o,133,2024-05-13,1,5,19.376,2.440,69.994,6.612,0.000,0.439,0.030,0.519,187.856,47.505,19.599,9.631,critical_peak,0
site_8a103kt75c,41,2024-02-11,0,2,16.323,2.977,53.378,9.435,0.000,0.841,0.427,0.460,216.524,74.119,19.006,,time_of_use,0
site_pyswc8o9g8,147,2024-05-27,1,5,16.272,2.294,60.593,12.718,0.000,0.591,0.036,0.778,192.860,61.071,9.503,23.808,time_of_use,0
site_12sjsgd733,33,2024-02-03,6,2,19.868,3.800,59.398,11.924,0.000,0.800,0.157,0.377,170.122,72.949,17.195,18.528,critical_peak,0
site_ruqwbu08ys,114,2024-04-24,3,4,19.708,2.679,65.321,17.874,0.000,0.680,0.272,0.582,182.188,75.224,20.837,18.852,critical_peak,0
site_jby3v59n6p,92,2024-04-02,2,4,24.147,3.386,58.499,13.890,0.000,0.558,0.221,0.520,181.450,74.632,19.561,25.346,flat,0
site_pyswc8o9g8,38,2024-02-08,4,2,21.477,2.452,65.140,15.015,0.000,0.524,0.123,0.548,,52.392,11.588,21.061,flat,0
site_i72zb352li,129,2024-05-09,4,5,17.305,3.034,62.741,16.733,0.000,0.693,0.371,0.557,214.342,65.885,14.891,28.635,time_of_use,0
site_owpbo6i70y,170,2024-06-19,3,6,8.134,2.280,80.231,5.612,0.000,0.514,0.214,0.794,172.453,51.780,19.205,9.278,critical_peak,0
site_9ueuoqbp8k,190,2024-07-09,2,7,6.853,2.579,78.301,18.295,0.000,0.637,0.247,0.580,223.225,65.721,17.314,16.014,flat,0
site_12sjsgd733,26,2024-01-27,6,1,9.692,3.814,62.233,4.295,0.000,0.506,0.161,0.485,175.348,61.732,9.141,17.054,critical_peak,0
site_esvkso5p9a,120,2024-04-30,2,4,23.183,3.507,63.154,8.864,0.000,0.663,0.318,0.756,205.613,76.130,25.397,22.473,time_of_use,0
site_q96oxsn6t7,168,2024-06-17,1,6,9.533,1.598,61.605,11.483,0.000,0.675,0.111,0.471,192.647,55.012,12.248,26.805,critical_peak,0
site_wkoe2l3dl1,90,2024-03-31,0,3,26.646,4.000,52.799,6.316,0.000,0.674,0.184,0.571,196.239,57.776,19.046,21.668,flat,0
site_cyoy81mba2,189,2024-07-08,1,7,8.635,1.802,63.819,14.336,0.000,0.614,0.177,0.752,202.769,46.301,26.742,33.010,flat,0
site_oqtmdxfv99,31,2024-02-01,4,2,19.908,3.118,66.603,16.656,0.856,0.655,0.160,0.819,170.766,93.716,15.853,17.366,time_of_use,0
site_lpvyddf2dp,74,2024-03-15,5,3,23.527,3.829,59.833,16.949,0.000,0.803,0.119,0.816,191.837,85.561,14.197,20.429,flat,0
site_q96oxsn6t7,105,2024-04-15,1,4,20.089,4.771,52.489,11.884,0.000,0.606,0.244,0.980,189.451,65.673,19.748,29.792,critical_peak,0
site_mmvs0z732r,149,2024-05-29,3,5,17.872,2.989,55.725,7.182,0.000,0.559,0.073,0.532,181.092,51.378,16.769,26.867,time_of_use,0
site_lh13qhdxr8,185,2024-07-04,4,7,12.100,1.359,83.083,8.219,0.000,0.587,0.160,0.761,183.663,67.801,21.420,25.021,time_of_use,0
site_jby3v59n6p,38,2024-02-08,4,2,18.492,3.144,67.247,17.546,0.000,0.530,0.275,0.602,198.286,76.975,13.604,22.927,flat,0
site_cyoy81mba2,49,2024-02-19,1,2,23.087,4.581,74.441,12.397,0.000,0.657,0.266,0.724,183.258,75.083,24.873,32.941,time_of_use,0
site_653fbtaxzy,23,2024-01-24,3,1,15.927,2.109,53.361,14.698,0.183,0.789,0.297,0.783,212.463,68.734,22.461,16.697,time_of_use,0
site_8ttmv07z34,134,2024-05-14,2,5,15.079,1.686,75.396,15.313,0.000,0.615,0.139,0.526,189.036,59.967,28.040,,critical_peak,0
site_lh13qhdxr8,113,2024-04-23,2,4,20.100,3.285,59.262,13.061,0.000,0.530,0.278,0.570,178.046,78.514,18.241,13.175,time_of_use,1
site_lh13qhdxr8,145,2024-05-25,6,5,14.364,2.854,86.379,11.350,0.000,0.609,0.176,0.549,160.776,72.183,21.764,15.819,flat,0
site_12sjsgd733,101,2024-04-11,4,4,25.938,4.178,64.288,11.516,0.000,0.562,0.119,0.592,173.089,74.277,15.708,18.271,flat,0
site_jby3v59n6p,47,2024-02-17,6,2,17.063,3.497,45.925,12.054,0.000,0.534,0.165,0.443,204.569,57.094,13.360,18.981,flat,0
site_hv02xi47qd,0,2024-01-01,1,1,6.696,,71.969,5.067,1.324,0.834,0.224,0.802,207.895,81.531,22.690,21.713,flat,0
site_lpvyddf2dp,67,2024-03-08,5,3,24.610,3.279,50.373,12.185,0.100,0.558,0.121,0.906,185.511,71.061,16.173,17.864,time_of_use,0
site_azlkiez3zd,77,2024-03-18,1,3,27.117,4.873,65.167,7.065,0.000,0.554,0.146,0.928,200.474,78.324,22.718,25.109,time_of_use,0
site_cyoy81mba2,136,2024-05-16,4,5,18.155,2.676,60.626,11.021,0.000,0.705,0.015,0.618,173.589,62.520,22.762,14.749,flat,0
site_wb8fh6amr3,168,2024-06-17,1,6,12.520,2.267,67.004,7.539,0.000,0.454,0.225,0.593,175.034,58.297,13.602,12.170,critical_peak,0
site_l7o5bnkp2o,201,2024-07-20,6,7,6.887,1.429,66.707,10.284,0.000,0.686,0.235,0.333,207.622,61.644,20.043,21.074,time_of_use,0
site_8ttmv07z34,22,2024-01-23,2,1,17.238,4.055,73.629,9.031,0.000,0.583,0.195,0.723,186.021,60.324,22.586,22.099,time_of_use,0
site_lpvyddf2dp,58,2024-02-28,3,2,19.916,,60.863,15.961,2.738,0.625,0.163,0.963,183.868,77.908,20.818,26.581,time_of_use,0
site_wkoe2l3dl1,35,2024-02-05,1,2,14.196,5.403,73.064,0.200,0.000,0.751,0.243,0.927,173.177,69.455,17.318,26.292,critical_peak,0
site_9ueuoqbp8k,31,2024-02-01,4,2,21.629,3.801,68.916,13.093,0.000,0.705,0.236,0.811,200.543,57.914,25.242,28.970,time_of_use,0
site_hv02xi47qd,177,2024-06-26,3,6,8.438,2.075,78.220,9.019,0.000,0.665,0.467,0.769,234.533,59.770,25.966,27.619,critical_peak,0
site_ruqwbu08ys,125,2024-05-05,0,5,19.932,2.839,67.580,11.790,0.000,0.648,0.266,0.740,234.931,78.408,12.752,27.947,critical_peak,0
site_i72zb352li,188,2024-07-07,0,7,3.073,2.405,70.489,15.539,0.000,0.632,0.302,0.498,220.290,71.822,21.645,24.408,critical_peak,0
site_ruqwbu08ys,166,2024-06-15,6,6,10.758,2.598,67.976,8.498,0.000,0.546,0.182,0.652,215.212,60.675,23.656,10.634,time_of_use,0
site_ruqwbu08ys,34,2024-02-04,0,2,19.449,2.727,71.181,9.054,0.000,0.507,0.167,0.501,170.602,61.116,9.796,24.072,critical_peak,0
site_oqtmdxfv99,153,2024-06-02,0,6,10.436,1.897,64.045,10.589,0.000,0.616,0.143,0.364,200.391,61.761,26.091,30.703,flat,0
site_12sjsgd733,155,2024-06-04,2,6,13.026,2.762,72.125,10.107,0.000,0.670,0.015,0.455,186.854,52.596,0.812,14.353,flat,0
site_unn79reovm,152,2024-06-01,6,6,10.630,2.682,75.983,4.801,0.000,0.777,0.139,0.345,213.836,80.399,19.048,28.572,critical_peak,0
site_oqtmdxfv99,91,2024-04-01,1,4,28.637,5.065,64.762,8.595,0.000,0.855,0.139,0.837,187.756,86.456,12.494,30.356,flat,0
site_azlkiez3zd,75,2024-03-16,6,3,26.305,5.250,54.001,9.264,0.000,0.810,0.132,0.793,187.796,62.770,24.457,20.144,time_of_use,0
site_mmvs0z732r,140,2024-05-20,1,5,17.095,2.945,78.445,8.008,0.100,0.614,0.049,0.690,184.127,64.703,17.167,20.947,time_of_use,0
site_unn79reovm,102,2024-04-12,5,4,24.063,3.608,57.688,8.449,0.000,0.606,0.285,0.524,192.336,75.387,15.026,20.552,time_of_use,0
site_unn79reovm,84,2024-03-25,1,3,20.814,3.947,57.145,6.472,0.000,0.705,0.178,0.635,181.467,88.004,10.688,19.809,time_of_use,0
site_oqtmdxfv99,82,2024-03-23,6,3,27.652,3.394,57.384,15.633,0.000,0.693,0.205,0.839,215.697,,20.920,13.888,flat,0
site_ruqwbu08ys,137,2024-05-17,5,5,16.707,3.264,76.271,13.278,0.000,0.665,0.116,0.627,233.160,55.179,25.468,30.402,flat,0
site_lpvyddf2dp,197,2024-07-16,2,7,6.151,0.676,73.868,8.010,1.595,0.639,0.261,0.532,216.353,,24.747,19.126,critical_peak,0
site_lpvyddf2dp,2,2024-01-03,3,1,5.570,2.665,56.627,6.397,0.000,0.704,0.187,0.908,205.862,62.941,21.525,21.277,flat,0
site_653fbtaxzy,47,2024-02-17,6,2,17.842,3.889,50.894,10.205,0.000,0.797,0.291,0.848,221.995,83.113,13.239,25.998,flat,0
site_l7o5bnkp2o,191,2024-07-10,3,7,9.927,1.546,76.902,7.601,0.000,0.655,0.068,0.390,211.281,66.877,30.534,18.610,flat,0
site_i72zb352li,189,2024-07-08,1,7,6.743,0.050,85.539,13.547,0.000,0.596,0.449,0.340,208.423,80.337,20.123,17.979,flat,0
site_9ueuoqbp8k,105,2024-04-15,1,4,25.144,3.414,74.192,9.598,0.826,0.693,0.274,0.757,190.437,53.372,21.320,19.096,critical_peak,0
site_lh13qhdxr8,14,2024-01-15,1,1,12.834,2.313,54.216,5.064,0.000,0.554,0.212,0.703,175.955,67.048,27.187,20.336,time_of_use,0
site_i72zb352li,159,2024-06-08,6,6,8.931,0.050,72.987,12.329,0.000,0.696,0.335,0.418,195.013,79.531,16.822,30.125,critical_peak,0
site_jby3v59n6p,88,2024-03-29,5,3,24.687,3.348,58.753,7.932,0.000,0.621,0.060,0.503,173.436,60.046,14.265,19.530,critical_peak,0
site_wb8fh6amr3,185,2024-07-04,4,7,6.473,0.769,81.441,8.440,0.000,0.591,0.383,0.566,218.671,65.072,30.385,16.907,time_of_use,0
site_12sjsgd733,22,2024-01-23,2,1,12.029,3.390,74.347,14.525,0.000,0.602,0.088,0.594,188.173,60.596,16.848,29.031,time_of_use,0
site_pyswc8o9g8,230,2024-08-18,0,8,6.644,3.537,61.635,11.616,0.000,0.691,0.223,0.678,252.546,74.442,14.375,17.334,time_of_use,0
site_8a103kt75c,109,2024-04-19,5,4,22.783,3.336,63.422,12.536,0.000,0.694,0.425,0.631,205.855,66.744,31.220,22.690,flat,0
site_mmvs0z732r,16,2024-01-17,3,1,8.521,2.638,84.559,13.842,0.000,0.652,0.015,0.756,188.424,,7.197,22.797,critical_peak,0
site_hv02xi47qd,160,2024-06-09,0,6,12.511,1.357,70.588,4.124,0.000,0.814,0.349,0.683,216.732,75.621,30.302,34.694,critical_peak,0
site_hv02xi47qd,83,2024-03-24,0,3,24.175,3.824,67.963,16.339,0.814,0.577,0.379,0.966,192.664,57.911,21.696,26.316,flat,0
site_653fbtaxzy,4,2024-01-05,5,1,9.190,1.459,65.821,13.083,0.000,0.798,0.232,0.702,225.436,70.055,21.807,20.062,time_of_use,0
site_12sjsgd733,235,2024-08-23,5,8,9.689,1.102,57.862,13.290,0.000,0.608,0.214,0.379,191.189,68.972,,15.443,flat,0
site_cyoy81mba2,145,2024-05-25,6,5,10.949,1.764,50.572,5.661,,0.545,0.428,0.622,178.881,49.032,23.267,10.845,flat,0
site_xms2f2z823,24,2024-01-25,4,1,15.425,4.252,67.977,8.895,0.000,0.684,0.365,0.838,196.460,57.501,34.373,16.965,critical_peak,0
site_l7o5bnkp2o,115,2024-04-25,4,4,19.346,2.565,73.516,8.306,5.905,0.750,0.357,0.499,215.632,61.594,21.816,23.334,critical_peak,0
site_12sjsgd733,10,2024-01-11,4,1,12.719,2.448,75.569,11.078,0.000,0.476,0.015,0.422,190.329,60.967,17.235,17.145,flat,0
site_mmvs0z732r,75,2024-03-16,6,3,20.417,3.840,52.779,13.337,0.000,0.594,0.070,0.642,149.703,77.459,14.305,14.709,time_of_use,0
site_8a103kt75c,45,2024-02-15,4,2,24.102,4.313,43.717,9.791,0.000,0.560,0.353,0.540,213.719,84.442,32.899,8.198,flat,0
site_8ttmv07z34,145,2024-05-25,6,5,14.059,2.469,64.988,18.011,4.630,0.807,0.310,0.622,200.249,55.967,22.595,31.828,flat,0
site_12sjsgd733,15,2024-01-16,2,1,9.803,3.906,75.297,14.508,0.730,0.531,0.065,0.444,184.761,72.868,17.550,22.459,critical_peak,0
site_12sjsgd733,147,2024-05-27,1,5,12.145,0.320,67.281,9.175,0.000,0.761,0.015,0.424,177.411,64.223,8.121,25.234,time_of_use,0
site_unn79reovm,200,2024-07-19,5,7,3.931,0.829,68.841,8.711,0.000,0.704,0.091,0.279,203.835,72.524,17.483,16.049,flat,0
site_oqtmdxfv99,156,2024-06-05,3,6,12.345,,62.493,6.721,0.813,0.520,0.044,0.416,187.173,76.722,14.494,18.083,time_of_use,0
site_8ttmv07z34,10,2024-01-11,4,1,7.966,2.585,72.093,6.882,0.000,0.609,0.122,0.229,197.063,44.382,11.763,24.001,flat,0
site_8a103kt75c,157,2024-06-06,4,6,11.411,2.318,76.069,13.017,0.000,0.750,0.187,0.706,214.375,70.861,15.514,16.976,time_of_use,0
site_hv02xi47qd,27,2024-01-28,0,1,15.590,2.583,56.592,10.390,0.000,0.658,0.277,0.614,199.640,54.962,15.404,19.852,flat,0
site_unn79reovm,149,2024-05-29,3,5,11.261,1.911,65.823,7.343,0.000,0.694,0.038,0.297,186.492,,8.828,11.795,time_of_use,0
site_wb8fh6amr3,41,2024-02-11,0,2,22.318,5.324,65.810,4.256,0.000,0.651,0.420,0.884,172.409,76.407,36.819,20.840,time_of_use,0
site_8ttmv07z34,160,2024-06-09,0,6,14.192,1.258,64.144,4.363,0.000,0.744,0.304,0.545,187.085,64.913,19.038,22.270,critical_peak,1
site_unn79reovm,189,2024-07-08,1,7,8.084,0.313,68.729,8.415,0.000,0.557,0.086,0.369,168.345,65.952,13.245,18.465,flat,0
site_jby3v59n6p,106,2024-04-16,2,4,20.842,3.032,65.328,15.333,0.000,0.706,0.015,0.463,222.289,53.873,18.220,19.904,critical_peak,0
site_esvkso5p9a,26,2024-01-27,6,1,13.169,4.069,60.862,14.737,0.000,0.645,0.200,0.770,196.477,69.540,17.646,28.341,critical_peak,0
site_653fbtaxzy,20,2024-01-21,0,1,11.191,2.533,72.851,12.015,0.000,0.663,0.468,0.508,186.610,78.809,26.197,29.519,flat,0
site_azlkiez3zd,237,2024-08-25,0,8,10.112,2.439,66.808,6.095,0.000,0.610,0.369,0.635,190.336,48.002,22.652,19.681,time_of_use,0
site_hv02xi47qd,148,2024-05-28,2,5,14.786,2.644,56.230,11.224,1.937,0.708,0.145,0.697,164.461,70.127,20.453,21.265,time_of_use,0
site_8ttmv07z34,36,2024-02-06,2,2,12.492,2.779,66.108,17.840,0.000,0.547,0.223,0.509,204.377,50.121,22.620,18.693,flat,0
site_owpbo6i70y,191,2024-07-10,3,7,1.159,0.050,83.558,9.602,0.000,0.682,0.068,0.442,177.978,61.373,14.523,,flat,0
site_owpbo6i70y,143,2024-05-23,4,5,,3.024,70.333,10.772,0.000,0.501,0.187,0.880,154.891,62.647,3.508,20.937,critical_peak,0
site_mmvs0z732r,0,2024-01-01,1,1,7.637,2.097,74.781,7.762,,0.648,0.015,0.691,192.033,70.106,9.731,16.048,flat,0
site_pyswc8o9g8,23,2024-01-24,3,1,15.430,,56.609,6.566,0.000,0.651,0.099,0.750,203.392,63.447,15.802,13.852,time_of_use,0
site_wkoe2l3dl1,27,2024-01-28,0,1,13.870,3.267,80.274,7.246,0.000,0.644,0.246,0.846,182.638,65.908,14.147,22.236,flat,0
site_8ttmv07z34,40,2024-02-10,6,2,21.415,3.101,62.984,14.734,0.000,0.628,0.136,0.731,176.911,56.503,19.710,15.893,time_of_use,0
site_l7o5bnkp2o,83,2024-03-24,0,3,23.915,3.988,36.090,4.941,0.000,0.800,0.329,0.698,222.177,56.449,13.757,17.331,flat,0
site_lh13qhdxr8,232,2024-08-20,2,8,11.528,1.318,74.305,10.786,0.000,0.681,0.101,0.657,167.285,66.367,21.691,20.386,critical_peak,0
site_owpbo6i70y,100,2024-04-10,3,4,24.998,3.098,53.832,12.813,0.000,0.610,0.015,0.669,197.091,,18.455,29.635,flat,0
site_cyoy81mba2,229,2024-08-17,6,8,6.485,2.675,59.088,12.769,0.000,0.600,0.182,0.798,198.950,53.224,12.943,26.649,time_of_use,0
site_cyoy81mba2,214,2024-08-02,5,8,5.665,2.720,67.170,10.873,0.000,0.589,0.087,0.613,186.112,64.963,17.791,30.138,critical_peak,0
site_xms2f2z823,177,2024-06-26,3,6,8.483,1.186,78.385,11.107,1.161,0.605,0.281,0.539,216.536,51.590,24.614,20.043,critical_peak,0
site_8a103kt75c,206,2024-07-25,4,7,6.417,1.383,94.476,15.547,0.000,0.746,0.341,0.413,192.246,75.105,24.477,19.582,critical_peak,1
site_12sjsgd733,192,2024-07-11,4,7,7.919,1.547,79.545,6.490,0.000,0.382,0.032,0.364,203.323,62.068,15.550,23.239,time_of_use,0
site_jby3v59n6p,169,2024-06-18,2,6,10.882,1.899,84.206,6.307,0.000,0.622,0.231,0.595,235.678,69.345,15.839,23.885,critical_peak,0
site_9ueuoqbp8k,144,2024-05-24,5,5,14.368,1.380,63.751,10.839,0.000,0.567,0.173,,212.920,60.126,19.880,19.391,flat,0
site_esvkso5p9a,25,2024-01-26,5,1,16.383,1.708,75.843,15.786,0.000,0.647,0.074,0.643,192.884,77.809,10.922,18.209,critical_peak,0
site_12sjsgd733,213,2024-08-01,4,8,6.699,0.706,72.407,16.090,0.000,0.546,0.015,0.412,195.069,51.581,6.317,11.326,critical_peak,0
site_653fbtaxzy,237,2024-08-25,0,8,11.375,1.804,72.782,5.280,2.190,0.649,0.227,0.302,225.799,89.618,18.962,28.075,time_of_use,0
site_8ttmv07z34,131,2024-05-11,6,5,14.247,1.819,61.843,14.070,0.000,0.712,0.301,0.097,186.670,73.629,22.476,15.570,time_of_use,0
site_9ueuoqbp8k,109,2024-04-19,5,4,21.555,2.603,61.361,12.149,0.000,0.652,0.156,0.537,195.008,60.452,19.031,28.920,flat,0
site_jby3v59n6p,158,2024-06-07,5,6,12.977,1.999,74.803,,0.000,0.540,0.146,0.309,198.427,57.447,15.184,28.544,time_of_use,0
site_jby3v59n6p,102,2024-04-12,5,4,26.996,2.897,70.621,13.469,0.000,0.736,0.119,0.631,219.186,67.999,19.614,24.760,time_of_use,0
site_lh13qhdxr8,107,2024-04-17,3,4,23.383,3.799,66.863,10.317,0.000,0.680,0.309,0.764,178.644,68.045,20.929,24.693,critical_peak,0
site_12sjsgd733,187,2024-07-06,6,7,4.853,1.026,81.031,17.141,0.000,0.701,0.015,0.447,216.763,77.096,13.566,12.486,critical_peak,0
site_wkoe2l3dl1,198,2024-07-17,3,7,6.361,1.286,65.228,8.757,0.000,0.558,0.294,0.772,212.297,63.083,22.277,22.461,flat,0
site_lh13qhdxr8,212,2024-07-31,3,7,6.092,1.473,78.276,9.647,0.000,0.558,0.069,0.803,200.948,73.376,21.318,18.833,time_of_use,0
site_8ttmv07z34,217,2024-08-05,1,8,7.358,0.797,76.226,16.311,0.000,0.605,0.229,0.575,210.141,68.265,19.437,29.017,flat,0
site_owpbo6i70y,137,2024-05-17,5,5,15.654,2.974,58.510,13.350,0.000,0.551,0.112,0.646,169.762,48.221,16.887,17.857,flat,0
site_9ueuoqbp8k,232,2024-08-20,2,8,9.173,2.702,67.668,9.394,0.000,0.556,0.283,0.586,185.958,52.019,18.173,26.068,critical_peak,0
site_lpvyddf2dp,205,2024-07-24,3,7,4.480,1.402,71.756,4.056,0.000,0.730,0.262,0.623,232.039,56.406,21.639,21.167,critical_peak,0
site_i72zb352li,10,2024-01-11,4,1,15.443,2.683,84.014,10.365,0.000,0.707,0.366,0.532,176.391,66.386,18.715,22.167,flat,0
site_cyoy81mba2,144,2024-05-24,5,5,12.059,2.467,68.940,10.541,0.000,0.575,0.015,0.758,155.969,65.179,14.760,28.273,flat,0
site_8ttmv07z34,229,2024-08-17,6,8,13.071,2.133,73.194,11.653,0.000,0.506,0.267,0.694,186.187,62.878,19.716,15.324,time_of_use,0
site_pyswc8o9g8,70,2024-03-11,1,3,19.858,4.643,57.133,4.191,0.000,0.767,0.203,0.547,215.572,63.220,13.264,16.269,critical_peak,0
site_pyswc8o9g8,79,2024-03-20,3,3,25.274,5.728,53.148,15.086,0.000,0.581,0.090,0.830,216.124,43.572,13.791,21.999,critical_peak,0
site_wkoe2l3dl1,222,2024-08-10,6,8,6.451,1.312,83.173,10.146,0.000,0.477,0.452,0.407,235.694,68.767,24.014,24.901,critical_peak,0
site_i72zb352li,50,2024-02-20,2,2,20.297,3.758,67.004,13.265,0.000,0.599,0.357,0.583,178.809,62.264,17.396,16.162,time_of_use,0
site_jby3v59n6p,32,2024-02-02,5,2,16.464,3.154,67.831,19.422,3.889,0.601,0.015,0.499,192.492,70.897,13.495,24.303,time_of_use,0
site_wkoe2l3dl1,138,2024-05-18,6,5,16.301,3.442,55.062,5.177,0.000,0.577,0.262,,170.205,76.365,23.162,23.374,time_of_use,0
site_lh13qhdxr8,120,2024-04-30,2,4,20.540,3.899,57.615,13.300,1.379,0.568,0.015,,144.921,59.202,15.014,18.811,time_of_use,1
site_lpvyddf2dp,213,2024-08-01,4,8,1.997,1.858,70.173,8.033,0.000,0.731,0.168,0.627,255.350,85.557,23.947,22.636,critical_peak,0
site_jby3v59n6p,10,2024-01-11,4,1,8.896,2.372,64.960,12.627,0.000,0.625,0.126,,198.830,78.807,10.543,34.229,flat,0
site_q96oxsn6t7,112,2024-04-22,1,4,21.297,2.360,56.617,22.506,0.000,0.538,0.135,0.838,169.696,65.416,21.313,22.969,time_of_use,0
site_azlkiez3zd,11,2024-01-12,5,1,13.202,3.146,70.041,13.863,0.000,0.642,0.263,0.975,202.221,65.912,27.422,28.338,flat,0
site_l7o5bnkp2o,53,2024-02-23,5,2,18.218,4.133,54.362,11.137,0.000,0.589,0.265,0.491,158.925,58.218,24.305,12.169,critical_peak,0
site_ruqwbu08ys,194,2024-07-13,6,7,2.650,0.292,64.502,17.680,0.000,0.582,0.254,0.378,225.613,55.752,16.595,18.488,time_of_use,0
site_unn79reovm,188,2024-07-07,0,7,10.956,2.657,80.927,15.840,0.000,0.679,0.236,0.668,193.920,56.975,12.416,29.326,critical_peak,0
site_8ttmv07z34,188,2024-07-07,0,7,8.653,2.326,84.579,15.068,0.000,0.804,0.164,0.562,211.651,56.590,21.116,18.264,critical_peak,0
site_q96oxsn6t7,161,2024-06-10,1,6,8.645,1.726,84.236,11.336,0.000,0.669,0.015,0.645,154.643,67.488,8.199,27.843,critical_peak,0
site_xms2f2z823,200,2024-07-19,5,7,8.242,0.875,78.145,16.645,0.000,0.724,0.256,0.399,175.333,46.952,27.685,14.874,flat,0
site_lh13qhdxr8,233,2024-08-21,3,8,10.187,2.501,84.545,13.904,0.000,0.811,0.269,0.700,154.099,75.343,25.146,24.988,critical_peak,0
site_lpvyddf2dp,235,2024-08-23,5,8,11.476,2.361,85.841,6.457,1.006,0.553,0.320,0.718,227.256,64.206,18.636,16.151,flat,0
site_azlkiez3zd,197,2024-07-16,2,7,5.978,1.778,86.421,5.150,0.000,0.725,0.299,0.708,230.180,78.072,17.405,24.689,critical_peak,0
site_i72zb352li,110,2024-04-20,6,4,23.619,2.261,58.178,8.251,0.000,0.695,0.245,0.496,208.983,51.047,21.964,25.069,flat,0
site_ruqwbu08ys,228,2024-08-16,5,8,4.546,2.335,79.080,9.602,0.000,0.710,0.212,0.504,210.003,71.352,23.267,24.030,time_of_use,0
site_owpbo6i70y,30,2024-01-31,3,1,15.850,3.247,62.422,7.672,0.000,0.544,0.063,0.657,163.483,54.227,14.271,18.023,time_of_use,0
site_oqtmdxfv99,88,2024-03-29,5,3,23.765,3.959,53.271,0.200,0.000,0.624,0.128,0.659,179.742,58.119,16.040,31.937,critical_peak,0
site_q96oxsn6t7,135,2024-05-15,3,5,16.440,1.734,69.945,0.200,0.000,0.774,0.158,0.805,173.613,68.710,15.492,19.258,flat,0
site_owpbo6i70y,75,2024-03-16,6,3,23.798,2.725,55.792,6.509,0.000,0.686,0.186,0.461,158.333,59.142,10.162,18.692,time_of_use,0
site_653fbtaxzy,52,2024-02-22,4,2,,3.358,50.222,5.945,0.000,0.653,0.327,0.516,186.028,76.491,17.045,10.535,critical_peak,0
site_pyswc8o9g8,217,2024-08-05,1,8,5.741,2.484,85.930,12.681,0.000,0.691,0.075,0.604,232.779,60.661,22.085,18.962,flat,0
site_xms2f2z823,189,2024-07-08,1,7,9.728,1.189,75.364,11.030,0.000,0.763,0.315,0.596,190.609,74.591,31.263,18.583,flat,0
site_lh13qhdxr8,140,2024-05-20,1,5,16.711,2.947,58.609,9.856,0.000,0.663,0.235,0.980,158.830,82.071,25.845,20.433,time_of_use,0
site_q96oxsn6t7,66,2024-03-07,4,3,27.354,4.727,71.279,18.923,0.000,0.740,0.015,0.938,199.266,63.926,12.198,25.754,time_of_use,1
site_9ueuoqbp8k,131,2024-05-11,6,5,16.723,3.356,54.248,8.948,0.000,0.698,0.322,0.609,191.622,54.546,24.868,28.588,time_of_use,0
site_jby3v59n6p,191,2024-07-10,3,7,4.913,0.879,71.140,16.677,0.000,0.570,0.230,0.456,210.183,68.411,12.973,27.075,flat,0
site_i72zb352li,108,2024-04-18,4,4,21.665,4.658,61.953,10.984,0.000,0.792,0.228,0.625,180.784,61.910,14.945,26.734,flat,0
site_jby3v59n6p,147,2024-05-27,1,5,19.311,0.458,65.419,14.094,0.000,0.608,0.111,0.522,188.126,66.011,15.031,22.587,time_of_use,0
site_l7o5bnkp2o,1,2024-01-02,2,1,9.359,2.859,70.328,7.433,0.000,0.717,0.286,0.605,185.234,64.699,18.896,20.938,flat,0
site_pyswc8o9g8,214,2024-08-02,5,8,4.129,1.498,83.887,17.093,,0.614,0.153,0.463,224.276,58.739,13.927,19.608,critical_peak,0
site_unn79reovm,106,2024-04-16,2,4,21.499,3.260,70.073,4.828,0.000,0.708,0.178,0.584,220.589,82.329,16.889,28.742,critical_peak,0
site_azlkiez3zd,189,2024-07-08,1,7,7.418,2.424,72.650,10.491,0.424,0.726,0.218,0.836,172.983,68.513,23.135,32.505,flat,0
site_wkoe2l3dl1,123,2024-05-03,5,5,19.491,2.589,65.365,8.052,0.109,0.548,0.225,0.690,188.467,50.292,18.996,32.354,critical_peak,0
site_9ueuoqbp8k,207,2024-07-26,5,7,5.237,1.518,64.527,12.513,0.000,0.685,0.259,0.430,232.362,63.884,17.545,40.215,flat,0
site_653fbtaxzy,197,2024-07-16,2,7,5.569,1.012,88.226,14.091,0.000,0.664,0.229,0.391,253.381,88.519,9.091,13.473,critical_peak,0
site_wkoe2l3dl1,33,2024-02-03,6,2,20.950,4.129,66.728,4.200,0.000,0.633,0.389,0.696,201.138,59.404,18.842,25.700,critical_peak,0
site_oqtmdxfv99,130,2024-05-10,5,5,18.018,3.557,62.251,5.556,0.000,0.729,0.060,0.762,198.078,75.159,14.550,24.895,time_of_use,0
site_wb8fh6amr3,96,2024-04-06,6,4,27.930,3.390,59.544,7.076,0.000,0.714,0.346,0.798,,62.705,29.021,19.002,critical_peak,0
site_esvkso5p9a,122,2024-05-02,4,5,21.177,1.508,88.662,7.257,0.000,0.695,0.226,0.897,179.539,90.909,24.439,20.851,time_of_use,0
site_12sjsgd733,225,2024-08-13,2,8,8.673,2.908,73.640,10.156,0.000,0.688,0.031,0.601,201.314,53.839,8.440,19.718,flat,0
site_q96oxsn6t7,228,2024-08-16,5,8,6.585,2.880,63.478,11.935,0.000,0.623,0.015,0.720,152.611,75.547,7.676,17.955,time_of_use,0
site_owpbo6i70y,33,2024-02-03,6,2,14.794,3.272,53.967,8.229,0.000,0.830,0.065,0.719,159.461,57.747,5.761,24.904,critical_peak,0
site_cyoy81mba2,12,2024-01-13,6,1,6.667,3.526,58.832,10.234,0.000,0.696,0.346,0.775,186.446,67.812,26.339,18.428,time_of_use,0
site_8a103kt75c,124,2024-05-04,6,5,17.521,3.363,63.216,14.146,0.000,0.802,0.303,0.689,223.900,78.835,23.506,24.864,critical_peak,0
site_esvkso5p9a,139,2024-05-19,0,5,14.496,1.958,65.693,11.378,0.000,0.670,0.150,0.759,181.016,77.480,23.376,22.268,time_of_use,0
site_9ueuoqbp8k,88,2024-03-29,5,3,26.041,3.719,53.233,9.919,0.000,0.731,0.055,0.684,195.696,55.604,13.874,37.554,critical_peak,0
site_ruqwbu08ys,36,2024-02-06,2,2,12.074,3.456,58.068,13.844,0.000,0.579,0.215,0.816,188.489,63.061,17.011,19.015,flat,0
site_lh13qhdxr8,201,2024-07-20,6,7,6.052,0.629,60.990,2.705,0.000,0.725,0.381,0.740,175.928,63.776,28.616,15.317,time_of_use,0
site_ruqwbu08ys,93,2024-04-03,3,4,24.981,3.180,75.290,12.231,0.000,0.700,0.234,0.809,193.566,52.914,16.093,22.444,time_of_use,0
site_q96oxsn6t7,175,2024-06-24,1,6,,0.980,76.403,11.493,0.000,0.693,0.136,0.747,158.852,71.372,18.177,28.936,time_of_use,0
site_mmvs0z732r,219,2024-08-07,3,8,5.646,0.964,71.465,7.820,0.000,0.682,0.184,0.638,207.470,57.755,21.390,13.507,time_of_use,0
site_owpbo6i70y,11,2024-01-12,5,1,11.151,2.298,81.268,9.681,4.654,0.778,0.055,0.757,169.936,74.585,14.826,17.171,flat,0
site_8ttmv07z34,162,2024-06-11,2,6,8.754,1.711,56.815,11.565,0.000,0.627,0.180,0.600,,78.008,17.654,20.611,flat,0
site_ruqwbu08ys,150,2024-05-30,4,5,16.472,0.834,61.287,15.895,0.000,0.582,0.162,0.386,183.684,53.089,23.722,21.023,critical_peak,0
site_unn79reovm,123,2024-05-03,5,5,19.992,3.285,65.935,7.297,0.000,0.670,0.205,0.413,207.882,78.059,22.054,24.698,critical_peak,0
site_mmvs0z732r,20,2024-01-21,0,1,17.458,2.746,63.809,11.774,0.000,0.640,0.055,0.880,,62.641,12.003,15.778,flat,0
site_q96oxsn6t7,118,2024-04-28,0,4,18.985,3.252,72.801,9.918,0.000,0.436,0.215,0.801,180.291,46.766,15.486,18.662,flat,0
site_azlkiez3zd,73,2024-03-14,4,3,23.391,4.435,70.848,8.976,0.000,0.408,0.077,0.610,168.675,60.593,20.686,13.105,flat,0
site_oqtmdxfv99,41,2024-02-11,0,2,16.423,4.205,55.011,8.436,0.000,0.610,0.172,0.755,217.158,61.372,17.614,17.049,time_of_use,0
site_oqtmdxfv99,131,2024-05-11,6,5,21.181,3.087,72.577,8.846,0.000,0.726,0.181,0.758,162.582,77.807,20.959,13.055,time_of_use,0
site_esvkso5p9a,44,2024-02-14,3,2,17.774,4.287,67.977,14.830,0.000,0.585,0.177,0.717,168.530,66.222,15.107,3.968,critical_peak,0
site_8a103kt75c,106,2024-04-16,2,4,21.618,3.431,60.399,16.246,0.000,0.718,0.471,0.638,224.205,62.707,27.335,19.880,critical_peak,0
site_lh13qhdxr8,116,2024-04-26,5,4,24.247,2.443,59.671,10.915,0.000,0.693,0.126,0.510,175.705,77.038,25.428,18.032,critical_peak,0
site_12sjsgd733,102,2024-04-12,5,4,24.449,4.078,59.480,12.145,5.091,0.644,0.115,0.204,190.905,78.432,11.543,20.366,time_of_use,0
site_l7o5bnkp2o,69,2024-03-10,0,3,21.425,4.533,49.589,8.270,0.000,0.777,0.268,0.686,191.693,63.070,21.003,15.787,critical_peak,0
site_pyswc8o9g8,67,2024-03-08,5,3,18.463,4.516,56.417,14.305,0.000,0.755,0.200,0.658,214.352,54.387,12.261,16.182,time_of_use,0
site_q96oxsn6t7,77,2024-03-18,1,3,23.693,4.866,55.011,10.095,0.000,0.590,0.015,0.923,159.147,83.144,9.471,24.036,time_of_use,1
site_mmvs0z732r,60,2024-03-01,5,3,23.901,3.908,51.998,15.890,0.000,0.668,0.021,0.731,197.774,69.131,15.951,,critical_peak,0
site_azlkiez3zd,193,2024-07-12,5,7,8.156,0.442,81.186,9.139,0.000,0.643,0.098,0.482,159.165,68.202,14.254,16.516,time_of_use,0
site_8a103kt75c,112,2024-04-22,1,4,21.753,3.355,68.261,13.352,0.000,0.722,0.220,0.580,235.471,73.931,23.835,19.355,time_of_use,0
site_owpbo6i70y,126,2024-05-06,1,5,16.250,2.338,60.683,11.609,0.000,0.630,0.072,0.503,155.775,52.334,4.101,24.001,flat,0
site_owpbo6i70y,2,2024-01-03,3,1,8.904,1.207,64.656,14.768,0.000,0.668,0.113,0.571,142.521,82.164,6.953,23.860,flat,0
site_azlkiez3zd,87,2024-03-28,4,3,21.664,3.627,55.317,17.045,0.000,0.710,0.105,0.851,188.545,83.134,12.719,27.984,critical_peak,0
site_q96oxsn6t7,32,2024-02-02,5,2,14.417,3.799,63.851,19.254,0.000,0.572,0.245,0.903,185.833,55.741,15.121,22.260,time_of_use,0
site_8a103kt75c,202,2024-07-21,0,7,12.073,1.297,77.074,10.260,0.000,0.582,0.252,0.559,234.088,65.291,23.093,21.424,time_of_use,0
site_q96oxsn6t7,143,2024-05-23,4,5,14.046,2.846,66.220,10.280,0.526,0.620,0.092,0.858,189.494,67.163,21.651,26.666,critical_peak,0
site_owpbo6i70y,222,2024-08-10,6,8,8.479,1.837,83.280,8.914,0.000,0.722,0.099,0.559,197.788,64.122,14.641,22.099,critical_peak,0
site_8ttmv07z34,89,2024-03-30,6,3,19.996,4.626,65.725,7.160,0.000,0.511,0.119,0.589,189.345,67.471,16.347,23.243,critical_peak,1
site_l7o5bnkp2o,30,2024-01-31,3,1,11.902,2.417,50.755,15.163,0.000,0.588,0.340,0.828,218.055,46.903,31.040,9.491,time_of_use,0
site_cyoy81mba2,143,2024-05-23,4,5,17.151,3.412,76.481,3.848,0.000,0.696,0.112,0.846,166.030,67.430,16.767,29.958,critical_peak,0
site_lh13qhdxr8,236,2024-08-24,6,8,11.212,2.169,84.292,6.632,0.000,0.591,0.193,0.687,157.362,77.648,23.530,23.484,flat,0
site_ruqwbu08ys,207,2024-07-26,5,7,2.937,2.560,65.038,17.210,0.000,0.521,0.318,0.570,183.363,44.347,11.601,14.565,flat,0
site_pyswc8o9g8,97,2024-04-07,0,4,23.807,3.040,63.679,4.250,0.000,0.643,0.182,0.527,230.647,50.980,17.864,21.973,critical_peak,0
site_lpvyddf2dp,201,2024-07-20,6,7,6.564,0.885,70.713,18.298,0.000,0.693,0.163,0.782,186.315,76.357,22.351,19.666,time_of_use,1
site_wkoe2l3dl1,100,2024-04-10,3,4,23.830,4.025,70.771,10.847,0.000,0.600,0.130,0.823,223.220,64.455,10.425,20.076,flat,0
site_9ueuoqbp8k,112,2024-04-22,1,4,22.325,5.430,77.197,7.711,0.620,0.657,0.320,0.692,202.700,56.352,21.394,28.964,time_of_use,0
site_azlkiez3zd,86,2024-03-27,3,3,23.625,5.106,60.869,10.046,0.000,0.769,0.149,0.940,203.661,76.756,22.534,30.512,time_of_use,0
site_owpbo6i70y,212,2024-07-31,3,7,6.486,2.926,69.182,0.729,,0.642,0.119,0.857,146.375,64.155,14.035,21.910,time_of_use,0
site_cyoy81mba2,138,2024-05-18,6,5,14.547,2.099,63.693,13.447,0.000,0.634,0.157,0.737,183.038,63.866,20.236,15.981,time_of_use,0
site_esvkso5p9a,161,2024-06-10,1,6,10.802,2.035,68.665,0.200,0.000,0.662,0.126,0.716,188.524,79.397,10.588,23.013,critical_peak,0
site_xms2f2z823,50,2024-02-20,2,2,18.636,3.292,70.175,13.523,0.000,0.618,0.264,0.665,188.511,61.299,23.123,23.448,time_of_use,0
site_l7o5bnkp2o,151,2024-05-31,5,5,12.320,1.642,81.381,12.394,7.144,0.593,0.339,0.850,205.892,69.324,26.074,28.456,critical_peak,0
site_q96oxsn6t7,138,2024-05-18,6,5,14.003,1.279,80.379,9.572,0.000,0.703,0.329,0.727,156.852,59.898,13.420,29.433,time_of_use,0
site_12sjsgd733,21,2024-01-22,1,1,11.091,3.311,79.708,17.962,0.000,0.698,0.160,0.530,199.059,79.756,14.572,16.549,time_of_use,0
site_pyswc8o9g8,15,2024-01-16,2,1,,2.877,69.135,15.352,,0.601,0.167,0.577,202.069,52.760,18.719,35.340,critical_peak,0
site_l7o5bnkp2o,179,2024-06-28,5,6,10.357,2.443,71.536,11.620,0.000,0.645,0.198,0.564,180.145,68.911,22.260,25.495,critical_peak,0
site_azlkiez3zd,31,2024-02-01,4,2,18.903,3.764,72.877,9.917,0.000,0.527,0.238,0.612,222.765,78.295,23.646,22.716,time_of_use,0
site_9ueuoqbp8k,150,2024-05-30,4,5,15.240,2.054,84.113,5.861,0.000,0.517,0.428,0.465,204.784,56.503,21.976,38.496,critical_peak,0
site_8ttmv07z34,6,2024-01-07,0,1,7.010,2.934,64.705,18.650,0.000,0.769,0.232,0.356,226.862,63.799,24.991,20.505,critical_peak,0
site_12sjsgd733,174,2024-06-23,0,6,9.405,0.148,73.122,10.097,0.000,0.700,0.275,0.360,199.497,,14.680,24.125,time_of_use,0
site_pyswc8o9g8,0,2024-01-01,1,1,1.649,2.648,68.329,12.538,0.000,0.641,0.120,0.558,238.886,45.684,17.820,9.328,flat,0
site_cyoy81mba2,107,2024-04-17,3,4,21.943,2.955,72.324,10.605,0.915,0.635,0.015,0.616,184.086,61.451,10.150,25.773,critical_peak,0
site_mmvs0z732r,43,2024-02-13,2,2,19.760,4.212,64.492,16.270,0.000,0.511,0.238,0.734,177.380,84.508,12.760,9.865,critical_peak,0
site_xms2f2z823,83,2024-03-24,0,3,26.501,4.619,65.116,7.561,0.000,0.658,0.401,0.652,221.982,74.264,24.761,19.121,flat,0
site_hv02xi47qd,19,2024-01-20,6,1,11.798,3.641,74.300,12.104,0.000,0.753,0.372,0.887,190.992,78.102,32.113,17.607,flat,0
site_8a103kt75c,216,2024-08-04,0,8,4.318,2.961,86.710,13.853,0.000,0.769,0.367,0.758,213.838,69.084,17.646,21.551,flat,0
site_azlkiez3zd,111,2024-04-21,0,4,22.323,3.399,59.137,10.523,0.000,0.695,0.179,0.798,204.838,71.786,23.633,30.954,time_of_use,0
site_q96oxsn6t7,84,2024-03-25,1,3,20.003,5.295,66.191,8.628,0.000,0.665,0.015,0.801,157.376,73.696,13.579,32.829,time_of_use,0
site_l7o5bnkp2o,152,2024-06-01,6,6,12.495,1.466,75.394,9.430,0.000,0.654,0.242,0.686,185.740,62.803,14.661,20.126,critical_peak,0
site_lpvyddf2dp,143,2024-05-23,4,5,18.138,,64.016,7.828,0.000,0.736,0.290,0.839,207.869,91.443,25.525,13.211,critical_peak,0
site_653fbtaxzy,18,2024-01-19,5,1,13.628,3.531,55.182,18.909,0.000,0.563,0.334,0.527,205.403,64.357,16.589,,flat,0
site_q96oxsn6t7,171,2024-06-20,4,6,12.090,1.516,77.911,15.745,0.000,0.554,0.015,0.651,194.445,68.599,20.490,27.376,flat,0
site_azlkiez3zd,37,2024-02-07,3,2,,4.294,75.839,15.013,0.000,0.603,0.307,0.909,179.411,,19.791,,flat,0
site_9ueuoqbp8k,55,2024-02-25,0,2,22.474,4.221,53.899,4.841,0.000,0.671,0.187,0.704,201.361,54.513,14.490,21.416,flat,0
site_8ttmv07z34,65,2024-03-06,3,3,23.795,4.490,61.939,14.822,0.613,0.677,0.111,0.682,176.054,66.879,22.557,28.887,flat,0
site_unn79reovm,36,2024-02-06,2,2,20.766,3.455,56.107,14.484,0.000,0.622,0.141,0.443,196.440,66.328,20.666,19.117,flat,0
site_lh13qhdxr8,141,2024-05-21,2,5,14.692,2.612,65.597,3.218,0.668,0.633,0.097,0.541,172.145,79.690,15.273,23.181,critical_peak,0
site_hv02xi47qd,33,2024-02-03,6,2,17.350,1.630,55.113,,0.000,0.777,0.244,0.823,189.685,72.639,29.245,20.263,critical_peak,0
site_12sjsgd733,216,2024-08-04,0,8,5.252,2.899,77.257,13.606,0.000,0.733,0.153,0.538,195.735,69.662,12.570,18.028,flat,0
site_wb8fh6amr3,131,2024-05-11,6,5,16.545,1.679,67.418,5.571,0.000,0.763,0.430,0.633,168.066,66.864,32.686,24.163,time_of_use,0
site_q96oxsn6t7,27,2024-01-28,0,1,18.164,,68.694,5.643,0.000,0.663,0.212,0.564,183.907,71.223,18.630,27.474,flat,0
site_9ueuoqbp8k,100,2024-04-10,3,4,24.562,3.309,69.191,6.489,0.000,0.637,0.265,0.628,210.319,64.774,23.824,25.564,flat,0
site_owpbo6i70y,41,2024-02-11,0,2,18.870,3.359,67.008,,0.000,0.725,0.125,0.710,165.024,84.104,6.618,22.664,time_of_use,0
site_esvkso5p9a,112,2024-04-22,1,4,,1.991,63.014,19.413,0.000,0.634,0.175,0.723,191.083,70.768,20.869,23.428,time_of_use,1
site_wb8fh6amr3,2,2024-01-03,3,1,12.840,3.779,66.594,8.731,0.000,0.733,0.237,0.709,176.616,66.211,27.625,17.026,flat,0
site_l7o5bnkp2o,209,2024-07-28,0,7,8.330,0.050,71.356,13.028,0.000,0.576,0.331,0.562,195.314,48.606,22.548,24.009,flat,0
site_lpvyddf2dp,116,2024-04-26,5,4,24.653,2.784,45.203,15.832,0.000,0.620,0.311,0.719,177.092,65.535,30.599,28.043,critical_peak,0
site_jby3v59n6p,127,2024-05-07,2,5,24.978,2.915,64.362,8.474,0.000,0.511,0.090,0.702,192.547,58.766,14.386,23.542,flat,0
site_jby3v59n6p,27,2024-01-28,0,1,18.851,3.453,62.935,2.588,0.000,0.639,0.015,0.659,208.625,63.653,14.731,19.348,flat,0
site_mmvs0z732r,39,2024-02-09,5,2,16.312,3.599,62.476,13.327,0.000,0.521,0.152,0.485,195.899,72.027,21.689,17.025,time_of_use,0
site_hv02xi47qd,18,2024-01-19,5,1,12.643,3.329,71.413,16.913,0.000,0.700,0.130,,170.304,84.916,19.445,28.838,flat,0
site_l7o5bnkp2o,135,2024-05-15,3,5,18.276,1.959,69.137,10.449,0.000,0.568,0.161,0.459,214.117,56.643,26.456,23.343,flat,0
site_653fbtaxzy,190,2024-07-09,2,7,4.706,0.627,57.576,7.812,0.100,,0.300,0.442,236.162,75.626,20.295,7.487,flat,0
site_xms2f2z823,146,2024-05-26,0,5,14.706,2.744,72.375,11.008,0.000,0.582,0.434,0.604,199.438,61.180,34.609,16.465,flat,0
site_i72zb352li,19,2024-01-20,6,1,14.320,2.436,71.449,11.106,0.000,0.721,0.247,,172.549,90.231,15.063,29.201,flat,0
site_xms2f2z823,149,2024-05-29,3,5,14.254,3.859,77.212,16.399,0.000,0.572,0.417,0.582,189.019,71.088,32.717,22.269,time_of_use,0
site_xms2f2z823,192,2024-07-11,4,7,9.246,1.361,69.276,13.058,0.000,0.752,0.473,0.421,203.821,71.187,31.091,29.483,time_of_use,1
site_pyswc8o9g8,11,2024-01-12,5,1,7.193,2.728,75.284,10.534,0.000,0.582,0.035,0.649,210.176,47.187,8.382,26.451,flat,0
site_8a103kt75c,53,2024-02-23,5,2,17.980,4.533,54.639,7.531,0.000,0.635,0.288,0.647,187.540,85.262,13.065,23.133,critical_peak,0
site_lpvyddf2dp,29,2024-01-30,2,1,15.187,3.042,70.182,11.720,0.000,0.594,0.089,0.618,178.203,80.566,15.068,15.142,flat,0
site_8ttmv07z34,54,2024-02-24,6,2,21.088,4.249,82.999,9.969,0.000,0.540,0.193,0.448,193.533,55.883,15.660,25.561,flat,0
site_wb8fh6amr3,179,2024-06-28,5,6,11.264,3.561,61.461,11.181,0.000,0.679,0.289,,192.169,73.228,21.606,23.725,critical_peak,0
site_8ttmv07z34,18,2024-01-19,5,1,12.753,4.539,59.338,12.474,0.000,0.506,0.122,0.799,178.371,60.295,19.567,23.551,flat,0
site_9ueuoqbp8k,106,2024-04-16,2,4,22.858,3.941,59.866,6.895,0.000,0.635,0.268,0.638,174.787,57.620,26.064,30.910,critical_peak,0
site_8a103kt75c,192,2024-07-11,4,7,5.852,2.980,81.927,13.495,0.000,0.829,0.325,0.834,233.219,89.787,24.122,26.486,time_of_use,0
site_mmvs0z732r,239,2024-08-27,2,8,9.443,2.246,74.970,11.673,0.000,0.638,0.049,0.710,170.840,66.771,15.967,15.440,time_of_use,0
site_unn79reovm,39,2024-02-09,5,2,13.159,4.231,79.737,9.296,0.000,0.609,0.015,0.542,213.116,69.224,13.718,35.479,time_of_use,0
site_jby3v59n6p,143,2024-05-23,4,5,16.860,1.911,67.212,4.306,0.229,0.584,0.232,0.510,210.160,64.589,18.191,,critical_peak,0
site_mmvs0z732r,81,2024-03-22,5,3,24.065,3.617,52.862,11.127,0.000,0.587,0.015,0.685,191.696,74.625,10.501,23.753,flat,0
site_unn79reovm,1,2024-01-02,2,1,10.620,2.378,67.957,11.364,0.000,0.755,0.093,0.136,198.812,77.517,13.474,,flat,0
site_cyoy81mba2,96,2024-04-06,6,4,21.554,4.939,68.790,4.821,0.000,0.739,0.293,0.909,195.292,64.778,27.412,15.892,critical_peak,0
site_cyoy81mba2,184,2024-07-03,3,7,7.014,1.937,69.533,11.205,0.115,0.774,0.180,0.429,181.296,62.337,21.608,24.620,time_of_use,0
site_8ttmv07z34,63,2024-03-04,1,3,25.457,4.986,74.737,18.532,0.000,0.720,0.048,0.754,199.886,49.304,16.376,25.156,flat,0
site_ruqwbu08ys,184,2024-07-03,3,7,7.869,2.395,70.031,8.413,0.000,0.529,0.271,0.641,212.777,53.136,26.327,25.579,time_of_use,0
site_azlkiez3zd,26,2024-01-27,6,1,14.453,3.154,77.626,15.378,0.000,0.806,0.311,0.757,196.510,76.787,21.599,21.140,critical_peak,0
site_l7o5bnkp2o,142,2024-05-22,3,5,18.156,2.212,78.007,8.934,0.000,0.447,0.423,0.559,197.267,39.834,25.668,24.777,critical_peak,0
site_cyoy81mba2,227,2024-08-15,4,8,7.407,1.639,80.482,15.628,0.149,0.671,0.045,0.602,197.520,59.851,,20.085,flat,0
site_lpvyddf2dp,72,2024-03-13,3,3,21.004,3.835,60.185,7.630,0.000,0.799,0.241,0.789,210.261,75.231,15.046,21.448,flat,0
site_ruqwbu08ys,97,2024-04-07,0,4,22.818,3.541,68.031,16.447,0.000,0.610,0.116,0.773,189.564,45.314,10.981,20.393,critical_peak,0
site_12sjsgd733,85,2024-03-26,2,3,25.514,3.483,56.778,11.020,0.000,0.577,0.118,0.625,191.472,68.760,18.412,16.767,time_of_use,0
site_pyswc8o9g8,107,2024-04-17,3,4,25.625,,58.438,15.165,0.000,0.622,0.052,0.872,213.549,46.013,17.315,17.162,critical_peak,0
site_wb8fh6amr3,95,2024-04-05,5,4,24.729,3.281,66.700,15.688,0.000,0.662,0.465,0.845,188.143,60.124,27.047,15.828,time_of_use,0
site_l7o5bnkp2o,205,2024-07-24,3,7,6.342,1.867,78.746,14.190,0.000,0.597,0.125,0.656,202.393,57.240,15.837,32.290,critical_peak,0
site_cyoy81mba2,171,2024-06-20,4,6,7.048,2.928,78.783,12.044,0.258,0.651,0.172,0.801,202.872,46.767,12.006,27.224,flat,0
site_lh13qhdxr8,12,2024-01-13,6,1,9.811,3.174,53.398,9.706,0.000,0.752,0.335,0.581,185.852,70.388,26.292,19.040,time_of_use,0
site_lpvyddf2dp,32,2024-02-02,5,2,21.809,3.921,60.862,20.645,0.305,0.752,0.240,0.863,191.347,88.103,23.858,23.284,time_of_use,0
site_i72zb352li,174,2024-06-23,0,6,9.897,1.385,68.560,14.856,0.000,0.768,0.261,0.398,199.042,68.419,10.553,12.652,time_of_use,0
site_unn79reovm,94,2024-04-04,4,4,22.608,3.611,66.777,4.962,0.000,0.747,0.052,0.558,181.430,88.616,18.903,21.619,time_of_use,0
site_8ttmv07z34,29,2024-01-30,2,1,14.129,3.856,75.456,10.977,0.000,0.435,0.185,0.760,187.389,76.475,5.193,17.802,flat,0
site_653fbtaxzy,224,2024-08-12,1,8,12.283,0.873,67.088,11.438,0.000,0.566,0.289,0.561,196.737,66.514,25.303,12.934,critical_peak,0
site_lh13qhdxr8,234,2024-08-22,4,8,9.164,3.493,67.075,12.688,0.000,0.512,0.307,0.899,166.691,64.289,27.260,20.190,flat,0
site_lpvyddf2dp,165,2024-06-14,5,6,9.135,1.936,60.163,5.057,0.000,0.802,0.182,0.705,,70.423,28.487,17.466,time_of_use,0
site_8a103kt75c,238,2024-08-26,1,8,5.649,2.273,60.472,11.734,0.000,0.705,0.313,0.377,171.573,82.956,19.087,22.330,time_of_use,0
site_esvkso5p9a,162,2024-06-11,2,6,12.062,2.517,57.972,11.710,0.000,0.635,0.196,0.791,171.262,74.489,20.395,21.244,flat,0
site_mmvs0z732r,194,2024-07-13,6,7,1.722,0.527,79.896,12.842,0.000,0.648,0.082,0.605,175.833,54.846,17.845,11.697,time_of_use,0
site_unn79reovm,88,2024-03-29,5,3,23.018,4.437,70.471,8.290,0.000,0.557,0.341,0.668,201.249,67.757,21.865,19.658,critical_peak,0
site_i72zb352li,205,2024-07-24,3,7,4.398,0.993,68.143,12.900,0.000,0.616,0.313,0.502,228.032,71.953,23.723,32.034,critical_peak,0
site_cyoy81mba2,137,2024-05-17,5,5,13.571,2.425,58.584,11.226,0.000,0.650,0.219,0.781,179.673,66.280,20.427,26.413,flat,0
site_ruqwbu08ys,91,2024-04-01,1,4,24.477,4.394,63.134,7.410,0.000,0.569,0.194,0.774,188.479,70.434,21.512,22.740,flat,0
site_q96oxsn6t7,36,2024-02-06,2,2,15.809,3.808,60.056,11.692,0.000,0.520,0.081,0.938,174.357,54.168,15.325,24.284,flat,0
site_oqtmdxfv99,206,2024-07-25,4,7,3.185,0.331,87.250,9.592,0.000,0.748,0.226,0.490,185.955,74.928,16.482,15.340,critical_peak,0
site_wb8fh6amr3,104,2024-04-14,0,4,25.075,3.451,49.028,10.400,0.000,0.756,0.367,0.717,198.191,58.330,26.009,22.432,time_of_use,0
site_8a103kt75c,163,2024-06-12,3,6,12.097,2.737,79.480,13.467,0.000,0.728,0.376,0.500,222.795,94.876,19.768,18.600,flat,0
site_pyswc8o9g8,62,2024-03-03,0,3,24.236,4.754,57.623,19.356,0.000,0.742,0.096,0.845,204.293,78.473,21.239,19.157,critical_peak,0
site_8ttmv07z34,153,2024-06-02,0,6,14.244,1.645,61.831,8.212,0.000,0.815,0.138,0.306,178.446,56.711,16.074,22.195,flat,0
site_wb8fh6amr3,224,2024-08-12,1,8,4.068,3.303,67.894,11.903,0.555,0.680,0.174,0.728,183.419,69.264,22.599,21.270,critical_peak,0
site_ruqwbu08ys,73,2024-03-14,4,3,24.204,2.933,69.540,11.885,0.000,0.622,0.322,0.625,213.863,63.082,17.157,27.948,flat,0
site_i72zb352li,47,2024-02-17,6,2,14.929,4.527,60.553,13.326,0.000,0.610,0.297,0.505,197.615,57.941,15.125,38.134,flat,0
site_cyoy81mba2,238,2024-08-26,1,8,9.645,2.575,70.255,9.436,,0.794,0.193,0.743,149.033,64.666,16.075,22.944,time_of_use,0
site_wb8fh6amr3,119,2024-04-29,1,4,17.086,2.018,67.009,10.786,0.000,0.521,0.370,0.457,158.068,53.943,21.266,21.789,flat,0
site_i72zb352li,76,2024-03-17,0,3,22.718,3.690,60.848,4.957,2.476,0.778,,0.713,167.137,65.429,15.463,25.894,time_of_use,0
site_jby3v59n6p,122,2024-05-02,4,5,20.836,1.053,63.912,10.249,0.000,0.646,0.169,0.371,185.277,64.833,12.423,27.195,time_of_use,0
site_xms2f2z823,16,2024-01-17,3,1,13.373,3.018,71.775,12.676,0.000,0.552,0.110,0.873,164.158,72.209,13.018,15.863,critical_peak,0
site_l7o5bnkp2o,159,2024-06-08,6,6,8.132,2.284,63.314,3.821,0.000,0.698,0.429,0.758,217.588,56.967,21.212,12.590,critical_peak,1
site_wkoe2l3dl1,141,2024-05-21,2,5,15.104,2.504,66.294,14.710,0.000,0.658,0.250,0.771,193.387,59.729,18.811,22.589,critical_peak,0
site_653fbtaxzy,19,2024-01-20,6,1,9.840,3.400,65.344,6.618,0.000,0.780,0.278,0.503,209.139,85.665,17.848,25.226,flat,0
site_wkoe2l3dl1,169,2024-06-18,2,6,12.562,2.341,65.411,13.686,0.000,0.672,0.335,0.980,164.146,70.257,15.325,26.088,critical_peak,0
site_lh13qhdxr8,144,2024-05-24,5,5,13.051,2.549,72.070,6.360,0.205,0.661,0.200,0.664,166.519,74.642,18.774,17.868,flat,0
site_wkoe2l3dl1,21,2024-01-22,1,1,11.674,3.896,70.310,7.340,0.000,0.670,0.272,0.709,177.273,81.464,28.687,31.562,time_of_use,0
site_ruqwbu08ys,2,2024-01-03,3,1,7.660,1.561,60.822,6.374,0.000,0.587,0.308,0.808,190.330,67.009,26.554,6.018,flat,0
site_wkoe2l3dl1,101,2024-04-11,4,4,26.008,3.694,54.876,7.416,0.000,0.574,0.353,0.753,195.392,50.161,18.962,21.173,flat,0
site_9ueuoqbp8k,40,2024-02-10,6,2,16.549,3.930,60.208,5.011,0.000,0.656,0.281,0.555,186.823,71.258,23.719,14.693,time_of_use,0
site_9ueuoqbp8k,19,2024-01-20,6,1,10.358,,64.229,15.634,0.000,0.469,0.399,0.786,214.888,42.772,23.535,29.285,flat,0
site_esvkso5p9a,72,2024-03-13,3,3,24.513,3.360,57.045,11.392,1.298,0.689,0.140,0.651,203.873,69.471,20.796,20.243,flat,0
site_hv02xi47qd,191,2024-07-10,3,7,8.165,0.775,79.128,4.432,0.000,0.640,0.220,0.722,193.265,92.264,23.243,25.562,flat,0
site_pyswc8o9g8,133,2024-05-13,1,5,17.227,3.367,70.970,15.605,0.000,0.615,0.015,0.707,199.071,50.388,21.249,28.689,critical_peak,0
site_oqtmdxfv99,167,2024-06-16,0,6,5.812,0.306,67.727,12.197,0.000,0.680,0.260,0.731,223.505,70.822,17.451,16.493,time_of_use,0
site_lh13qhdxr8,1,2024-01-02,2,1,6.796,1.651,84.558,10.131,0.000,0.691,0.247,0.740,190.235,61.512,24.348,12.764,flat,0
site_azlkiez3zd,74,2024-03-15,5,3,21.968,4.415,55.730,3.647,0.000,0.614,0.266,0.977,168.841,73.441,23.505,22.912,flat,0
site_lh13qhdxr8,73,2024-03-14,4,3,24.476,4.869,62.306,9.665,0.000,0.581,0.251,0.871,185.994,51.222,24.500,17.609,flat,0
site_xms2f2z823,48,2024-02-18,0,2,16.407,3.867,83.183,6.319,0.000,0.727,0.418,0.718,175.308,60.571,28.673,15.476,time_of_use,0
site_jby3v59n6p,46,2024-02-16,5,2,21.534,3.428,63.153,5.509,0.000,0.462,0.169,0.685,191.269,64.975,26.035,21.365,flat,0
site_mmvs0z732r,65,2024-03-06,3,3,20.848,4.801,61.531,10.657,0.000,0.596,0.015,0.764,159.394,53.020,6.940,19.991,flat,0
site_653fbtaxzy,206,2024-07-25,4,7,7.945,3.203,74.968,14.974,0.000,0.727,0.314,0.498,231.143,72.759,19.077,22.483,critical_peak,0
site_lpvyddf2dp,6,2024-01-07,0,1,10.118,2.027,75.492,13.164,3.819,0.855,0.162,0.700,219.169,69.523,9.001,18.319,critical_peak,0
site_653fbtaxzy,49,2024-02-19,1,2,20.719,3.423,59.622,14.415,0.000,0.659,0.136,0.355,217.172,70.607,16.884,14.283,time_of_use,0
site_xms2f2z823,112,2024-04-22,1,4,18.575,3.665,63.282,2.732,0.000,0.556,0.232,0.549,199.694,64.691,23.648,16.855,time_of_use,0
site_ruqwbu08ys,89,2024-03-30,6,3,25.604,,58.186,15.293,0.000,0.712,0.149,0.803,201.757,67.868,6.911,21.875,critical_peak,0
site_653fbtaxzy,200,2024-07-19,5,7,7.257,1.298,67.674,21.037,0.000,0.612,0.300,0.539,210.261,69.447,17.352,23.968,flat,0
site_i72zb352li,133,2024-05-13,1,5,15.551,2.945,57.417,11.210,2.312,0.691,0.232,0.503,187.165,85.227,17.486,23.750,critical_peak,0
site_azlkiez3zd,68,2024-03-09,6,3,21.847,5.120,49.039,12.130,0.000,0.705,0.257,0.885,210.098,84.007,17.938,22.163,time_of_use,0
site_owpbo6i70y,34,2024-02-04,0,2,15.712,5.200,69.840,12.691,0.000,0.582,0.106,0.736,176.309,39.192,20.262,29.289,critical_peak,0
site_8ttmv07z34,170,2024-06-19,3,6,8.761,1.465,72.530,13.240,0.000,0.683,0.330,0.404,237.899,51.703,21.465,25.843,critical_peak,0
site_unn79reovm,54,2024-02-24,6,2,25.069,3.911,63.404,5.528,0.000,,0.210,0.611,216.013,62.158,19.836,20.132,flat,0
site_hv02xi47qd,156,2024-06-05,3,6,11.121,0.832,52.313,11.419,0.000,0.612,0.216,0.585,195.272,85.176,15.191,29.556,time_of_use,0
site_jby3v59n6p,162,2024-06-11,2,6,10.550,1.277,64.806,12.358,0.000,0.717,0.234,0.374,216.070,61.063,18.337,21.070,flat,0
site_q96oxsn6t7,85,2024-03-26,2,3,18.201,3.387,34.970,7.654,0.000,0.527,0.069,0.977,188.152,60.203,13.013,23.590,time_of_use,0
site_azlkiez3zd,162,2024-06-11,2,6,12.695,2.261,83.872,10.224,0.000,0.756,0.178,0.748,180.761,68.210,29.782,22.864,flat,0
site_lpvyddf2dp,80,2024-03-21,4,3,25.427,3.198,65.447,10.734,0.000,0.697,0.171,0.515,188.734,70.603,22.775,33.054,critical_peak,0
site_cyoy81mba2,221,2024-08-09,5,8,3.193,2.414,74.965,1.688,0.000,0.640,0.123,0.536,161.880,73.568,20.175,26.826,time_of_use,0
site_653fbtaxzy,148,2024-05-28,2,5,13.800,2.707,67.340,4.505,0.000,0.625,0.205,0.402,207.635,73.674,22.243,7.303,time_of_use,0
site_hv02xi47qd,88,2024-03-29,5,3,25.842,2.974,71.835,10.307,0.000,0.677,0.138,0.787,215.949,75.536,19.133,14.884,critical_peak,0
site_jby3v59n6p,76,2024-03-17,0,3,23.467,3.739,56.173,16.795,0.000,0.544,0.307,0.676,205.505,63.401,25.714,28.940,time_of_use,0
site_12sjsgd733,190,2024-07-09,2,7,2.722,2.027,64.054,14.592,0.000,0.752,0.110,0.576,194.585,65.981,13.008,17.118,flat,0
site_653fbtaxzy,9,2024-01-10,3,1,9.381,2.297,78.074,9.145,3.390,0.639,0.178,0.458,211.077,77.436,13.222,15.616,flat,0
site_i72zb352li,48,2024-02-18,0,2,21.719,3.339,62.366,4.331,0.000,0.732,0.294,0.538,157.937,83.397,15.808,23.832,time_of_use,0
site_cyoy81mba2,27,2024-01-28,0,1,15.292,2.940,56.048,,0.000,0.683,0.264,0.652,201.702,55.004,21.997,27.594,flat,0
site_l7o5bnkp2o,176,2024-06-25,2,6,8.663,2.258,76.872,7.210,2.396,0.746,0.249,0.553,194.045,59.704,13.987,20.103,time_of_use,0
site_wb8fh6amr3,157,2024-06-06,4,6,9.225,1.270,85.642,6.174,0.000,0.676,0.327,0.779,175.751,80.118,24.158,12.844,time_of_use,0
site_653fbtaxzy,115,2024-04-25,4,4,24.449,3.410,70.517,14.925,0.000,0.754,0.357,0.672,194.793,94.338,23.958,18.128,critical_peak,0
site_653fbtaxzy,99,2024-04-09,2,4,25.293,,56.004,12.846,0.000,0.607,0.215,0.589,193.455,77.225,25.620,28.245,flat,0
site_pyswc8o9g8,177,2024-06-26,3,6,10.992,0.583,71.485,5.963,0.000,0.578,0.188,0.498,207.538,54.651,20.284,19.373,critical_peak,0
site_unn79reovm,194,2024-07-13,6,7,3.855,0.390,77.099,14.433,0.000,0.473,0.109,0.346,227.696,46.831,12.089,25.607,time_of_use,0
site_mmvs0z732r,137,2024-05-17,5,5,12.164,2.652,80.795,14.482,0.000,0.551,0.015,0.980,185.177,71.865,17.550,,flat,0
site_mmvs0z732r,73,2024-03-14,4,3,21.010,5.042,78.629,10.274,0.000,0.534,0.149,0.662,,71.904,22.391,25.135,flat,0
site_oqtmdxfv99,81,2024-03-22,5,3,24.169,4.110,51.743,9.557,0.000,0.719,0.236,0.639,201.442,83.926,20.119,23.844,flat,0
site_l7o5bnkp2o,139,2024-05-19,0,5,15.949,2.641,50.055,6.081,0.000,0.669,0.270,0.697,225.448,67.825,23.021,22.875,time_of_use,0
site_lh13qhdxr8,210,2024-07-29,1,7,6.167,2.047,73.773,5.286,0.000,0.468,0.102,0.810,201.944,67.074,22.343,23.132,time_of_use,0
site_unn79reovm,109,2024-04-19,5,4,26.842,1.781,62.302,12.476,0.000,0.668,0.141,0.379,187.848,56.860,12.279,18.420,flat,0
site_wkoe2l3dl1,229,2024-08-17,6,8,10.620,0.978,68.814,8.550,0.000,0.746,0.487,0.729,192.406,58.930,26.771,30.360,time_of_use,0
site_mmvs0z732r,184,2024-07-03,3,7,7.263,0.201,79.859,9.468,0.000,0.604,0.085,0.559,188.349,69.222,13.314,18.072,time_of_use,0
site_lpvyddf2dp,146,2024-05-26,0,5,14.343,1.783,80.764,8.367,0.000,0.695,0.276,0.719,203.511,82.353,18.274,16.464,flat,0
site_cyoy81mba2,223,2024-08-11,0,8,7.466,1.305,70.995,4.912,3.937,0.610,0.146,0.451,182.241,58.818,,16.347,critical_peak,0
site_i72zb352li,45,2024-02-15,4,2,20.535,4.079,68.822,14.281,0.000,0.631,0.302,0.510,195.425,76.030,16.013,26.954,flat,0
site_8a103kt75c,131,2024-05-11,6,5,19.359,3.150,59.623,16.426,0.000,0.722,0.199,0.625,,58.953,17.152,10.404,time_of_use,0
site_unn79reovm,75,2024-03-16,6,3,26.797,4.291,59.363,12.745,0.000,0.624,0.258,0.488,191.461,60.613,15.681,21.500,time_of_use,0
site_q96oxsn6t7,209,2024-07-28,0,7,13.940,1.757,75.036,5.621,3.389,0.700,0.192,0.833,188.397,63.307,18.757,20.906,flat,0
site_wb8fh6amr3,35,2024-02-05,1,2,18.394,3.908,63.574,9.234,0.000,,0.417,0.431,151.106,84.014,21.336,22.034,critical_peak,0
site_8a103kt75c,111,2024-04-21,0,4,20.150,2.819,50.000,15.910,0.000,,0.299,0.644,209.486,65.069,26.918,15.709,time_of_use,0
site_q96oxsn6t7,38,2024-02-08,4,2,,3.589,53.586,8.465,0.000,0.618,0.240,0.803,194.746,70.765,24.419,22.372,flat,0
site_owpbo6i70y,101,2024-04-11,4,4,26.553,2.818,67.113,10.065,0.000,0.690,,0.640,190.177,54.647,14.252,11.257,flat,0
site_pyswc8o9g8,110,2024-04-20,6,4,20.572,3.946,56.734,9.344,0.000,0.655,0.210,0.780,215.958,57.075,10.941,31.158,flat,0
site_xms2f2z823,38,2024-02-08,4,2,16.238,3.755,63.904,,0.000,0.701,0.184,0.677,185.778,66.874,13.753,12.554,flat,0
site_i72zb352li,22,2024-01-23,2,1,9.881,4.302,77.847,11.960,0.000,0.723,0.291,0.662,198.060,63.343,22.787,28.569,time_of_use,0
site_azlkiez3zd,5,2024-01-06,6,1,9.093,1.579,85.325,2.830,0.000,0.624,0.260,0.520,187.769,70.679,26.096,26.200,time_of_use,0
site_wkoe2l3dl1,88,2024-03-29,5,3,30.293,,48.228,14.608,0.000,0.417,0.110,0.793,195.357,65.773,24.137,20.872,critical_peak,0
site_unn79reovm,59,2024-02-29,4,2,20.890,3.497,55.617,8.031,0.000,0.766,0.176,0.385,193.952,80.365,18.525,20.275,time_of_use,0
site_wkoe2l3dl1,234,2024-08-22,4,8,14.616,2.594,63.651,20.691,,0.648,0.278,0.808,167.878,74.336,19.015,20.875,flat,0
site_owpbo6i70y,32,2024-02-02,5,2,18.427,4.171,63.988,2.901,0.000,0.769,0.069,0.770,167.126,83.807,15.420,10.555,time_of_use,0
site_wb8fh6amr3,134,2024-05-14,2,5,22.750,3.130,72.320,14.604,0.000,0.595,0.398,0.630,155.697,77.018,25.242,17.875,critical_peak,0
site_oqtmdxfv99,108,2024-04-18,4,4,24.499,4.575,57.794,0.200,0.000,0.601,0.038,0.902,215.116,80.994,18.905,26.814,flat,0
site_8ttmv07z34,116,2024-04-26,5,4,15.535,2.749,63.813,12.309,0.000,0.760,0.151,0.415,187.525,84.310,21.886,27.135,critical_peak,0
site_mmvs0z732r,236,2024-08-24,6,8,4.472,1.568,73.118,10.261,0.000,0.671,0.015,0.352,170.761,87.027,7.370,16.717,flat,0
site_653fbtaxzy,39,2024-02-09,5,2,15.349,2.667,80.245,3.535,0.000,0.684,0.185,0.721,189.711,82.432,21.217,16.744,time_of_use,0
site_wkoe2l3dl1,218,2024-08-06,2,8,8.675,2.320,83.055,8.195,0.000,0.640,0.214,0.562,211.422,77.887,17.129,28.195,flat,0
site_l7o5bnkp2o,13,2024-01-14,0,1,8.035,4.314,74.679,,0.000,0.676,0.337,0.535,175.754,66.360,13.566,21.164,time_of_use,0
site_653fbtaxzy,30,2024-01-31,3,1,18.373,3.216,51.147,13.958,0.000,0.674,0.237,0.833,,78.987,23.705,24.677,time_of_use,0
site_wb8fh6amr3,192,2024-07-11,4,7,5.391,0.543,72.346,8.408,0.000,0.786,0.294,0.565,198.792,53.871,20.418,14.262,time_of_use,1
site_653fbtaxzy,222,2024-08-10,6,8,8.912,1.996,78.057,9.087,0.000,0.634,0.307,0.465,228.646,61.160,25.091,19.953,critical_peak,0
site_cyoy81mba2,76,2024-03-17,0,3,25.165,4.599,51.728,8.479,0.000,0.668,0.301,0.696,174.571,76.538,22.086,22.697,time_of_use,0
site_ruqwbu08ys,102,2024-04-12,5,4,25.017,2.686,53.654,7.913,0.000,0.564,0.108,0.527,221.963,67.449,12.720,9.557,time_of_use,0
site_pyswc8o9g8,92,2024-04-02,2,4,27.271,4.521,53.391,9.244,0.000,0.507,0.167,0.939,193.971,73.047,16.452,22.451,flat,0
site_pyswc8o9g8,224,2024-08-12,1,8,8.965,1.851,74.473,12.584,0.000,0.628,0.276,0.602,200.285,45.879,25.347,24.388,critical_peak,0
site_owpbo6i70y,179,2024-06-28,5,6,11.065,0.923,66.250,17.101,0.000,0.692,0.015,0.599,176.217,70.924,10.849,23.478,critical_peak,0
site_i72zb352li,60,2024-03-01,5,3,26.507,4.151,68.898,11.343,0.000,0.642,0.224,0.719,196.769,76.227,18.681,27.310,critical_peak,0
site_hv02xi47qd,201,2024-07-20,6,7,6.540,1.806,71.411,12.573,0.000,0.678,0.335,0.633,234.785,77.632,24.827,23.048,time_of_use,0
site_i72zb352li,219,2024-08-07,3,8,8.059,3.106,64.016,7.743,0.000,0.730,0.333,0.652,216.689,76.243,15.903,19.934,time_of_use,0
site_wb8fh6amr3,125,2024-05-05,0,5,23.240,3.318,58.663,16.055,0.000,0.498,0.292,0.543,155.021,50.358,26.003,21.099,critical_peak,0
site_lh13qhdxr8,189,2024-07-08,1,7,8.522,0.050,91.731,7.536,0.000,0.621,0.166,0.554,160.458,61.313,22.770,19.216,flat,0
site_hv02xi47qd,165,2024-06-14,5,6,8.065,1.130,68.454,11.669,0.000,0.690,0.209,0.613,204.729,80.640,23.291,18.213,time_of_use,0
site_mmvs0z732r,218,2024-08-06,2,8,5.951,0.975,73.473,15.738,0.000,0.676,0.146,0.566,228.284,68.106,16.086,21.319,flat,0
site_azlkiez3zd,52,2024-02-22,4,2,24.364,4.261,70.815,8.171,0.000,0.669,0.189,0.644,192.861,79.274,17.952,22.858,critical_peak,0
site_jby3v59n6p,221,2024-08-09,5,8,10.033,,64.205,11.457,0.000,0.701,0.068,0.444,183.233,56.412,4.419,15.661,time_of_use,0
site_unn79reovm,201,2024-07-20,6,7,7.453,0.050,62.088,4.278,0.000,0.598,0.258,0.338,224.169,61.607,22.328,23.062,time_of_use,0
site_i72zb352li,125,2024-05-05,0,5,18.549,2.596,66.854,16.195,0.000,0.795,0.403,0.548,174.346,82.480,27.318,30.774,critical_peak,0
site_i72zb352li,31,2024-02-01,4,2,18.073,3.849,74.788,0.200,0.000,0.742,0.327,0.788,216.893,73.106,20.550,16.369,time_of_use,0
site_unn79reovm,126,2024-05-06,1,5,17.638,2.583,89.962,6.337,0.000,0.654,0.073,0.156,193.084,64.254,10.281,13.749,flat,0
site_ruqwbu08ys,87,2024-03-28,4,3,23.098,3.036,61.562,13.310,0.000,0.566,0.262,0.710,203.043,40.805,27.403,24.176,critical_peak,0
site_oqtmdxfv99,199,2024-07-18,4,7,7.915,1.717,75.248,8.595,0.000,0.673,0.099,0.370,193.304,78.953,13.605,19.346,flat,0
site_lpvyddf2dp,49,2024-02-19,1,2,20.164,2.868,54.482,9.391,0.000,0.620,0.188,0.756,222.720,78.427,22.783,18.744,time_of_use,0
site_owpbo6i70y,141,2024-05-21,2,5,20.096,1.111,72.604,11.932,0.000,0.765,0.089,0.616,152.326,73.145,6.462,14.933,critical_peak,0
site_oqtmdxfv99,15,2024-01-16,2,1,10.065,2.405,83.479,8.832,0.000,0.588,0.153,0.672,179.441,69.917,18.631,17.285,critical_peak,0
site_wb8fh6amr3,59,2024-02-29,4,2,21.527,4.254,59.622,8.830,0.000,0.691,0.343,0.970,206.638,73.232,25.985,18.226,time_of_use,0
site_xms2f2z823,127,2024-05-07,2,5,22.926,3.528,55.405,6.512,0.000,0.845,0.385,0.750,184.735,72.652,25.959,25.425,flat,0
site_xms2f2z823,138,2024-05-18,6,5,20.281,2.890,76.289,15.521,0.000,0.622,0.372,0.498,213.202,78.988,22.459,14.865,time_of_use,0
site_9ueuoqbp8k,57,2024-02-27,2,2,20.962,4.845,46.859,10.161,0.000,0.700,0.257,0.520,177.487,63.804,21.987,36.045,time_of_use,0
site_cyoy81mba2,35,2024-02-05,1,2,19.816,4.219,58.041,9.571,0.000,0.484,0.227,0.748,169.627,61.227,20.624,23.373,critical_peak,0
site_pyswc8o9g8,105,2024-04-15,1,4,22.829,4.488,60.433,5.291,0.000,0.762,0.134,0.858,213.268,51.742,25.295,13.057,critical_peak,0
site_lh13qhdxr8,18,2024-01-19,5,1,9.021,2.567,70.937,11.291,0.000,0.738,0.135,0.804,180.122,88.873,22.777,12.667,flat,0
site_8ttmv07z34,33,2024-02-03,6,2,15.571,3.028,59.162,11.155,0.000,0.610,0.160,0.352,188.829,71.746,14.879,18.289,critical_peak,0
site_cyoy81mba2,176,2024-06-25,2,6,3.591,2.662,80.572,9.162,0.000,0.617,0.233,0.660,232.107,65.613,21.134,18.731,time_of_use,0
site_owpbo6i70y,193,2024-07-12,5,7,8.312,2.250,65.664,14.042,0.000,0.653,0.250,0.829,193.690,66.829,15.176,30.979,time_of_use,0
site_oqtmdxfv99,105,2024-04-15,1,4,21.208,3.956,58.720,13.852,0.000,0.855,0.176,0.790,161.924,82.249,23.346,25.718,critical_peak,0
site_8ttmv07z34,202,2024-07-21,0,7,10.369,1.406,76.712,18.218,0.000,0.640,0.021,0.308,204.835,62.927,16.340,19.464,time_of_use,1
site_xms2f2z823,63,2024-03-04,1,3,23.505,3.969,54.016,11.695,0.000,0.526,0.435,0.691,169.470,56.853,32.470,25.755,flat,0
site_xms2f2z823,139,2024-05-19,0,5,16.452,1.931,61.845,7.892,0.000,0.735,0.271,0.562,200.103,66.555,20.883,16.295,time_of_use,0
site_wb8fh6amr3,100,2024-04-10,3,4,26.197,5.390,58.834,14.334,0.000,0.726,0.390,0.980,207.897,78.612,24.647,24.103,flat,0
site_pyswc8o9g8,207,2024-07-26,5,7,6.881,1.116,69.811,18.660,0.000,0.567,0.015,0.457,191.877,49.991,14.999,21.840,flat,0
site_8ttmv07z34,171,2024-06-20,4,6,10.740,0.862,77.748,9.519,0.000,0.690,0.169,0.670,171.393,69.526,20.471,23.135,flat,0
site_wb8fh6amr3,135,2024-05-15,3,5,19.934,3.206,60.926,12.646,0.000,0.559,0.325,0.607,186.201,60.988,21.681,12.132,flat,0
site_lpvyddf2dp,120,2024-04-30,2,4,19.817,4.534,72.962,13.210,1.348,0.710,,0.980,191.489,79.536,17.566,26.350,time_of_use,0
site_mmvs0z732r,21,2024-01-22,1,1,18.635,2.395,62.078,9.821,0.725,0.497,0.151,0.857,152.211,67.713,13.038,16.592,time_of_use,0
site_pyswc8o9g8,112,2024-04-22,1,4,26.909,3.914,62.710,11.965,0.000,0.572,0.124,0.364,243.057,45.324,23.202,21.555,time_of_use,0
site_xms2f2z823,59,2024-02-29,4,2,22.572,4.879,62.052,9.192,0.000,0.647,0.314,0.589,171.494,52.522,19.097,25.772,time_of_use,0
site_lpvyddf2dp,135,2024-05-15,3,5,19.264,1.785,73.548,12.091,0.000,0.732,0.091,0.924,205.765,87.569,23.008,22.003,flat,0
site_8a103kt75c,186,2024-07-05,5,7,8.007,0.200,76.448,20.390,0.000,0.654,0.206,0.423,214.531,77.781,15.742,19.101,critical_peak,0
site_wb8fh6amr3,124,2024-05-04,6,5,17.837,3.072,53.876,5.878,0.000,0.608,0.271,0.598,163.168,71.348,21.050,12.709,critical_peak,0
site_owpbo6i70y,208,2024-07-27,6,7,1.123,2.869,65.368,3.318,1.488,0.728,0.184,0.749,194.114,75.635,15.230,16.080,flat,0
site_hv02xi47qd,153,2024-06-02,0,6,11.125,0.307,75.329,12.553,0.000,0.634,0.217,0.628,187.909,87.227,22.298,34.230,flat,0
site_l7o5bnkp2o,144,2024-05-24,5,5,15.021,1.046,72.094,11.554,0.000,0.590,0.136,0.473,,51.025,10.787,19.207,flat,0
site_unn79reovm,22,2024-01-23,2,1,12.364,2.969,74.128,14.502,5.759,0.738,0.015,0.536,196.083,68.630,15.577,10.569,time_of_use,0
site_i72zb352li,185,2024-07-04,4,7,11.258,1.552,73.312,7.163,0.000,0.537,0.232,0.556,203.253,64.410,16.641,13.635,time_of_use,0
site_8ttmv07z34,107,2024-04-17,3,4,22.418,2.635,70.716,10.375,0.000,0.640,0.281,0.513,213.421,43.114,16.935,28.101,critical_peak,0
site_653fbtaxzy,46,2024-02-16,5,2,19.048,4.432,61.846,10.836,0.000,0.793,0.132,0.621,173.902,79.981,14.017,20.421,flat,0
site_mmvs0z732r,188,2024-07-07,0,7,7.544,0.137,64.285,14.102,0.000,0.688,0.131,0.712,198.232,74.173,18.405,14.188,critical_peak,0
site_653fbtaxzy,171,2024-06-20,4,6,13.507,2.618,71.131,5.026,0.000,0.693,0.303,0.664,196.803,69.814,24.980,16.148,flat,0
site_xms2f2z823,10,2024-01-11,4,1,14.039,2.407,63.333,14.497,0.000,0.767,0.336,0.438,179.790,59.903,,13.088,flat,0
site_lpvyddf2dp,164,2024-06-13,4,6,12.614,0.050,78.614,6.352,4.365,0.596,0.180,0.732,205.401,79.479,23.250,33.014,flat,0
site_esvkso5p9a,46,2024-02-16,5,2,17.891,3.968,68.558,11.462,0.000,0.680,,0.960,191.172,66.979,25.596,20.013,flat,0
site_lpvyddf2dp,196,2024-07-15,1,7,6.233,3.105,69.075,6.480,0.000,0.664,0.350,0.686,208.781,66.966,24.321,23.276,critical_peak,0
site_q96oxsn6t7,139,2024-05-19,0,5,16.403,3.902,63.848,4.191,0.000,0.596,0.197,0.829,177.809,68.420,19.125,32.703,time_of_use,0
site_unn79reovm,153,2024-06-02,0,6,11.802,1.710,64.864,11.371,0.000,0.655,0.222,0.399,,60.679,27.473,17.828,flat,0
site_ruqwbu08ys,212,2024-07-31,3,7,8.389,1.324,67.352,15.303,0.000,0.637,0.188,0.692,211.817,64.403,17.323,14.086,time_of_use,0
site_9ueuoqbp8k,202,2024-07-21,0,7,7.949,2.095,64.066,12.088,0.000,0.639,0.363,0.641,190.578,,32.634,31.289,time_of_use,0
site_oqtmdxfv99,148,2024-05-28,2,5,11.161,2.424,57.692,14.618,1.205,0.817,0.222,0.793,196.302,65.491,24.879,36.918,time_of_use,0
site_cyoy81mba2,111,2024-04-21,0,4,25.739,2.846,65.163,7.636,0.000,0.613,0.115,0.781,204.826,52.284,15.966,17.280,time_of_use,0
site_hv02xi47qd,115,2024-04-25,4,4,24.339,3.190,39.497,13.647,0.000,0.604,0.233,0.824,199.226,87.399,24.458,24.579,critical_peak,0
site_ruqwbu08ys,178,2024-06-27,4,6,9.668,2.566,78.058,12.889,0.000,0.641,0.092,0.591,211.525,73.707,14.557,17.901,critical_peak,0
site_xms2f2z823,73,2024-03-14,4,3,22.044,3.972,47.875,12.060,0.000,0.547,0.388,0.682,155.627,62.874,29.785,22.000,flat,0
site_12sjsgd733,82,2024-03-23,6,3,26.368,4.268,44.372,9.583,0.000,0.670,0.076,0.603,154.048,60.236,13.848,16.710,flat,0
site_wkoe2l3dl1,225,2024-08-13,2,8,9.231,1.068,86.308,14.748,0.000,0.616,0.297,0.440,156.240,54.234,32.715,16.151,flat,0
site_lh13qhdxr8,77,2024-03-18,1,3,23.845,3.630,48.409,16.234,0.000,0.659,0.342,0.874,161.920,66.451,37.568,24.615,time_of_use,0
site_cyoy81mba2,91,2024-04-01,1,4,25.538,4.576,49.913,17.991,0.000,0.541,0.126,0.980,166.323,53.676,22.902,26.552,flat,0
site_i72zb352li,149,2024-05-29,3,5,12.662,2.116,71.216,11.351,0.000,0.690,0.258,0.543,223.825,73.860,12.632,32.941,time_of_use,0
site_wb8fh6amr3,231,2024-08-19,1,8,9.304,2.004,79.120,13.099,0.000,0.720,0.233,0.707,181.135,76.250,28.285,14.148,critical_peak,0
site_esvkso5p9a,74,2024-03-15,5,3,23.333,4.036,57.830,6.069,0.000,0.679,0.131,0.535,173.264,74.106,17.302,11.822,flat,0
site_unn79reovm,137,2024-05-17,5,5,18.044,1.474,62.260,8.454,0.000,0.623,0.035,0.142,179.603,74.912,,29.078,flat,0
site_653fbtaxzy,194,2024-07-13,6,7,4.985,1.898,72.902,8.768,0.000,0.663,0.262,0.575,234.285,85.385,18.749,16.740,time_of_use,0
site_q96oxsn6t7,198,2024-07-17,3,7,3.816,,76.437,6.643,0.000,0.630,0.032,0.645,173.287,70.924,8.986,35.866,flat,0
site_8a103kt75c,34,2024-02-04,0,2,17.808,3.379,62.659,6.356,0.000,0.631,0.434,0.882,199.050,68.574,22.667,22.076,critical_peak,0
site_hv02xi47qd,221,2024-08-09,5,8,10.004,1.191,56.837,13.107,0.000,0.694,0.297,0.733,192.311,76.625,22.221,22.770,time_of_use,0
site_xms2f2z823,67,2024-03-08,5,3,24.000,3.562,57.488,14.247,0.000,0.755,0.380,0.619,179.940,55.397,40.605,24.957,time_of_use,0
site_12sjsgd733,236,2024-08-24,6,8,9.551,2.458,73.243,15.944,0.000,0.643,0.068,0.479,162.940,78.360,9.891,11.980,flat,0
site_l7o5bnkp2o,121,2024-05-01,3,5,17.886,1.233,52.100,,0.000,0.610,0.316,0.641,202.831,59.792,16.356,20.808,time_of_use,0
site_ruqwbu08ys,65,2024-03-06,3,3,25.722,4.422,53.837,5.924,0.000,0.568,0.167,0.719,191.321,48.718,27.307,21.129,flat,0
site_azlkiez3zd,161,2024-06-10,1,6,,2.238,69.284,17.119,0.000,0.479,0.292,0.832,170.318,60.790,18.750,23.318,critical_peak,0
site_ruqwbu08ys,147,2024-05-27,1,5,12.197,1.136,71.418,12.226,0.000,0.684,0.305,0.583,223.525,61.726,28.651,12.129,time_of_use,0
site_xms2f2z823,171,2024-06-20,4,6,7.726,1.431,62.802,10.099,0.000,0.572,0.341,0.778,,56.990,22.148,25.082,flat,0
site_esvkso5p9a,59,2024-02-29,4,2,25.204,4.126,,12.899,0.000,0.619,0.233,0.980,203.095,75.084,25.217,9.695,time_of_use,0
site_jby3v59n6p,50,2024-02-20,2,2,15.149,4.240,70.100,10.638,0.000,0.594,0.027,0.854,176.014,63.324,16.929,,time_of_use,0
site_9ueuoqbp8k,204,2024-07-23,2,7,6.812,1.216,82.146,13.171,0.000,0.680,0.258,0.476,203.500,57.960,20.623,17.452,critical_peak,0
site_wb8fh6amr3,208,2024-07-27,6,7,1.778,0.946,73.373,9.961,0.000,0.638,0.397,0.569,212.514,60.674,29.921,25.101,flat,0
site_esvkso5p9a,129,2024-05-09,4,5,17.132,2.809,70.027,5.463,0.000,0.650,0.166,0.764,209.363,83.089,23.063,20.506,time_of_use,0
site_oqtmdxfv99,215,2024-08-03,6,8,8.802,0.636,75.847,11.026,0.000,0.695,0.176,0.584,222.400,73.093,22.390,17.843,critical_peak,0
site_unn79reovm,204,2024-07-23,2,7,8.894,1.133,72.018,15.878,0.000,0.731,0.126,0.487,167.964,64.213,9.474,12.175,critical_peak,0
site_esvkso5p9a,191,2024-07-10,3,7,4.682,2.134,62.914,10.107,0.000,0.605,0.199,0.639,233.789,82.278,23.863,18.744,flat,0
site_mmvs0z732r,177,2024-06-26,3,6,5.148,2.115,77.811,18.160,0.000,0.593,0.015,0.714,210.608,42.980,15.364,13.104,critical_peak,0
site_hv02xi47qd,220,2024-08-08,4,8,10.364,1.122,74.965,5.750,0.000,0.609,0.243,0.711,240.719,82.438,23.565,19.967,time_of_use,0
site_esvkso5p9a,195,2024-07-14,0,7,6.297,1.168,85.298,10.709,0.000,0.749,0.236,0.682,225.761,76.776,14.606,18.738,critical_peak,0
site_wkoe2l3dl1,136,2024-05-16,4,5,14.932,3.374,45.220,16.139,0.000,0.466,0.225,0.810,200.135,66.180,18.860,31.414,flat,0
site_hv02xi47qd,34,2024-02-04,0,2,14.168,3.939,79.326,18.296,0.000,0.690,0.404,0.889,196.302,76.202,27.239,20.012,critical_peak,0
site_cyoy81mba2,2,2024-01-03,3,1,8.888,2.081,71.621,5.508,1.621,0.610,0.226,0.776,177.819,72.390,22.963,21.630,flat,1
site_ruqwbu08ys,32,2024-02-02,5,2,17.664,3.357,70.025,8.369,0.000,0.607,0.308,0.641,189.263,63.538,12.739,17.909,time_of_use,1
site_12sjsgd733,41,2024-02-11,0,2,24.174,4.159,65.954,18.230,0.000,0.688,0.046,0.486,186.192,61.084,7.090,11.721,time_of_use,0
site_lh13qhdxr8,126,2024-05-06,1,5,19.588,3.697,65.625,16.499,0.000,0.689,0.169,0.819,161.796,74.525,16.557,19.551,flat,0
site_8ttmv07z34,26,2024-01-27,6,1,15.045,5.424,65.205,10.123,0.000,0.647,0.217,0.800,170.907,56.373,22.780,18.428,critical_peak,0
site_xms2f2z823,92,2024-04-02,2,4,27.125,3.814,58.109,12.166,2.361,0.673,0.342,0.617,178.810,66.544,25.392,22.980,flat,0
site_8ttmv07z34,82,2024-03-23,6,3,25.548,3.530,67.914,8.533,0.000,0.643,0.260,0.544,,71.991,19.515,26.883,flat,0
site_q96oxsn6t7,110,2024-04-20,6,4,20.225,3.491,60.758,6.825,0.000,0.671,0.046,0.831,176.604,71.773,4.813,17.781,flat,0
site_wb8fh6amr3,209,2024-07-28,0,7,8.284,1.790,72.072,5.183,0.000,0.603,0.380,0.692,212.571,70.138,24.690,15.554,flat,0
site_azlkiez3zd,4,2024-01-05,5,1,6.352,2.642,70.553,5.108,0.000,0.529,0.162,0.778,201.612,69.556,20.424,25.578,time_of_use,0
site_hv02xi47qd,118,2024-04-28,0,4,17.994,3.944,59.527,10.102,0.000,0.592,0.270,0.960,192.966,73.718,21.511,24.792,flat,0
site_jby3v59n6p,55,2024-02-25,0,2,17.025,4.722,67.140,11.467,0.000,0.606,0.303,0.427,172.037,65.660,25.705,22.996,flat,0
site_hv02xi47qd,68,2024-03-09,6,3,26.231,3.475,47.532,2.657,0.000,0.642,0.234,0.771,173.176,67.634,27.516,34.388,time_of_use,0
site_hv02xi47qd,230,2024-08-18,0,8,7.032,2.731,69.221,12.113,0.000,0.696,0.388,0.780,208.882,78.657,30.808,26.832,time_of_use,0
site_unn79reovm,77,2024-03-18,1,3,26.181,4.703,54.326,14.882,0.000,0.711,0.165,0.430,194.173,70.908,22.125,22.162,time_of_use,0
site_azlkiez3zd,85,2024-03-26,2,3,32.228,3.848,75.799,14.671,0.000,0.615,0.175,0.980,210.962,82.433,23.014,32.837,time_of_use,0
site_esvkso5p9a,136,2024-05-16,4,5,18.348,2.774,,9.701,0.000,0.779,0.215,0.788,175.417,89.897,15.806,20.821,flat,0
site_8a103kt75c,189,2024-07-08,1,7,8.575,2.418,63.885,9.087,0.000,0.742,0.136,0.477,235.740,77.459,12.800,19.253,flat,0
site_hv02xi47qd,50,2024-02-20,2,2,24.721,4.089,62.208,7.164,0.000,0.693,0.363,0.886,205.510,68.154,34.311,30.215,time_of_use,0
site_ruqwbu08ys,77,2024-03-18,1,3,28.026,3.807,63.646,19.530,0.000,0.574,0.373,0.570,217.794,67.524,27.178,23.146,time_of_use,0
site_wkoe2l3dl1,53,2024-02-23,5,2,21.491,4.572,72.920,7.280,0.000,0.670,0.200,0.743,214.288,54.002,19.013,17.207,critical_peak,0
site_azlkiez3zd,233,2024-08-21,3,8,10.751,2.168,70.060,15.505,0.000,0.691,0.154,0.766,186.792,88.046,16.379,21.819,critical_peak,1
site_xms2f2z823,103,2024-04-13,6,4,26.371,4.883,74.711,8.564,0.000,0.768,0.302,0.576,199.914,60.922,24.055,18.961,time_of_use,0
site_owpbo6i70y,53,2024-02-23,5,2,23.140,2.739,59.692,15.615,0.000,0.550,0.198,0.928,197.237,70.971,21.384,26.160,critical_peak,0
site_lh13qhdxr8,118,2024-04-28,0,4,21.427,1.977,73.716,1.306,0.000,0.511,0.095,0.775,167.310,69.576,30.212,24.878,flat,0
site_i72zb352li,207,2024-07-26,5,7,4.135,0.984,80.998,15.136,0.000,0.697,0.177,0.377,176.297,97.577,14.087,22.531,flat,0
site_cyoy81mba2,156,2024-06-05,3,6,6.922,1.604,75.948,7.841,0.000,0.548,0.119,0.611,189.546,47.090,15.430,27.562,time_of_use,0
site_hv02xi47qd,123,2024-05-03,5,5,20.045,,70.343,12.771,0.000,0.672,0.377,0.980,178.453,71.052,29.069,29.772,critical_peak,0
site_8ttmv07z34,97,2024-04-07,0,4,27.513,,64.485,11.310,0.000,0.699,0.265,0.553,203.940,75.731,30.452,18.846,critical_peak,0
site_q96oxsn6t7,92,2024-04-02,2,4,21.770,3.340,67.426,9.301,0.000,0.625,0.094,0.904,166.351,55.462,21.583,23.438,flat,0
site_12sjsgd733,122,2024-05-02,4,5,26.137,2.786,65.548,1.922,0.000,0.610,0.015,0.647,193.605,67.717,15.194,18.762,time_of_use,0
site_unn79reovm,68,2024-03-09,6,3,25.192,4.511,49.609,18.548,1.207,0.703,0.272,0.320,202.707,69.724,16.391,24.386,time_of_use,0
site_oqtmdxfv99,37,2024-02-07,3,2,20.993,2.430,76.127,3.959,0.000,0.726,0.114,0.525,184.076,82.955,12.459,,flat,0
site_hv02xi47qd,136,2024-05-16,4,5,17.370,3.168,69.777,10.373,5.292,0.758,0.298,0.940,184.884,78.201,29.472,36.397,flat,0
site_azlkiez3zd,224,2024-08-12,1,8,11.305,2.027,60.385,4.490,0.000,0.657,0.195,0.874,176.842,67.821,26.120,29.975,critical_peak,0
site_8ttmv07z34,93,2024-04-03,3,4,24.003,3.431,61.295,13.499,0.000,0.499,0.058,0.588,186.446,55.321,18.970,29.958,time_of_use,0
site_oqtmdxfv99,65,2024-03-06,3,3,25.171,3.255,54.112,10.967,0.000,0.594,0.160,0.671,210.530,70.282,16.606,20.845,flat,0
site_lpvyddf2dp,92,2024-04-02,2,4,24.372,3.464,60.840,10.751,0.000,0.703,0.282,0.871,189.769,87.517,18.434,26.326,flat,0
site_12sjsgd733,113,2024-04-23,2,4,21.334,2.873,55.515,4.720,0.000,0.569,0.015,0.427,172.712,85.247,7.164,20.425,time_of_use,0
site_12sjsgd733,60,2024-03-01,5,3,23.132,4.482,72.288,9.956,0.000,0.532,0.073,0.552,165.071,54.807,20.807,12.269,critical_peak,0
site_xms2f2z823,164,2024-06-13,4,6,11.284,3.472,86.664,4.933,0.000,0.595,0.294,0.654,198.463,73.703,19.400,16.739,flat,0
site_hv02xi47qd,70,2024-03-11,1,3,28.358,4.235,56.237,8.429,0.000,0.568,0.229,0.908,206.903,60.021,22.798,22.255,critical_peak,0
site_xms2f2z823,13,2024-01-14,0,1,11.955,3.150,72.628,8.381,0.000,0.729,0.387,0.853,204.486,65.891,24.162,29.986,time_of_use,1
site_wkoe2l3dl1,92,2024-04-02,2,4,24.494,3.202,62.952,7.928,0.000,0.632,0.336,0.845,164.840,68.154,19.703,,flat,0
site_ruqwbu08ys,7,2024-01-08,1,1,8.935,1.868,74.530,19.435,0.000,0.613,0.406,0.503,216.608,67.893,27.851,13.814,critical_peak,0
site_8a103kt75c,50,2024-02-20,2,2,22.072,3.159,73.593,7.101,0.000,0.506,0.261,0.596,222.862,84.796,26.476,18.952,time_of_use,0
site_owpbo6i70y,180,2024-06-29,6,6,7.221,1.677,71.864,8.311,0.000,0.655,0.220,0.798,214.452,75.392,12.175,7.932,flat,0
site_unn79reovm,219,2024-08-07,3,8,4.441,1.447,74.757,11.950,0.000,0.662,0.309,0.391,227.115,66.940,13.515,26.899,time_of_use,0
site_12sjsgd733,76,2024-03-17,0,3,26.605,,51.331,13.638,0.000,0.768,0.153,0.524,194.750,60.061,8.211,22.698,time_of_use,0
site_8a103kt75c,48,2024-02-18,0,2,19.975,4.840,68.981,15.904,0.000,0.794,0.262,0.662,219.940,76.223,28.848,17.206,time_of_use,0
site_lh13qhdxr8,131,2024-05-11,6,5,18.222,3.080,71.012,9.433,6.432,0.616,0.262,0.945,164.108,71.462,19.169,20.628,time_of_use,0
site_8a103kt75c,96,2024-04-06,6,4,25.776,4.172,57.521,11.713,0.000,0.815,0.364,0.641,179.273,73.619,29.634,19.870,critical_peak,0
site_q96oxsn6t7,200,2024-07-19,5,7,7.437,1.540,78.835,14.841,0.000,0.544,0.170,0.980,158.786,50.844,16.354,20.819,flat,0
site_12sjsgd733,32,2024-02-02,5,2,14.746,3.646,76.093,8.854,0.000,0.637,0.251,0.479,178.789,69.947,20.913,20.931,time_of_use,0
site_azlkiez3zd,131,2024-05-11,6,5,19.642,2.019,73.159,8.265,0.000,0.786,0.251,0.504,176.801,63.425,13.718,13.403,time_of_use,0
site_12sjsgd733,2,2024-01-03,3,1,6.449,0.830,78.996,9.993,3.965,0.916,0.150,0.296,184.025,59.804,18.971,22.329,flat,0
site_q96oxsn6t7,203,2024-07-22,1,7,4.734,0.214,72.132,20.923,0.000,0.547,0.031,0.602,184.532,50.905,5.884,24.967,time_of_use,0
site_q96oxsn6t7,24,2024-01-25,4,1,16.408,3.334,61.777,13.039,0.000,0.533,0.015,0.750,182.083,55.968,10.361,38.052,critical_peak,0
site_ruqwbu08ys,201,2024-07-20,6,7,5.940,0.798,71.688,8.750,0.000,0.617,0.164,0.587,251.590,65.926,26.659,13.842,time_of_use,0
site_12sjsgd733,219,2024-08-07,3,8,9.241,3.700,70.299,14.422,0.000,0.695,0.045,0.479,172.883,84.148,12.127,14.093,time_of_use,0
site_wb8fh6amr3,190,2024-07-09,2,7,7.354,1.451,49.376,9.324,0.000,0.607,0.341,0.616,195.533,69.733,27.736,14.591,flat,0
site_lh13qhdxr8,75,2024-03-16,6,3,24.117,5.502,67.340,14.755,0.000,0.681,0.195,0.905,,69.594,23.543,18.574,time_of_use,1
site_azlkiez3zd,15,2024-01-16,2,1,12.011,3.379,70.239,8.302,0.246,0.749,0.240,0.670,213.121,82.092,25.854,24.778,critical_peak,0
site_i72zb352li,190,2024-07-09,2,7,7.275,1.911,,4.673,0.000,0.690,0.200,0.580,205.393,85.079,19.767,19.987,flat,0
site_9ueuoqbp8k,33,2024-02-03,6,2,19.231,1.885,62.521,11.221,0.000,0.632,0.284,0.526,191.945,65.007,18.901,,critical_peak,0
site_8a103kt75c,13,2024-01-14,0,1,12.924,3.066,76.096,13.580,0.000,0.593,0.432,,194.510,56.059,26.692,21.561,time_of_use,0
site_8ttmv07z34,27,2024-01-28,0,1,15.170,3.230,70.183,15.739,0.000,0.582,0.179,0.462,167.807,47.885,26.269,31.702,flat,0
site_oqtmdxfv99,112,2024-04-22,1,4,24.943,2.349,66.238,11.480,0.000,0.671,0.133,0.475,205.095,94.109,21.709,32.970,time_of_use,0
site_owpbo6i70y,72,2024-03-13,3,3,26.745,4.476,54.376,6.168,0.000,0.605,0.165,0.734,187.771,65.313,11.534,19.797,flat,0
site_oqtmdxfv99,28,2024-01-29,1,1,14.658,3.485,67.062,10.324,0.000,0.782,0.048,0.797,189.985,80.689,7.811,19.109,flat,0
site_8ttmv07z34,201,2024-07-20,6,7,6.002,1.109,69.917,10.124,0.000,0.561,0.064,0.496,212.713,65.215,16.803,24.849,time_of_use,1
site_q96oxsn6t7,47,2024-02-17,6,2,18.719,5.324,62.691,3.319,0.000,0.437,0.129,0.856,196.083,52.164,16.795,16.203,flat,0
site_hv02xi47qd,46,2024-02-16,5,2,18.187,4.076,59.325,10.011,0.000,0.628,0.130,0.958,184.806,82.743,25.911,29.033,flat,0
site_12sjsgd733,19,2024-01-20,6,1,13.318,2.045,65.305,9.756,0.000,0.730,0.134,0.418,171.587,61.086,13.385,8.282,flat,0
site_owpbo6i70y,97,2024-04-07,0,4,22.437,3.978,63.483,9.877,0.000,0.625,0.090,0.677,174.153,62.817,19.247,25.608,critical_peak,0
site_oqtmdxfv99,13,2024-01-14,0,1,15.003,2.307,68.373,11.750,0.000,0.604,0.222,0.659,171.347,86.165,22.194,26.561,time_of_use,0
site_l7o5bnkp2o,87,2024-03-28,4,3,23.443,4.782,68.262,5.857,0.000,0.687,0.203,0.835,190.450,46.733,15.498,18.173,critical_peak,0
site_hv02xi47qd,86,2024-03-27,3,3,25.311,5.080,70.254,13.255,0.000,0.667,0.221,0.681,194.668,46.285,18.650,23.810,time_of_use,0
site_azlkiez3zd,109,2024-04-19,5,4,23.600,3.175,59.336,12.407,0.000,0.660,0.118,0.980,178.899,69.791,22.976,28.681,flat,0
site_wb8fh6amr3,191,2024-07-10,3,7,6.018,1.346,59.554,15.030,0.000,0.593,0.433,0.754,215.041,65.601,29.482,18.476,flat,0
site_owpbo6i70y,186,2024-07-05,5,7,8.312,1.139,70.462,8.823,0.000,0.674,0.015,0.612,165.811,67.690,14.414,,critical_peak,0
site_i72zb352li,27,2024-01-28,0,1,14.896,3.119,62.921,17.850,0.000,0.672,0.356,0.827,,69.744,14.474,23.730,flat,0
site_12sjsgd733,123,2024-05-03,5,5,22.792,3.820,77.763,11.641,0.000,0.635,0.181,0.629,207.912,66.571,17.762,14.118,critical_peak,0
site_wb8fh6amr3,201,2024-07-20,6,7,2.613,1.796,70.560,12.891,0.000,0.681,0.435,0.664,248.549,74.058,29.655,16.185,time_of_use,1
site_lpvyddf2dp,43,2024-02-13,2,2,15.638,3.672,66.468,5.901,0.000,0.577,0.269,0.865,196.118,56.340,12.525,24.413,critical_peak,0
site_pyswc8o9g8,89,2024-03-30,6,3,26.079,3.825,65.116,16.017,0.000,0.793,0.040,0.638,224.985,53.941,11.729,18.130,critical_peak,1
site_oqtmdxfv99,30,2024-01-31,3,1,16.646,5.395,72.093,9.230,0.000,0.680,0.162,0.751,206.210,56.886,14.474,28.639,time_of_use,0
site_unn79reovm,175,2024-06-24,1,6,13.743,0.747,75.647,10.457,0.000,0.680,0.186,0.308,210.370,97.845,,21.025,time_of_use,0
site_unn79reovm,111,2024-04-21,0,4,21.710,4.635,62.428,5.462,0.000,0.705,0.015,0.569,155.031,68.891,15.036,19.028,time_of_use,0
site_hv02xi47qd,71,2024-03-12,2,3,25.699,4.258,47.173,18.439,0.000,0.508,0.199,0.872,201.577,74.787,25.296,24.489,critical_peak,0
site_12sjsgd733,67,2024-03-08,5,3,25.738,4.351,59.707,10.353,0.000,0.578,0.023,0.741,167.772,45.431,12.419,14.407,time_of_use,0
site_owpbo6i70y,96,2024-04-06,6,4,24.135,3.723,59.044,18.019,0.000,0.598,0.093,0.772,174.769,71.018,10.246,21.787,critical_peak,0
site_xms2f2z823,205,2024-07-24,3,7,4.254,1.818,77.058,13.673,,0.590,0.345,0.333,201.431,84.970,27.637,17.688,critical_peak,0
site_esvkso5p9a,171,2024-06-20,4,6,10.449,1.666,68.254,11.175,0.000,0.708,0.260,0.673,187.427,90.610,21.196,12.122,flat,0
site_azlkiez3zd,201,2024-07-20,6,7,10.731,1.920,66.999,9.333,0.000,0.686,0.273,0.527,208.487,69.747,15.148,27.945,time_of_use,0
site_i72zb352li,145,2024-05-25,6,5,14.587,2.345,66.577,4.363,0.000,0.705,0.234,0.799,186.854,86.887,11.343,33.889,flat,0
site_owpbo6i70y,116,2024-04-26,5,4,21.919,1.992,78.277,14.293,0.000,0.663,0.057,0.623,174.725,62.215,9.191,19.217,critical_peak,0
site_wb8fh6amr3,199,2024-07-18,4,7,4.592,0.515,69.602,12.255,0.000,0.669,0.245,0.630,218.569,82.920,21.602,17.640,flat,0
site_wkoe2l3dl1,122,2024-05-02,4,5,23.053,4.054,57.997,8.470,0.000,0.609,0.306,0.662,219.446,74.207,17.331,23.902,time_of_use,0
site_lpvyddf2dp,132,2024-05-12,0,5,16.328,1.837,52.944,17.512,0.000,0.653,0.423,0.731,201.486,57.704,27.219,21.309,critical_peak,0
site_lpvyddf2dp,229,2024-08-17,6,8,4.885,2.395,69.520,18.233,0.418,0.794,0.182,0.696,206.165,91.542,23.222,18.110,time_of_use,0
site_q96oxsn6t7,178,2024-06-27,4,6,15.847,1.295,77.846,19.433,0.797,0.529,0.092,0.667,186.061,56.092,8.137,26.200,critical_peak,0
site_wb8fh6amr3,223,2024-08-11,0,8,9.774,1.865,76.060,13.905,,0.736,0.301,0.562,164.200,69.897,24.262,22.059,critical_peak,1
site_jby3v59n6p,168,2024-06-17,1,6,10.310,1.573,66.712,10.030,0.000,0.711,0.293,0.433,215.309,59.183,19.859,17.817,critical_peak,0
site_oqtmdxfv99,107,2024-04-17,3,4,25.260,3.350,52.272,8.735,0.000,0.573,0.239,0.466,209.066,83.701,9.188,23.363,critical_peak,0
site_wkoe2l3dl1,236,2024-08-24,6,8,12.136,2.650,78.474,1.228,0.000,0.638,0.218,0.634,218.342,57.857,13.177,32.920,flat,0
site_lpvyddf2dp,200,2024-07-19,5,7,0.068,1.839,73.827,9.809,0.000,0.652,0.371,0.864,241.606,77.348,25.932,19.333,flat,0
site_lh13qhdxr8,161,2024-06-10,1,6,7.584,0.050,77.865,3.765,0.000,0.533,0.311,0.745,202.038,63.760,16.069,17.554,critical_peak,0
site_pyswc8o9g8,9,2024-01-10,3,1,5.261,3.779,61.282,13.892,0.000,0.660,0.065,0.544,213.144,59.025,3.791,17.701,flat,0
site_wb8fh6amr3,176,2024-06-25,2,6,8.524,1.484,74.398,9.908,0.588,0.692,0.300,0.612,210.500,86.574,25.545,15.038,time_of_use,0
site_owpbo6i70y,185,2024-07-04,4,7,12.235,1.352,79.479,4.017,0.000,0.553,0.145,0.474,148.517,64.131,7.053,16.699,time_of_use,0
site_9ueuoqbp8k,160,2024-06-09,0,6,9.806,3.751,68.694,11.209,0.000,0.754,0.360,0.743,201.729,63.968,26.272,21.635,critical_peak,0
site_8ttmv07z34,209,2024-07-28,0,7,5.874,0.556,77.284,14.164,0.000,0.480,0.137,0.371,207.871,60.066,19.909,20.080,flat,0
site_8a103kt75c,120,2024-04-30,2,4,20.263,3.090,58.432,4.544,0.000,0.751,0.357,0.615,,72.232,26.778,27.555,time_of_use,0
site_lpvyddf2dp,93,2024-04-03,3,4,24.261,4.097,61.904,12.931,0.000,0.710,0.254,0.692,190.715,69.718,15.037,27.577,time_of_use,0
site_8ttmv07z34,143,2024-05-23,4,5,13.036,2.553,64.505,8.013,0.000,0.565,0.060,0.504,186.292,64.242,8.538,21.062,critical_peak,0
site_lpvyddf2dp,226,2024-08-14,3,8,5.706,1.642,78.894,13.709,0.000,0.559,0.325,0.821,218.414,68.434,25.268,24.779,flat,0
site_8a103kt75c,94,2024-04-04,4,4,23.240,4.534,54.251,11.722,0.000,0.684,0.476,0.519,232.660,69.853,31.858,21.035,time_of_use,0
site_653fbtaxzy,61,2024-03-02,6,3,22.633,3.297,58.560,13.711,0.962,0.595,0.313,0.514,190.887,77.618,24.432,29.163,critical_peak,0
site_owpbo6i70y,200,2024-07-19,5,7,6.661,1.491,60.245,10.922,0.000,0.761,0.015,0.670,149.207,70.373,12.187,15.397,flat,0
site_hv02xi47qd,12,2024-01-13,6,1,10.978,3.823,76.551,17.520,0.000,0.681,0.179,0.728,183.235,76.398,22.103,28.467,time_of_use,0
site_i72zb352li,152,2024-06-01,6,6,13.961,1.429,50.167,7.551,9.645,0.603,0.159,0.388,156.213,67.409,7.995,31.308,critical_peak,0
site_653fbtaxzy,16,2024-01-17,3,1,14.081,2.960,75.246,9.869,0.602,0.586,0.255,0.354,212.087,77.618,14.574,13.533,critical_peak,0
site_lpvyddf2dp,195,2024-07-14,0,7,4.365,2.188,72.282,8.851,0.000,0.561,0.219,0.863,221.072,62.608,13.666,21.409,critical_peak,0
site_unn79reovm,63,2024-03-04,1,3,19.939,4.640,56.376,14.850,0.000,0.640,0.079,0.612,197.091,72.126,3.900,26.531,flat,0
site_owpbo6i70y,4,2024-01-05,5,1,6.725,2.695,68.279,18.752,0.000,0.618,0.105,0.754,181.421,68.780,15.709,16.626,time_of_use,0
site_xms2f2z823,89,2024-03-30,6,3,24.199,4.586,61.357,10.964,0.000,0.725,0.299,0.810,175.684,69.281,26.961,,critical_peak,0
site_9ueuoqbp8k,35,2024-02-05,1,2,25.283,3.799,66.383,15.870,0.000,0.632,0.192,0.571,194.459,56.067,28.920,25.623,critical_peak,0
site_pyswc8o9g8,46,2024-02-16,5,2,22.228,5.156,74.182,14.273,0.000,0.786,0.181,0.742,212.555,48.268,14.701,22.895,flat,0
site_9ueuoqbp8k,153,2024-06-02,0,6,10.833,1.468,61.880,,0.000,0.542,0.154,0.589,224.495,63.930,22.536,17.909,flat,0
site_owpbo6i70y,54,2024-02-24,6,2,22.507,4.411,62.947,15.720,2.513,0.790,0.015,0.809,169.820,81.813,19.823,18.078,flat,0
site_wb8fh6amr3,58,2024-02-28,3,2,20.742,4.243,68.171,12.043,0.000,0.620,0.256,0.597,155.872,59.409,18.037,16.256,time_of_use,0
site_esvkso5p9a,40,2024-02-10,6,2,18.757,4.290,63.028,9.330,0.436,0.697,0.181,0.692,195.369,72.916,20.504,13.011,time_of_use,0
site_653fbtaxzy,27,2024-01-28,0,1,15.781,2.730,59.005,8.847,0.000,0.726,0.280,0.567,209.565,83.029,17.068,18.810,flat,0
site_9ueuoqbp8k,148,2024-05-28,2,5,15.673,1.725,62.223,6.335,0.000,0.647,0.130,0.499,188.402,64.115,21.545,26.489,time_of_use,0
site_i72zb352li,107,2024-04-17,3,4,19.098,3.233,75.927,8.027,0.000,0.649,0.254,0.450,183.798,70.249,10.936,20.730,critical_peak,0
site_oqtmdxfv99,72,2024-03-13,3,3,25.418,5.175,64.245,15.246,,0.669,0.117,0.839,208.884,76.236,17.082,24.868,flat,0
site_unn79reovm,156,2024-06-05,3,6,9.212,1.439,72.578,8.766,0.000,0.543,0.015,0.381,198.281,69.826,5.395,24.651,time_of_use,0
site_wb8fh6amr3,149,2024-05-29,3,5,16.458,2.640,69.051,11.973,0.000,0.783,0.261,0.770,171.739,77.184,12.752,15.597,time_of_use,0
site_oqtmdxfv99,122,2024-05-02,4,5,19.960,3.633,61.137,19.402,0.000,0.771,0.178,0.696,203.297,76.161,11.084,24.000,time_of_use,0
site_lpvyddf2dp,134,2024-05-14,2,5,15.900,2.298,75.383,7.653,0.000,0.703,0.235,0.937,203.256,69.655,30.098,24.269,critical_peak,0
site_ruqwbu08ys,118,2024-04-28,0,4,20.619,2.801,64.393,3.802,0.000,0.404,0.230,0.686,208.839,46.368,13.222,16.913,flat,0
site_lh13qhdxr8,91,2024-04-01,1,4,28.130,5.549,66.438,6.605,0.000,0.665,0.245,0.750,163.034,73.546,25.334,30.012,flat,0
site_lh13qhdxr8,134,2024-05-14,2,5,17.874,2.331,71.397,12.367,0.000,0.578,0.093,0.735,190.136,79.241,16.230,15.813,critical_peak,0
site_lh13qhdxr8,6,2024-01-07,0,1,10.482,1.992,77.066,13.894,,0.601,0.159,0.719,185.646,81.343,16.332,21.673,critical_peak,0
site_q96oxsn6t7,101,2024-04-11,4,4,17.350,3.924,53.588,12.308,0.000,0.524,,0.683,170.021,77.114,24.014,23.626,flat,0
site_azlkiez3zd,165,2024-06-14,5,6,9.843,0.561,84.293,2.643,0.000,0.656,0.204,0.621,198.289,72.903,12.352,24.801,time_of_use,0
site_q96oxsn6t7,149,2024-05-29,3,5,13.817,2.371,82.891,8.305,0.673,0.585,0.140,0.855,185.443,64.370,12.170,28.298,time_of_use,0
site_azlkiez3zd,180,2024-06-29,6,6,8.261,2.359,79.225,12.954,0.000,0.747,0.294,0.929,168.626,82.236,23.510,21.445,flat,0
site_oqtmdxfv99,136,2024-05-16,4,5,14.029,4.185,67.580,12.596,2.344,0.693,0.015,0.867,184.080,57.906,11.572,31.788,flat,0
site_owpbo6i70y,24,2024-01-25,4,1,13.140,3.624,64.364,16.934,0.000,0.616,0.268,0.754,163.953,56.080,16.459,13.161,critical_peak,0
site_unn79reovm,237,2024-08-25,0,8,9.491,2.072,85.654,10.246,0.569,0.594,0.155,0.460,237.299,67.668,12.800,38.258,time_of_use,0
site_oqtmdxfv99,151,2024-05-31,5,5,13.799,2.728,76.421,6.335,0.000,0.503,0.217,0.608,156.116,71.854,14.375,21.355,critical_peak,0
site_l7o5bnkp2o,42,2024-02-12,1,2,18.253,4.529,58.238,15.686,0.000,0.487,0.321,0.789,195.798,53.672,24.699,26.149,critical_peak,0
site_9ueuoqbp8k,184,2024-07-03,3,7,9.203,0.692,81.049,13.748,0.601,0.683,0.216,0.548,182.284,54.384,19.997,23.746,time_of_use,1
site_cyoy81mba2,26,2024-01-27,6,1,16.806,2.497,59.899,10.511,0.000,0.685,0.300,0.634,180.299,65.391,14.929,22.527,critical_peak,0
site_jby3v59n6p,24,2024-01-25,4,1,12.690,4.115,62.164,12.852,0.000,0.652,0.045,0.742,192.782,55.688,10.366,20.071,critical_peak,0
site_12sjsgd733,165,2024-06-14,5,6,11.657,2.154,64.934,6.432,0.000,0.642,0.149,0.489,179.123,80.188,17.931,14.454,time_of_use,0
site_wkoe2l3dl1,11,2024-01-12,5,1,9.803,3.444,66.133,17.103,0.000,0.551,0.233,0.712,219.580,53.061,10.417,26.222,flat,0
site_i72zb352li,236,2024-08-24,6,8,5.906,1.612,62.135,17.930,0.000,0.732,0.280,0.439,200.352,74.681,21.176,16.857,flat,0
site_unn79reovm,181,2024-06-30,0,6,13.358,0.074,58.104,2.466,0.000,0.617,0.090,0.230,168.489,63.312,13.735,26.017,flat,0
site_ruqwbu08ys,195,2024-07-14,0,7,3.544,1.352,76.631,11.196,0.000,0.575,0.340,0.615,254.809,52.733,27.380,15.023,critical_peak,0
site_9ueuoqbp8k,121,2024-05-01,3,5,14.798,4.083,68.282,14.044,0.000,0.686,0.168,0.645,155.361,38.785,17.331,29.006,time_of_use,0
site_esvkso5p9a,58,2024-02-28,3,2,20.328,5.286,69.375,14.520,0.000,0.598,0.164,0.827,170.464,80.408,28.531,23.182,time_of_use,0
site_azlkiez3zd,58,2024-02-28,3,2,21.591,4.795,74.307,15.026,0.268,0.690,0.045,0.857,185.886,57.339,16.694,31.279,time_of_use,0
site_owpbo6i70y,164,2024-06-13,4,6,7.056,2.782,58.375,12.835,0.000,0.772,0.149,0.589,167.537,77.147,8.265,11.749,flat,0
site_owpbo6i70y,87,2024-03-28,4,3,22.746,3.414,62.307,14.320,0.000,0.744,0.026,0.852,188.120,79.071,13.033,16.772,critical_peak,1
site_jby3v59n6p,44,2024-02-14,3,2,18.716,5.042,68.889,13.841,0.000,0.449,0.196,0.578,211.980,68.485,17.511,28.069,critical_peak,0
site_xms2f2z823,125,2024-05-05,0,5,19.242,2.331,63.021,19.976,0.000,0.614,0.287,0.539,183.542,82.539,35.831,21.662,critical_peak,0
site_wkoe2l3dl1,14,2024-01-15,1,1,11.022,3.258,79.973,5.177,0.000,0.595,0.116,0.946,205.134,50.490,8.921,31.801,time_of_use,0
site_lh13qhdxr8,30,2024-01-31,3,1,17.739,2.724,59.362,4.810,0.000,0.629,0.152,0.814,184.081,79.695,20.352,20.816,time_of_use,0
site_wb8fh6amr3,144,2024-05-24,5,5,15.446,2.652,66.601,9.696,0.000,0.518,0.138,0.593,161.642,64.767,19.248,22.557,flat,0
site_12sjsgd733,169,2024-06-18,2,6,10.333,0.581,70.336,9.198,0.000,0.703,0.027,0.203,154.529,69.275,10.530,21.051,critical_peak,0
site_653fbtaxzy,90,2024-03-31,0,3,25.316,4.666,64.431,12.856,0.000,0.689,0.355,0.648,232.182,79.515,,23.736,flat,0
site_mmvs0z732r,138,2024-05-18,6,5,17.710,2.556,60.861,17.132,0.000,0.605,0.044,0.601,142.658,64.487,8.455,14.952,time_of_use,0
site_cyoy81mba2,79,2024-03-20,3,3,24.431,4.776,50.859,5.183,0.000,0.562,,0.826,170.895,58.925,25.226,16.136,critical_peak,0
site_653fbtaxzy,85,2024-03-26,2,3,25.362,4.848,55.965,11.488,0.000,0.666,0.306,0.665,174.665,86.660,19.347,29.981,time_of_use,0
site_unn79reovm,230,2024-08-18,0,8,,3.510,78.678,10.301,0.000,0.587,0.234,0.247,199.568,68.425,17.588,16.134,time_of_use,0
site_wb8fh6amr3,97,2024-04-07,0,4,24.263,3.062,39.771,14.578,0.000,0.688,0.349,0.770,154.010,66.222,31.540,21.320,critical_peak,0
site_xms2f2z823,231,2024-08-19,1,8,11.051,1.759,82.890,8.213,0.000,0.539,0.486,,203.124,60.582,26.077,14.201,critical_peak,0
site_ruqwbu08ys,25,2024-01-26,5,1,8.878,2.313,87.223,19.713,0.000,0.558,0.192,0.603,193.798,49.234,19.504,25.567,critical_peak,0
site_owpbo6i70y,113,2024-04-23,2,4,22.166,3.971,70.970,11.507,0.000,0.651,0.084,0.532,171.324,72.467,17.742,17.908,time_of_use,0
site_9ueuoqbp8k,156,2024-06-05,3,6,10.132,1.285,62.596,18.747,0.000,0.690,0.350,0.668,210.532,45.051,33.204,23.717,time_of_use,0
site_mmvs0z732r,211,2024-07-30,2,7,8.494,1.942,66.870,10.161,0.000,0.639,0.279,0.598,205.448,58.464,14.510,17.974,time_of_use,0
site_wb8fh6amr3,151,2024-05-31,5,5,11.897,1.899,62.527,12.801,0.000,0.624,0.224,0.636,191.656,85.117,25.726,28.814,critical_peak,0
site_ruqwbu08ys,129,2024-05-09,4,5,16.890,1.677,69.563,12.288,0.000,0.664,0.064,0.595,178.720,54.445,28.517,33.597,time_of_use,0
site_12sjsgd733,72,2024-03-13,3,3,20.669,3.632,59.297,11.615,0.000,0.661,0.021,0.641,164.824,57.833,16.626,20.178,flat,0
site_xms2f2z823,163,2024-06-12,3,6,7.513,0.607,58.555,11.916,0.000,0.612,0.268,0.523,187.850,68.154,19.854,18.565,flat,0
site_8a103kt75c,60,2024-03-01,5,3,23.332,3.867,54.624,8.346,3.381,0.656,0.279,0.605,223.850,64.030,16.424,22.389,critical_peak,0
site_wb8fh6amr3,230,2024-08-18,0,8,6.892,2.335,70.701,16.031,0.000,0.594,0.446,0.642,173.259,52.479,31.285,16.978,time_of_use,0
site_i72zb352li,225,2024-08-13,2,8,7.803,1.480,70.555,6.693,0.000,0.756,0.363,0.471,225.550,91.270,20.539,29.643,flat,0
site_esvkso5p9a,41,2024-02-11,0,2,20.805,3.339,71.325,7.585,0.000,0.640,0.150,0.766,214.407,64.929,14.561,15.516,time_of_use,0
site_lh13qhdxr8,215,2024-08-03,6,8,4.121,1.293,72.189,14.485,1.533,0.595,0.257,0.653,165.310,72.186,30.278,11.970,critical_peak,0
site_i72zb352li,20,2024-01-21,0,1,9.930,2.801,76.121,15.161,0.000,0.605,0.209,0.509,162.818,72.831,14.404,26.486,flat,0
site_8ttmv07z34,185,2024-07-04,4,7,6.403,1.338,70.311,11.192,0.000,0.570,0.168,0.408,183.295,56.466,24.196,40.678,time_of_use,0
site_xms2f2z823,41,2024-02-11,0,2,18.831,4.090,63.074,17.474,0.000,0.665,0.270,0.629,176.508,63.890,29.656,12.099,time_of_use,0
site_oqtmdxfv99,201,2024-07-20,6,7,7.600,1.137,87.706,9.251,0.000,0.702,0.195,0.591,207.797,84.804,21.049,30.036,time_of_use,0
site_8a103kt75c,78,2024-03-19,2,3,24.638,4.554,63.689,14.200,0.000,0.582,0.348,0.684,230.671,75.798,22.206,27.642,critical_peak,0
site_unn79reovm,154,2024-06-03,1,6,8.231,1.951,68.118,7.834,0.000,0.645,0.143,0.529,209.768,59.605,14.682,27.486,flat,0
site_653fbtaxzy,168,2024-06-17,1,6,14.028,1.422,72.292,7.753,0.000,0.677,0.205,0.598,195.935,67.019,20.508,11.570,critical_peak,0
site_i72zb352li,186,2024-07-05,5,7,4.223,0.634,56.629,12.603,0.000,0.789,0.286,0.404,217.917,88.105,17.507,27.119,critical_peak,0
site_lpvyddf2dp,179,2024-06-28,5,6,12.497,1.071,56.323,6.784,0.000,0.750,0.253,0.602,200.936,78.715,17.484,25.732,critical_peak,0
site_ruqwbu08ys,113,2024-04-23,2,4,21.054,3.648,71.094,7.518,1.695,0.572,0.155,0.715,201.722,59.292,8.113,28.116,time_of_use,0
site_8a103kt75c,17,2024-01-18,4,1,11.414,3.254,73.887,4.622,0.000,0.646,0.386,0.567,207.024,75.534,30.508,15.686,critical_peak,0
site_oqtmdxfv99,224,2024-08-12,1,8,-0.277,2.898,73.707,22.746,0.000,0.657,0.117,0.680,226.521,76.001,14.306,18.774,critical_peak,0
site_ruqwbu08ys,31,2024-02-01,4,2,18.703,2.515,70.523,10.852,0.000,0.538,0.159,0.776,193.982,70.511,22.626,13.222,time_of_use,0
site_ruqwbu08ys,145,2024-05-25,6,5,14.593,2.477,72.029,12.563,0.000,0.595,0.252,0.561,224.063,60.245,30.112,23.691,flat,1
site_lh13qhdxr8,71,2024-03-12,2,3,24.988,4.892,71.422,11.526,0.000,0.527,0.311,0.980,182.382,69.883,19.796,18.911,critical_peak,0
site_owpbo6i70y,127,2024-05-07,2,5,19.568,3.127,73.973,16.998,0.000,0.672,0.052,0.899,163.836,69.309,15.906,15.683,flat,0
site_653fbtaxzy,195,2024-07-14,0,7,7.204,1.944,69.863,8.094,0.000,0.746,0.314,0.409,248.619,94.359,18.204,19.349,critical_peak,1
site_8a103kt75c,118,2024-04-28,0,4,21.222,3.044,64.943,18.742,0.000,0.645,0.278,0.655,207.905,81.882,19.847,26.081,flat,0
site_oqtmdxfv99,221,2024-08-09,5,8,13.685,2.127,72.660,15.805,0.000,0.754,0.191,0.495,182.732,82.963,,25.033,time_of_use,0
site_cyoy81mba2,56,2024-02-26,1,2,23.410,3.601,66.393,13.351,0.000,0.609,0.227,0.675,202.428,78.333,11.238,27.102,flat,0
site_cyoy81mba2,148,2024-05-28,2,5,17.589,2.766,66.178,11.789,0.000,0.540,0.272,0.765,205.423,63.111,25.662,30.116,time_of_use,0
site_mmvs0z732r,163,2024-06-12,3,6,9.053,2.855,,8.030,0.000,0.504,0.152,0.836,194.615,59.358,21.045,17.994,flat,0
site_9ueuoqbp8k,71,2024-03-12,2,3,22.214,5.398,53.918,14.047,0.000,0.363,0.256,0.667,164.728,52.105,22.181,7.623,critical_peak,0
site_pyswc8o9g8,109,2024-04-19,5,4,29.373,3.782,64.288,13.880,0.000,0.626,0.032,0.916,214.489,,15.937,10.247,flat,0
site_jby3v59n6p,133,2024-05-13,1,5,21.527,3.002,56.359,13.048,0.000,0.597,0.264,0.530,188.280,50.502,20.965,20.692,critical_peak,0
site_unn79reovm,17,2024-01-18,4,1,8.752,3.288,80.695,17.580,0.000,0.686,0.109,0.360,184.345,65.132,8.325,11.480,critical_peak,0
site_cyoy81mba2,24,2024-01-25,4,1,12.457,3.624,68.156,8.143,0.000,0.734,0.155,0.619,184.066,59.298,16.260,26.522,critical_peak,0
site_q96oxsn6t7,53,2024-02-23,5,2,21.113,2.622,58.824,6.081,0.000,0.758,0.182,0.803,172.515,63.148,19.802,14.599,critical_peak,0
site_wkoe2l3dl1,15,2024-01-16,2,1,9.295,3.506,76.549,15.330,0.000,0.581,0.287,0.715,197.351,64.560,13.698,24.853,critical_peak,0
site_azlkiez3zd,94,2024-04-04,4,4,29.064,4.182,70.529,9.516,0.000,0.649,0.235,0.792,210.404,78.193,29.479,14.515,time_of_use,0
site_hv02xi47qd,124,2024-05-04,6,5,23.968,2.868,72.304,11.793,0.000,0.712,0.460,0.917,235.912,86.474,29.013,32.090,critical_peak,0
site_wkoe2l3dl1,213,2024-08-01,4,8,5.118,1.677,79.111,14.604,2.723,0.660,0.175,0.657,195.176,47.013,18.476,24.339,critical_peak,0
site_oqtmdxfv99,44,2024-02-14,3,2,21.936,4.132,63.017,20.473,0.000,0.780,0.092,0.685,197.721,76.798,17.244,36.587,critical_peak,0
site_12sjsgd733,164,2024-06-13,4,6,12.608,0.585,71.833,18.418,0.000,0.612,0.015,0.270,177.597,60.863,11.670,12.751,flat,0
site_lpvyddf2dp,176,2024-06-25,2,6,8.893,1.376,67.477,9.337,0.000,0.629,0.086,0.865,170.262,87.381,16.344,28.217,time_of_use,0
site_ruqwbu08ys,141,2024-05-21,2,5,16.900,3.173,81.066,12.655,0.000,0.691,0.065,0.615,180.325,75.110,25.229,19.787,critical_peak,0
site_mmvs0z732r,228,2024-08-16,5,8,12.028,0.497,69.714,14.895,0.000,0.602,0.145,0.580,192.848,50.659,12.383,16.286,time_of_use,0
site_l7o5bnkp2o,170,2024-06-19,3,6,13.559,1.813,57.754,8.526,0.000,0.497,0.344,0.593,212.620,,19.449,33.286,critical_peak,0
site_i72zb352li,117,2024-04-27,6,4,19.011,3.539,63.585,10.869,0.670,0.658,0.439,0.839,155.312,55.704,18.271,30.243,flat,0
site_i72zb352li,123,2024-05-03,5,5,19.012,3.523,71.373,0.733,0.000,0.530,0.306,0.771,227.599,75.453,13.441,21.817,critical_peak,0
site_pyswc8o9g8,99,2024-04-09,2,4,27.913,4.854,65.209,13.428,1.959,0.723,0.116,0.717,215.787,50.688,22.893,15.791,flat,0
site_lh13qhdxr8,133,2024-05-13,1,5,19.874,3.171,75.542,14.105,0.000,0.588,0.325,0.675,166.019,65.224,16.559,21.226,critical_peak,0
site_jby3v59n6p,108,2024-04-18,4,4,22.549,3.814,59.118,14.543,0.000,0.520,0.015,0.567,188.231,46.550,7.559,16.847,flat,1
site_cyoy81mba2,34,2024-02-04,0,2,19.703,3.457,62.470,6.282,0.000,0.718,0.026,0.546,172.948,68.272,15.624,25.409,critical_peak,0
site_cyoy81mba2,235,2024-08-23,5,8,9.510,3.810,74.175,11.571,0.000,0.683,0.100,0.719,172.904,49.341,14.873,31.788,flat,0
site_hv02xi47qd,209,2024-07-28,0,7,7.846,1.360,,10.015,0.000,0.650,0.288,0.344,213.851,73.997,24.509,29.275,flat,0
site_q96oxsn6t7,9,2024-01-10,3,1,11.369,1.931,82.986,3.960,0.000,0.629,0.148,0.653,187.742,57.207,19.302,,flat,0
site_l7o5bnkp2o,63,2024-03-04,1,3,23.661,3.463,77.184,13.308,0.000,0.744,0.087,0.591,213.850,56.237,13.792,22.517,flat,0
site_hv02xi47qd,157,2024-06-06,4,6,13.084,1.086,67.171,15.160,0.000,0.659,0.284,0.498,192.898,65.018,23.277,22.403,time_of_use,0
site_mmvs0z732r,178,2024-06-27,4,6,11.820,2.150,68.340,21.920,0.000,0.605,0.040,0.537,184.820,39.653,13.407,17.606,critical_peak,0
site_12sjsgd733,104,2024-04-14,0,4,21.759,2.361,62.915,8.609,0.000,0.735,0.015,0.373,176.391,62.069,14.286,26.070,time_of_use,0
site_ruqwbu08ys,49,2024-02-19,1,2,20.972,4.609,61.715,11.497,0.000,0.691,0.107,0.428,176.383,65.845,8.336,23.210,time_of_use,0
site_8ttmv07z34,122,2024-05-02,4,5,19.432,2.692,61.000,11.283,0.000,0.525,0.015,0.467,206.165,83.417,12.578,36.930,time_of_use,0
site_owpbo6i70y,182,2024-07-01,1,7,9.204,1.461,63.316,9.948,0.000,0.695,0.092,0.448,155.793,64.189,13.684,17.062,flat,0
site_azlkiez3zd,137,2024-05-17,5,5,18.042,2.756,68.991,11.246,0.000,0.663,0.278,0.772,191.567,64.400,22.784,17.623,flat,0
site_wb8fh6amr3,20,2024-01-21,0,1,13.937,2.444,71.617,17.366,2.129,0.525,0.369,0.645,177.198,48.557,21.640,14.360,flat,0
site_wkoe2l3dl1,112,2024-04-22,1,4,22.726,3.068,62.622,13.788,0.000,0.602,0.175,0.791,204.848,46.673,18.849,21.907,time_of_use,0
site_9ueuoqbp8k,91,2024-04-01,1,4,24.659,4.472,55.285,8.234,0.000,0.536,0.348,0.967,221.938,62.104,27.024,15.288,flat,0
site_wkoe2l3dl1,147,2024-05-27,1,5,9.797,1.103,59.469,14.610,0.000,0.618,0.297,0.608,178.395,56.622,6.778,25.606,time_of_use,0
site_8ttmv07z34,99,2024-04-09,2,4,23.188,4.345,62.758,4.855,0.000,0.625,0.174,0.640,225.568,59.513,15.591,16.460,flat,0
site_8a103kt75c,22,2024-01-23,2,1,17.122,2.743,75.068,14.602,3.597,0.795,0.200,0.516,174.355,84.203,21.269,32.915,time_of_use,0
site_i72zb352li,65,2024-03-06,3,3,19.188,4.892,62.896,15.773,0.000,0.491,0.361,0.770,164.493,65.624,25.419,29.957,flat,0
site_hv02xi47qd,107,2024-04-17,3,4,23.802,3.369,58.488,5.551,0.000,0.619,0.232,0.729,193.262,62.148,28.511,23.551,critical_peak,0
site_653fbtaxzy,26,2024-01-27,6,1,15.034,2.796,70.624,16.671,0.000,0.671,0.410,0.429,196.086,79.035,19.814,22.093,critical_peak,0
site_lh13qhdxr8,22,2024-01-23,2,1,16.771,3.622,69.890,9.088,0.000,0.596,0.120,0.797,176.397,79.976,13.183,21.336,time_of_use,0
site_jby3v59n6p,89,2024-03-30,6,3,26.417,3.518,56.985,8.449,1.407,0.666,0.124,0.482,225.923,66.178,16.161,26.598,critical_peak,0
site_q96oxsn6t7,207,2024-07-26,5,7,11.498,1.847,69.197,11.016,0.000,0.652,0.109,0.690,191.421,61.698,26.147,33.117,flat,0
site_12sjsgd733,81,2024-03-22,5,3,27.533,4.044,63.038,10.575,0.000,0.500,0.202,0.474,194.021,76.639,18.453,28.951,flat,0
site_8ttmv07z34,230,2024-08-18,0,8,5.206,1.959,61.789,20.236,0.000,0.606,0.241,0.519,179.632,62.557,22.897,23.073,time_of_use,1
site_oqtmdxfv99,196,2024-07-15,1,7,7.680,1.125,70.010,13.427,0.000,0.708,0.114,0.649,205.284,88.322,14.982,22.288,critical_peak,0
site_ruqwbu08ys,90,2024-03-31,0,3,25.886,4.285,63.062,18.780,0.000,0.557,0.359,0.727,217.299,64.313,27.456,20.274,flat,0
site_9ueuoqbp8k,172,2024-06-21,5,6,9.710,1.430,71.211,7.623,0.000,0.573,0.233,0.465,200.565,57.645,21.208,20.028,flat,0
site_9ueuoqbp8k,193,2024-07-12,5,7,5.397,1.227,60.340,15.969,0.000,0.472,0.265,0.431,185.824,59.064,16.966,18.676,time_of_use,0
site_esvkso5p9a,55,2024-02-25,0,2,25.009,3.796,55.370,20.085,0.000,0.642,0.344,0.895,240.277,76.571,13.032,17.674,flat,0
site_9ueuoqbp8k,223,2024-08-11,0,8,8.250,1.744,83.825,5.005,0.000,0.639,0.310,0.585,180.866,61.319,25.978,24.436,critical_peak,0
site_l7o5bnkp2o,181,2024-06-30,0,6,4.475,2.135,86.276,17.805,1.416,0.658,0.324,0.845,212.227,65.932,20.188,23.410,flat,0
site_653fbtaxzy,98,2024-04-08,1,4,24.758,3.038,55.797,6.366,0.000,0.599,0.263,0.643,232.915,70.530,25.940,21.198,critical_peak,0
site_wb8fh6amr3,48,2024-02-18,0,2,19.712,3.131,59.941,12.995,0.000,0.621,0.294,0.610,185.550,69.067,23.577,32.704,time_of_use,0
site_xms2f2z823,208,2024-07-27,6,7,4.391,2.272,72.420,15.972,0.000,0.736,0.441,0.435,201.140,66.017,23.831,32.893,flat,0
site_cyoy81mba2,127,2024-05-07,2,5,20.257,4.004,66.926,8.989,0.000,0.630,0.156,0.893,185.805,63.870,22.254,20.747,flat,0
site_8a103kt75c,2,2024-01-03,3,1,6.234,3.326,70.775,8.552,0.000,0.723,0.212,0.765,196.729,73.504,27.432,24.952,flat,1
site_pyswc8o9g8,69,2024-03-10,0,3,23.055,4.574,60.256,13.659,0.000,0.757,0.132,0.792,165.050,65.358,18.972,13.039,critical_peak,0
site_unn79reovm,4,2024-01-05,5,1,5.977,2.577,78.160,18.260,0.000,0.611,0.056,0.219,207.412,85.775,13.648,19.579,time_of_use,0
site_cyoy81mba2,135,2024-05-15,3,5,18.192,2.915,53.539,13.908,0.796,0.601,0.202,0.777,165.426,55.828,20.358,21.727,flat,0
site_8a103kt75c,79,2024-03-20,3,3,31.735,3.474,55.679,7.758,0.000,0.647,0.510,0.798,252.594,55.194,33.512,18.419,critical_peak,0
site_12sjsgd733,98,2024-04-08,1,4,26.484,3.714,49.604,12.631,0.000,0.607,0.182,0.392,177.567,62.480,20.156,17.789,critical_peak,0
site_xms2f2z823,133,2024-05-13,1,5,17.684,2.946,56.868,15.020,0.000,0.681,0.402,0.412,186.198,77.973,23.209,22.765,critical_peak,0
site_lpvyddf2dp,54,2024-02-24,6,2,24.071,5.426,67.829,14.954,0.000,0.601,0.283,0.585,227.924,86.212,22.126,18.642,flat,0
site_lpvyddf2dp,227,2024-08-15,4,8,9.817,2.040,79.446,8.013,0.000,0.795,0.306,0.599,186.090,70.975,24.472,25.087,flat,0
site_q96oxsn6t7,190,2024-07-09,2,7,3.342,0.820,74.941,17.754,0.000,0.700,0.085,0.721,172.012,58.602,19.293,29.730,flat,0
site_lh13qhdxr8,61,2024-03-02,6,3,23.460,2.736,69.063,16.205,3.574,0.586,0.247,0.610,185.314,63.068,23.687,21.909,critical_peak,0
site_q96oxsn6t7,19,2024-01-20,6,1,15.074,3.280,79.701,16.457,0.000,0.628,0.147,0.798,167.647,57.921,13.451,32.547,flat,0
site_q96oxsn6t7,237,2024-08-25,0,8,7.796,3.414,67.836,17.131,0.000,0.495,0.227,0.701,144.815,,22.022,20.937,time_of_use,0
site_8ttmv07z34,31,2024-02-01,4,2,16.727,4.205,77.178,9.949,0.000,0.633,0.196,0.498,203.848,62.097,19.545,23.058,time_of_use,0
site_wb8fh6amr3,8,2024-01-09,2,1,9.842,2.476,58.416,4.008,0.000,0.763,0.349,0.632,197.126,71.427,24.513,21.492,critical_peak,0
site_q96oxsn6t7,216,2024-08-04,0,8,10.094,1.743,73.131,14.270,0.000,0.633,0.312,0.860,203.353,61.441,27.600,16.856,flat,0
site_8a103kt75c,154,2024-06-03,1,6,10.337,1.729,78.736,10.935,0.000,0.759,0.355,0.453,206.762,75.550,25.207,25.138,flat,0
site_12sjsgd733,3,2024-01-04,4,1,9.669,2.143,69.396,6.139,0.000,0.700,0.050,0.323,185.687,56.966,9.050,22.093,time_of_use,0
site_12sjsgd733,36,2024-02-06,2,2,16.482,3.495,70.378,11.352,0.000,0.686,0.015,0.339,180.490,72.485,13.831,21.832,flat,0
site_9ueuoqbp8k,208,2024-07-27,6,7,4.299,1.007,72.419,12.222,0.000,0.640,0.391,0.300,209.749,61.960,28.437,,flat,0
site_i72zb352li,113,2024-04-23,2,4,25.654,3.941,44.429,9.022,0.000,0.703,0.326,0.603,183.269,91.592,22.416,27.425,time_of_use,0
site_cyoy81mba2,124,2024-05-04,6,5,20.928,2.497,62.529,13.843,0.000,0.647,0.220,0.550,171.743,59.977,16.120,24.121,critical_peak,0
site_lpvyddf2dp,223,2024-08-11,0,8,9.291,1.763,80.103,8.036,,0.662,0.391,0.823,204.091,76.318,25.520,29.598,critical_peak,0
site_azlkiez3zd,79,2024-03-20,3,3,24.257,3.176,45.102,0.870,0.000,0.677,0.257,0.832,190.780,91.044,14.467,23.457,critical_peak,0
site_esvkso5p9a,85,2024-03-26,2,3,25.910,3.499,,18.361,0.000,0.581,0.200,0.937,226.881,58.687,20.681,18.266,time_of_use,0
site_i72zb352li,161,2024-06-10,1,6,9.365,2.012,64.347,,0.000,0.633,0.342,0.731,203.993,95.303,15.808,23.364,critical_peak,0
site_owpbo6i70y,203,2024-07-22,1,7,6.933,1.362,62.308,13.017,0.000,0.606,0.030,0.551,164.930,,11.635,8.023,time_of_use,0
site_q96oxsn6t7,108,2024-04-18,4,4,,3.328,58.519,9.017,0.000,0.493,0.015,0.972,163.852,71.161,6.385,27.605,flat,0
site_azlkiez3zd,159,2024-06-08,6,6,7.147,1.887,67.384,9.329,7.135,0.909,0.250,0.700,172.401,80.453,12.562,18.241,critical_peak,0
site_mmvs0z732r,122,2024-05-02,4,5,20.818,1.554,62.676,10.890,1.553,0.564,0.015,0.637,187.231,66.025,16.610,16.940,time_of_use,0
site_8ttmv07z34,20,2024-01-21,0,1,5.567,2.903,74.569,5.715,0.000,0.683,0.035,0.430,179.380,72.076,14.320,18.715,flat,0
site_l7o5bnkp2o,196,2024-07-15,1,7,10.792,2.588,73.572,8.981,0.000,0.543,0.244,0.865,205.995,54.069,16.077,21.878,critical_peak,0
site_wb8fh6amr3,60,2024-03-01,5,3,24.866,3.298,65.048,9.623,0.000,0.595,0.250,0.808,183.544,60.496,18.311,20.515,critical_peak,0
site_ruqwbu08ys,218,2024-08-06,2,8,6.628,1.423,80.799,4.338,0.000,0.668,0.198,0.334,179.526,55.551,17.792,26.617,flat,0
site_azlkiez3zd,190,2024-07-09,2,7,8.317,2.385,66.039,13.271,0.000,0.673,0.219,0.624,158.075,83.110,26.811,30.292,flat,0
site_owpbo6i70y,172,2024-06-21,5,6,9.950,0.257,70.569,10.562,0.000,0.616,0.164,0.338,154.414,67.198,13.467,26.619,flat,0
site_ruqwbu08ys,86,2024-03-27,3,3,24.352,5.108,46.896,10.397,0.000,0.504,0.298,0.806,191.509,57.816,19.971,11.741,time_of_use,0
site_l7o5bnkp2o,54,2024-02-24,6,2,21.126,3.641,54.113,7.475,0.000,0.602,0.198,0.719,194.413,75.205,18.977,22.648,flat,0
site_lpvyddf2dp,81,2024-03-22,5,3,29.111,2.974,66.462,8.786,0.000,0.583,0.335,0.797,211.407,66.820,23.476,19.057,flat,0
site_12sjsgd733,138,2024-05-18,6,5,11.647,2.327,80.447,11.589,0.000,0.734,0.063,0.267,136.712,69.338,15.576,19.840,time_of_use,0
site_q96oxsn6t7,181,2024-06-30,0,6,6.199,1.351,72.070,8.354,0.000,0.500,0.065,0.702,145.144,69.873,25.665,25.929,flat,0
site_wkoe2l3dl1,57,2024-02-27,2,2,22.188,4.589,58.995,11.012,0.000,0.586,0.293,0.903,190.105,61.871,19.381,26.300,time_of_use,0
site_lh13qhdxr8,132,2024-05-12,0,5,19.647,1.630,72.751,20.333,0.000,0.647,0.163,0.685,162.734,69.946,18.133,19.730,critical_peak,0
site_jby3v59n6p,11,2024-01-12,5,1,10.104,3.611,76.193,6.644,0.000,0.548,0.035,0.615,161.578,74.261,7.541,18.926,flat,0
site_lh13qhdxr8,211,2024-07-30,2,7,9.137,1.033,81.631,15.184,0.000,0.744,0.264,0.442,168.131,66.435,27.433,27.083,time_of_use,0
site_lpvyddf2dp,220,2024-08-08,4,8,4.607,1.607,83.721,11.734,0.000,0.879,0.294,0.847,237.309,75.970,20.621,15.475,time_of_use,0
site_owpbo6i70y,202,2024-07-21,0,7,0.922,2.245,83.385,13.713,0.000,0.637,0.227,0.623,,62.468,20.208,27.790,time_of_use,0
site_ruqwbu08ys,182,2024-07-01,1,7,6.760,2.457,72.209,14.163,0.000,0.659,0.161,0.684,225.693,67.435,20.600,19.741,flat,0
site_8a103kt75c,177,2024-06-26,3,6,11.828,0.050,48.833,6.830,0.000,0.714,0.501,0.399,243.219,74.582,26.128,13.039,critical_peak,0
site_l7o5bnkp2o,147,2024-05-27,1,5,14.354,1.380,77.823,9.938,0.000,0.679,0.117,0.525,201.555,64.243,17.862,15.679,time_of_use,0
site_jby3v59n6p,230,2024-08-18,0,8,,2.863,60.651,11.272,0.406,0.677,0.257,0.402,234.231,60.516,24.370,22.632,time_of_use,0
site_lpvyddf2dp,206,2024-07-25,4,7,7.092,1.569,73.166,4.984,0.000,0.778,0.296,0.646,226.301,,23.485,24.403,critical_peak,0
site_cyoy81mba2,110,2024-04-20,6,4,23.340,4.267,68.883,17.241,0.000,0.619,0.212,0.927,199.329,73.702,22.613,24.227,flat,0
site_oqtmdxfv99,169,2024-06-18,2,6,8.380,2.031,73.442,15.650,0.000,0.609,0.090,0.545,183.558,69.686,16.643,21.348,critical_peak,0
site_xms2f2z823,54,2024-02-24,6,2,19.617,4.245,42.538,16.476,0.000,0.644,0.340,0.852,183.141,65.176,24.438,23.423,flat,0
site_i72zb352li,112,2024-04-22,1,4,24.161,3.012,63.918,11.036,0.000,0.601,0.284,0.603,181.804,87.217,17.585,16.828,time_of_use,0
site_lpvyddf2dp,216,2024-08-04,0,8,5.346,3.044,62.426,14.955,0.000,0.592,0.218,0.816,238.475,89.292,29.315,31.309,flat,0
site_unn79reovm,27,2024-01-28,0,1,18.546,4.409,57.747,14.311,5.655,0.714,0.091,0.597,193.090,67.121,12.052,17.433,flat,0
site_lh13qhdxr8,45,2024-02-15,4,2,19.553,3.767,51.121,9.220,0.000,0.512,0.262,0.924,173.916,89.923,24.546,16.832,flat,0
site_pyswc8o9g8,12,2024-01-13,6,1,12.385,3.753,61.732,13.637,0.000,0.608,0.015,0.639,227.529,54.107,17.746,15.138,time_of_use,0
site_8a103kt75c,121,2024-05-01,3,5,18.808,1.574,52.460,4.401,0.000,0.763,0.320,0.606,235.117,74.108,16.383,26.817,time_of_use,0
site_lpvyddf2dp,203,2024-07-22,1,7,3.893,2.687,78.837,6.909,0.000,0.787,0.116,0.764,202.567,86.881,19.950,39.016,time_of_use,0
site_l7o5bnkp2o,158,2024-06-07,5,6,8.220,1.546,51.479,15.385,0.000,0.807,0.293,0.444,200.388,61.569,23.524,17.891,time_of_use,0
site_azlkiez3zd,112,2024-04-22,1,4,25.165,3.567,62.945,10.164,0.000,0.677,0.101,0.901,160.974,73.623,16.634,26.015,time_of_use,0
site_i72zb352li,217,2024-08-05,1,8,10.899,3.010,73.701,9.762,0.000,0.614,0.155,0.381,,88.997,18.052,19.186,flat,0
site_ruqwbu08ys,221,2024-08-09,5,8,3.184,1.690,62.995,15.208,0.000,0.525,0.362,0.424,227.029,71.076,23.604,14.451,time_of_use,0
site_esvkso5p9a,118,2024-04-28,0,4,16.996,2.620,54.569,5.510,0.000,0.650,,0.737,166.202,77.809,15.635,26.987,flat,0
site_wb8fh6amr3,204,2024-07-23,2,7,3.026,0.750,70.713,16.055,0.000,0.595,0.405,0.388,229.607,63.191,,19.487,critical_peak,0
site_8ttmv07z34,182,2024-07-01,1,7,7.537,2.341,73.085,19.268,0.000,0.460,0.030,0.426,180.948,70.813,17.741,24.366,flat,0
site_cyoy81mba2,187,2024-07-06,6,7,6.170,1.073,78.951,13.878,0.000,0.633,0.254,0.383,185.836,69.286,18.656,17.390,critical_peak,0
site_hv02xi47qd,69,2024-03-10,0,3,25.184,5.161,75.179,6.407,0.000,0.694,0.490,0.740,182.637,77.372,28.605,14.765,critical_peak,0
site_lh13qhdxr8,92,2024-04-02,2,4,24.512,4.297,62.177,21.850,0.000,0.538,0.244,0.723,150.838,65.994,24.492,20.044,flat,0
site_8ttmv07z34,61,2024-03-02,6,3,21.455,4.406,51.071,5.068,0.000,0.755,0.121,0.520,198.044,50.757,13.982,13.580,critical_peak,0
site_lpvyddf2dp,151,2024-05-31,5,5,11.298,2.557,71.252,9.887,0.000,0.795,0.301,0.685,196.043,91.343,23.436,21.890,critical_peak,0
site_wkoe2l3dl1,23,2024-01-24,3,1,16.099,4.826,73.332,3.347,0.000,0.451,0.215,0.812,157.908,67.809,20.490,26.066,time_of_use,0
site_wb8fh6amr3,137,2024-05-17,5,5,17.851,3.720,67.419,4.781,0.000,0.699,0.291,0.668,184.546,61.250,22.387,16.192,flat,0
site_azlkiez3zd,8,2024-01-09,2,1,11.950,1.689,79.788,8.554,0.000,0.678,0.135,0.592,186.006,64.026,17.882,16.244,critical_peak,0
site_wkoe2l3dl1,104,2024-04-14,0,4,21.547,3.984,66.797,9.538,0.000,0.632,0.423,0.944,211.188,63.011,15.483,28.917,time_of_use,0
site_l7o5bnkp2o,92,2024-04-02,2,4,23.581,4.229,71.676,6.286,0.000,0.655,0.198,0.579,168.806,54.713,22.176,10.361,flat,0
site_pyswc8o9g8,47,2024-02-17,6,2,23.164,3.007,48.531,10.921,0.000,0.712,0.237,,187.462,52.010,26.172,17.150,flat,0
site_lh13qhdxr8,97,2024-04-07,0,4,23.052,3.230,52.150,0.873,0.000,0.583,0.153,0.464,180.508,74.191,19.305,14.277,critical_peak,0
site_ruqwbu08ys,9,2024-01-10,3,1,8.785,2.708,65.594,9.217,0.000,0.523,0.231,0.717,206.908,66.064,25.636,19.351,flat,0
site_mmvs0z732r,67,2024-03-08,5,3,25.583,4.314,61.190,7.141,0.000,0.581,0.015,0.852,187.614,43.785,15.558,30.959,time_of_use,1
site_mmvs0z732r,126,2024-05-06,1,5,20.912,2.082,69.169,11.055,0.000,0.549,0.111,0.542,158.005,68.207,14.218,17.374,flat,0
site_9ueuoqbp8k,2,2024-01-03,3,1,10.173,2.191,65.448,14.925,0.000,0.638,0.201,0.676,191.871,55.031,17.002,16.427,flat,0
site_9ueuoqbp8k,140,2024-05-20,1,5,16.293,3.042,65.323,5.994,0.000,0.565,0.145,0.531,207.358,54.870,18.983,23.848,time_of_use,0
site_cyoy81mba2,19,2024-01-20,6,1,9.602,3.636,69.647,15.252,0.000,0.792,0.065,0.701,195.751,63.701,12.320,26.294,flat,0
site_i72zb352li,231,2024-08-19,1,8,9.791,0.781,74.670,7.309,0.000,0.607,0.270,0.534,194.089,70.910,12.042,26.395,critical_peak,0
site_mmvs0z732r,31,2024-02-01,4,2,15.650,2.986,56.765,15.888,0.000,0.574,0.166,0.848,179.767,64.476,15.706,22.954,time_of_use,0
site_wb8fh6amr3,112,2024-04-22,1,4,22.497,2.830,79.003,15.655,0.000,0.769,0.244,0.808,175.279,87.562,20.146,13.392,time_of_use,0
site_pyswc8o9g8,148,2024-05-28,2,5,9.355,4.100,79.281,15.492,0.000,0.568,0.031,0.747,209.927,47.807,16.876,10.281,time_of_use,0
site_l7o5bnkp2o,65,2024-03-06,3,3,22.270,5.202,69.559,7.073,0.000,0.714,0.197,0.749,181.846,41.109,15.438,19.353,flat,0
site_oqtmdxfv99,231,2024-08-19,1,8,10.724,1.674,70.262,0.516,0.000,,0.199,0.586,211.582,93.572,21.583,18.056,critical_peak,0
site_jby3v59n6p,113,2024-04-23,2,4,21.017,3.027,55.226,9.484,0.000,0.584,0.167,0.610,229.895,51.352,22.686,23.158,time_of_use,0
site_unn79reovm,231,2024-08-19,1,8,4.261,1.583,70.726,9.600,0.000,0.768,0.221,0.555,216.841,83.226,17.615,20.283,critical_peak,0
site_mmvs0z732r,145,2024-05-25,6,5,14.337,3.446,76.593,6.186,0.000,0.673,0.023,0.695,165.477,83.607,6.681,28.599,flat,0
site_i72zb352li,195,2024-07-14,0,7,4.382,1.237,81.248,10.130,0.000,0.705,0.291,0.233,201.053,71.558,24.020,21.352,critical_peak,0
site_esvkso5p9a,189,2024-07-08,1,7,10.190,3.392,89.174,8.445,0.000,0.692,0.233,0.589,185.514,63.818,20.181,17.017,flat,0
site_l7o5bnkp2o,33,2024-02-03,6,2,13.797,4.715,72.940,14.359,0.000,0.797,0.188,0.899,183.491,51.252,26.887,20.872,critical_peak,0
site_ruqwbu08ys,124,2024-05-04,6,5,24.763,3.396,65.407,6.689,0.000,0.611,0.372,0.535,195.829,64.046,22.171,14.946,critical_peak,0
site_12sjsgd733,38,2024-02-08,4,2,17.491,4.346,65.463,10.481,2.491,0.652,0.147,0.457,159.276,58.473,18.192,26.157,flat,0
site_hv02xi47qd,131,2024-05-11,6,5,17.661,2.539,65.133,8.485,0.000,0.677,0.367,0.770,207.815,74.812,19.463,24.300,time_of_use,1
site_pyswc8o9g8,90,2024-03-31,0,3,23.658,3.600,73.041,6.203,0.000,0.640,0.040,0.902,204.698,62.094,13.232,25.131,flat,0
site_esvkso5p9a,156,2024-06-05,3,6,13.872,,66.285,12.559,0.000,0.737,0.251,0.552,207.051,84.182,15.934,21.655,time_of_use,0
site_653fbtaxzy,176,2024-06-25,2,6,12.567,1.381,62.238,5.752,0.000,0.582,0.165,0.250,220.056,62.883,20.912,16.814,time_of_use,0
site_l7o5bnkp2o,168,2024-06-17,1,6,8.238,0.869,64.254,11.939,0.000,0.591,0.242,0.439,208.930,58.473,14.801,23.005,critical_peak,0
site_i72zb352li,130,2024-05-10,5,5,21.477,3.305,77.524,8.206,0.000,0.630,0.396,0.580,199.409,75.792,24.212,19.537,time_of_use,0
site_lh13qhdxr8,4,2024-01-05,5,1,10.659,1.885,79.536,18.246,0.000,0.552,0.152,0.652,140.854,72.344,16.723,12.374,time_of_use,0
site_esvkso5p9a,77,2024-03-18,1,3,20.007,4.490,71.550,13.694,0.000,0.506,0.252,0.656,196.640,67.698,,17.282,time_of_use,0
site_xms2f2z823,193,2024-07-12,5,7,6.674,1.908,67.163,7.786,0.000,0.611,0.428,0.407,186.941,73.972,32.779,29.765,time_of_use,0
site_owpbo6i70y,227,2024-08-15,4,8,4.282,1.944,67.426,12.706,,0.721,0.210,0.533,192.413,74.252,18.314,25.975,flat,0
site_hv02xi47qd,42,2024-02-12,1,2,19.301,4.832,63.275,8.178,0.000,0.588,0.250,0.871,174.601,85.167,20.988,23.001,critical_peak,1
site_owpbo6i70y,78,2024-03-19,2,3,23.502,3.953,65.089,11.275,0.000,0.722,0.214,0.760,181.629,86.441,15.517,34.464,critical_peak,0
site_lh13qhdxr8,29,2024-01-30,2,1,14.695,3.421,64.557,17.881,0.000,0.703,0.227,0.870,159.781,55.308,25.932,25.167,flat,0
site_mmvs0z732r,94,2024-04-04,4,4,23.524,3.375,72.589,12.078,0.000,0.594,0.211,0.426,187.494,62.284,15.194,21.837,time_of_use,0
site_esvkso5p9a,138,2024-05-18,6,5,18.153,1.663,58.556,5.006,0.000,0.751,0.205,0.754,185.663,88.937,19.363,17.468,time_of_use,0
site_owpbo6i70y,148,2024-05-28,2,5,10.694,,63.469,17.691,0.000,0.624,0.057,0.457,147.349,60.552,6.818,16.409,time_of_use,0
site_azlkiez3zd,163,2024-06-12,3,6,13.220,2.117,73.533,11.923,0.000,0.654,0.196,0.624,148.508,73.060,19.516,29.309,flat,0
site_esvkso5p9a,229,2024-08-17,6,8,10.684,1.553,87.452,13.175,0.000,0.745,0.217,0.610,,86.072,23.742,15.403,time_of_use,0
site_unn79reovm,227,2024-08-15,4,8,14.686,1.236,72.070,13.551,0.000,0.726,0.100,0.486,226.361,76.278,15.621,26.463,flat,0
site_9ueuoqbp8k,23,2024-01-24,3,1,12.981,3.880,66.830,17.289,0.000,0.686,0.393,0.614,228.041,68.392,16.522,27.659,time_of_use,0
site_i72zb352li,153,2024-06-02,0,6,15.498,1.912,82.960,11.481,0.000,0.729,0.189,0.535,197.928,74.959,20.025,27.139,flat,0
site_wb8fh6amr3,153,2024-06-02,0,6,12.661,1.750,67.674,15.058,,0.665,0.397,0.781,168.251,58.512,28.849,22.065,flat,0
site_jby3v59n6p,140,2024-05-20,1,5,15.342,2.796,58.634,20.538,0.000,0.602,0.138,0.607,178.995,54.405,17.992,23.420,time_of_use,0
site_mmvs0z732r,9,2024-01-10,3,1,8.871,4.028,60.797,9.773,0.000,0.689,0.035,0.565,145.576,61.116,7.599,17.198,flat,0
site_q96oxsn6t7,17,2024-01-18,4,1,14.970,3.253,70.824,6.446,0.000,0.588,0.015,0.721,172.390,59.053,9.239,24.785,critical_peak,0
site_esvkso5p9a,20,2024-01-21,0,1,14.718,3.165,83.922,11.862,0.000,0.784,0.163,0.761,173.321,71.379,18.917,13.087,flat,0
site_oqtmdxfv99,174,2024-06-23,0,6,10.292,1.940,78.955,11.506,0.000,0.777,0.251,0.614,180.421,75.823,23.788,26.256,time_of_use,0
site_8ttmv07z34,141,2024-05-21,2,5,16.098,2.764,58.659,10.196,0.000,0.664,0.227,0.492,211.027,82.812,23.872,30.144,critical_peak,0
site_lpvyddf2dp,10,2024-01-11,4,1,13.660,2.810,66.387,8.424,0.000,0.594,0.089,0.664,,78.335,20.321,20.423,flat,0
site_lpvyddf2dp,194,2024-07-13,6,7,7.157,1.934,62.035,12.583,0.000,0.630,0.340,0.801,195.922,77.166,20.635,23.976,time_of_use,1
site_azlkiez3zd,170,2024-06-19,3,6,8.205,3.679,65.829,9.819,0.000,0.757,0.179,0.956,189.191,57.591,30.157,15.742,critical_peak,0
site_unn79reovm,146,2024-05-26,0,5,15.568,2.754,64.573,9.840,0.000,0.714,0.097,0.496,200.851,87.573,12.075,28.186,flat,0
site_oqtmdxfv99,230,2024-08-18,0,8,5.757,1.132,68.477,11.610,0.000,0.696,0.153,0.372,202.357,78.711,10.825,19.786,time_of_use,0
site_mmvs0z732r,120,2024-04-30,2,4,24.825,4.135,59.037,17.485,0.000,0.585,0.081,0.928,182.099,69.743,12.038,19.889,time_of_use,0
site_hv02xi47qd,103,2024-04-13,6,4,25.983,4.083,60.133,12.484,0.000,0.748,0.202,0.716,213.748,70.894,17.567,31.541,time_of_use,0
site_8a103kt75c,232,2024-08-20,2,8,7.814,2.703,71.994,15.904,0.000,0.621,0.444,0.555,182.725,87.003,19.321,21.599,critical_peak,0
site_xms2f2z823,239,2024-08-27,2,8,10.314,3.657,56.618,11.901,0.000,0.533,0.303,0.450,173.287,72.652,18.042,30.672,time_of_use,0
site_jby3v59n6p,79,2024-03-20,3,3,29.568,3.689,61.644,7.911,0.000,0.485,0.192,,228.934,62.869,18.665,19.946,critical_peak,0
site_esvkso5p9a,142,2024-05-22,3,5,12.360,3.090,62.223,,,0.674,0.170,0.914,187.633,79.064,12.032,17.499,critical_peak,1
site_mmvs0z732r,102,2024-04-12,5,4,26.061,3.966,54.884,8.624,0.000,0.515,0.072,0.671,173.760,56.925,17.079,18.935,time_of_use,0
site_mmvs0z732r,30,2024-01-31,3,1,13.186,3.068,59.930,14.899,0.000,0.725,0.015,0.443,169.605,64.431,8.636,24.462,time_of_use,0
site_q96oxsn6t7,117,2024-04-27,6,4,17.460,2.971,62.688,10.381,0.000,0.612,0.015,0.966,159.509,47.726,8.854,,flat,0
site_wkoe2l3dl1,69,2024-03-10,0,3,26.467,4.604,59.723,17.466,0.000,0.614,0.233,0.703,210.952,61.473,17.712,25.660,critical_peak,0
site_l7o5bnkp2o,14,2024-01-15,1,1,9.368,1.883,67.387,9.028,0.000,0.715,0.229,0.788,204.541,62.861,13.220,9.066,time_of_use,0
site_9ueuoqbp8k,99,2024-04-09,2,4,28.487,,68.901,8.248,0.000,0.585,0.104,0.793,206.396,57.368,20.259,17.968,flat,0
site_653fbtaxzy,77,2024-03-18,1,3,22.896,4.151,59.121,14.995,0.000,0.690,0.321,0.843,226.171,90.297,27.460,27.325,time_of_use,0
site_ruqwbu08ys,13,2024-01-14,0,1,10.852,2.863,71.382,7.209,0.000,0.601,0.121,0.415,209.588,46.540,20.593,15.579,time_of_use,0
site_9ueuoqbp8k,163,2024-06-12,3,6,8.023,1.016,74.045,11.053,0.000,0.539,0.259,0.427,200.637,69.710,19.612,24.422,flat,0
site_xms2f2z823,157,2024-06-06,4,6,11.246,3.131,55.806,12.626,0.000,0.739,0.208,0.716,189.281,74.231,29.116,18.137,time_of_use,0
site_hv02xi47qd,67,2024-03-08,5,3,22.955,4.579,64.091,18.972,0.000,0.549,0.260,0.970,219.353,60.046,24.593,28.946,time_of_use,0
site_ruqwbu08ys,74,2024-03-15,5,3,21.871,4.455,55.522,17.662,0.000,0.523,0.148,0.652,181.989,64.254,27.028,22.537,flat,0
site_mmvs0z732r,143,2024-05-23,4,5,10.806,2.197,59.229,8.194,0.000,0.591,0.017,0.585,202.419,64.148,13.410,24.127,critical_peak,0
site_esvkso5p9a,203,2024-07-22,1,7,8.431,1.498,63.358,10.181,0.000,0.601,0.126,0.668,196.138,76.738,13.438,11.620,time_of_use,0
site_esvkso5p9a,125,2024-05-05,0,5,21.064,3.728,65.145,0.200,0.000,0.602,0.328,0.825,189.566,75.714,34.827,8.760,critical_peak,0
site_owpbo6i70y,65,2024-03-06,3,3,23.316,3.487,58.384,11.609,0.000,0.528,0.076,0.943,147.522,59.832,24.285,14.426,flat,0
site_xms2f2z823,47,2024-02-17,6,2,18.013,3.961,64.159,13.596,0.000,0.687,0.341,0.648,185.925,69.849,30.206,31.418,flat,0
site_12sjsgd733,139,2024-05-19,0,5,13.266,2.023,73.537,3.894,2.450,0.700,0.122,0.512,223.997,86.912,17.820,19.544,time_of_use,0
site_jby3v59n6p,149,2024-05-29,3,5,11.633,2.142,66.575,18.484,0.000,0.763,0.289,0.586,200.152,70.827,16.556,30.453,time_of_use,0
site_hv02xi47qd,101,2024-04-11,4,4,22.424,2.671,53.536,8.877,0.000,0.597,0.277,0.807,196.107,75.186,23.113,15.938,flat,0
site_8a103kt75c,12,2024-01-13,6,1,6.482,3.561,67.365,9.061,0.000,0.682,0.367,0.622,208.814,61.663,30.252,11.516,time_of_use,0
site_l7o5bnkp2o,107,2024-04-17,3,4,19.837,4.837,63.414,6.211,0.000,0.667,0.273,0.828,222.085,54.872,21.988,23.663,critical_peak,0
site_mmvs0z732r,170,2024-06-19,3,6,5.051,1.650,73.546,11.871,0.000,0.722,0.046,0.519,,60.026,8.622,17.777,critical_peak,0
site_wb8fh6amr3,53,2024-02-23,5,2,24.116,3.286,65.937,14.412,0.000,0.730,0.303,0.674,163.582,60.885,23.124,10.225,critical_peak,0
site_9ueuoqbp8k,81,2024-03-22,5,3,22.946,3.980,57.690,14.931,0.000,0.684,0.362,0.543,196.914,43.864,23.684,24.838,flat,0
site_lh13qhdxr8,135,2024-05-15,3,5,19.218,3.715,64.704,9.927,0.000,0.670,0.094,0.685,149.715,57.097,22.392,19.259,flat,0
site_lh13qhdxr8,157,2024-06-06,4,6,12.370,1.827,83.847,10.923,0.000,0.781,0.188,0.705,172.558,71.407,17.374,14.429,time_of_use,0
site_lpvyddf2dp,68,2024-03-09,6,3,20.552,4.000,63.029,9.135,0.000,0.711,0.373,0.721,214.216,69.770,24.224,28.853,time_of_use,0
site_wkoe2l3dl1,209,2024-07-28,0,7,3.160,2.939,68.665,6.017,0.000,0.694,0.566,0.607,223.707,64.179,27.368,16.978,flat,0
site_9ueuoqbp8k,185,2024-07-04,4,7,9.944,0.843,77.033,17.162,0.000,0.554,0.338,0.372,180.934,65.023,29.602,24.623,time_of_use,0
site_8a103kt75c,155,2024-06-04,2,6,9.775,2.175,78.479,13.500,0.000,0.690,0.356,0.342,251.074,66.406,29.876,23.211,flat,0
site_12sjsgd733,208,2024-07-27,6,7,7.932,0.439,75.166,9.061,0.000,0.576,0.046,0.308,201.124,58.475,13.594,24.242,flat,0
site_653fbtaxzy,84,2024-03-25,1,3,27.478,3.414,60.356,10.612,0.000,0.568,0.311,0.573,235.750,88.845,19.401,8.683,time_of_use,0
site_pyswc8o9g8,16,2024-01-17,3,1,11.302,3.125,81.275,11.411,,0.461,0.160,0.698,218.475,67.727,7.325,20.181,critical_peak,0
site_hv02xi47qd,210,2024-07-29,1,7,6.962,0.182,81.720,13.239,0.000,0.619,0.357,0.529,197.561,75.331,24.277,17.697,time_of_use,0
site_653fbtaxzy,35,2024-02-05,1,2,17.920,2.766,57.024,13.024,0.000,0.685,0.156,0.558,171.922,81.973,21.937,21.180,critical_peak,0
site_pyswc8o9g8,31,2024-02-01,4,2,19.202,3.744,64.691,11.723,0.000,0.514,0.146,0.685,195.228,54.860,28.442,13.604,time_of_use,0
site_wb8fh6amr3,52,2024-02-22,4,2,18.935,4.890,59.470,17.345,0.000,0.680,0.446,0.807,187.625,67.449,23.776,27.526,critical_peak,0
site_pyswc8o9g8,84,2024-03-25,1,3,25.624,5.030,63.840,6.578,0.000,0.672,0.079,0.825,231.369,66.263,16.666,9.011,time_of_use,0
site_xms2f2z823,115,2024-04-25,4,4,23.120,3.265,69.181,6.925,1.561,0.508,0.391,0.697,186.448,64.978,25.385,15.283,critical_peak,0
site_l7o5bnkp2o,224,2024-08-12,1,8,6.967,2.266,71.076,9.469,8.008,0.488,0.294,0.646,216.120,27.864,19.567,18.247,critical_peak,0
site_jby3v59n6p,163,2024-06-12,3,6,11.537,2.470,67.742,13.931,4.136,0.691,0.279,0.734,220.718,58.723,15.544,27.463,flat,0
site_wb8fh6amr3,226,2024-08-14,3,8,12.308,1.272,68.702,13.111,0.000,,0.332,0.691,167.628,58.095,29.043,21.537,flat,0
site_oqtmdxfv99,232,2024-08-20,2,8,12.244,2.222,67.159,10.254,0.000,0.728,0.143,0.776,198.936,76.343,18.465,19.838,critical_peak,1
site_q96oxsn6t7,93,2024-04-03,3,4,26.699,3.711,64.981,11.939,0.000,0.536,0.015,0.742,190.312,64.245,6.721,26.377,time_of_use,0
site_8ttmv07z34,79,2024-03-20,3,3,26.439,4.130,56.720,11.322,0.256,0.550,0.299,0.240,205.089,50.025,29.185,25.782,critical_peak,0
site_unn79reovm,171,2024-06-20,4,6,10.927,2.975,65.998,10.007,0.000,0.788,0.143,0.466,193.976,68.056,8.726,21.320,flat,0
site_wb8fh6amr3,27,2024-01-28,0,1,13.142,3.681,72.851,10.845,0.000,0.660,0.349,0.737,159.513,61.375,22.858,14.934,flat,0
site_owpbo6i70y,174,2024-06-23,0,6,9.923,0.211,74.477,10.927,0.000,0.696,0.193,0.649,172.618,65.655,17.353,23.291,time_of_use,0
site_mmvs0z732r,1,2024-01-02,2,1,8.323,1.589,71.620,15.500,0.000,0.434,0.015,0.584,174.501,60.555,17.308,14.093,flat,0
site_lpvyddf2dp,46,2024-02-16,5,2,19.373,4.602,49.194,7.898,0.000,0.718,0.357,0.971,205.133,67.071,26.195,33.059,flat,0
site_xms2f2z823,84,2024-03-25,1,3,25.128,3.564,46.093,10.839,0.000,0.652,0.163,0.736,176.642,63.745,25.773,21.261,time_of_use,0
site_lh13qhdxr8,86,2024-03-27,3,3,24.913,3.131,62.719,12.071,0.000,0.585,0.091,0.559,194.802,58.698,17.558,13.901,time_of_use,0
site_9ueuoqbp8k,230,2024-08-18,0,8,6.297,3.070,73.273,9.477,0.000,0.543,0.175,0.606,231.213,58.727,15.964,26.539,time_of_use,0
site_jby3v59n6p,28,2024-01-29,1,1,13.047,2.618,60.985,6.139,2.706,0.733,0.320,0.465,191.372,51.253,19.153,29.955,flat,0
site_oqtmdxfv99,119,2024-04-29,1,4,25.288,4.428,70.922,8.517,,0.726,0.120,0.771,221.362,68.947,16.294,,flat,0
site_wkoe2l3dl1,176,2024-06-25,2,6,8.591,1.334,73.510,7.686,0.000,0.557,0.031,0.649,186.458,52.475,16.966,19.977,time_of_use,0
site_hv02xi47qd,213,2024-08-01,4,8,4.933,1.130,60.027,5.311,0.000,0.628,0.380,0.504,192.754,73.730,22.057,24.732,critical_peak,0
site_mmvs0z732r,165,2024-06-14,5,6,9.208,1.236,71.055,8.781,0.000,0.716,0.215,0.577,206.279,71.940,16.027,21.294,time_of_use,0
site_xms2f2z823,109,2024-04-19,5,4,18.884,3.986,58.573,7.099,0.000,0.568,0.296,0.708,166.862,65.834,24.912,19.826,flat,0
site_12sjsgd733,6,2024-01-07,0,1,4.218,2.508,66.913,6.173,0.000,0.625,0.015,0.298,186.953,51.242,10.199,27.450,critical_peak,0
site_unn79reovm,127,2024-05-07,2,5,15.889,3.150,62.159,10.650,0.000,0.668,0.072,0.507,190.422,72.959,10.609,19.515,flat,0
site_hv02xi47qd,58,2024-02-28,3,2,21.818,3.286,54.892,4.473,0.000,0.636,0.204,,204.574,71.783,17.385,31.863,time_of_use,0
site_653fbtaxzy,44,2024-02-14,3,2,16.956,4.062,67.093,16.066,0.000,0.644,,0.762,178.038,80.374,22.760,18.910,critical_peak,0
site_azlkiez3zd,166,2024-06-15,6,6,8.681,2.757,69.520,12.078,0.000,0.686,0.103,0.599,182.525,75.362,26.120,25.349,time_of_use,0
site_cyoy81mba2,209,2024-07-28,0,7,5.339,1.787,74.869,12.053,0.000,0.745,0.077,0.667,187.648,60.578,18.597,29.912,flat,0
site_cyoy81mba2,48,2024-02-18,0,2,15.281,5.071,52.433,4.420,0.000,0.511,0.212,0.790,186.260,66.723,23.076,30.569,time_of_use,0
site_l7o5bnkp2o,46,2024-02-16,5,2,20.005,3.500,63.282,12.629,0.000,0.746,0.247,0.736,157.544,62.228,20.929,28.317,flat,0
site_azlkiez3zd,56,2024-02-26,1,2,17.892,5.474,62.238,12.516,0.000,0.751,0.197,0.714,183.952,77.267,18.162,33.914,flat,0
site_i72zb352li,21,2024-01-22,1,1,14.005,3.221,69.097,12.201,0.000,0.675,0.321,0.490,184.999,88.407,15.661,19.058,time_of_use,0
site_xms2f2z823,232,2024-08-20,2,8,7.298,2.377,61.032,13.523,0.000,0.645,0.410,0.494,186.531,65.370,28.648,12.751,critical_peak,0
site_wkoe2l3dl1,106,2024-04-16,2,4,23.951,3.311,48.261,,0.000,0.571,0.212,0.531,195.081,44.653,16.924,23.569,critical_peak,0
site_wb8fh6amr3,187,2024-07-06,6,7,8.951,1.171,78.983,7.480,0.000,0.719,0.321,0.634,190.819,,19.175,23.178,critical_peak,0
site_xms2f2z823,140,2024-05-20,1,5,15.277,2.188,63.562,6.616,0.000,,0.411,0.799,188.200,74.048,29.535,15.765,time_of_use,0
site_lh13qhdxr8,205,2024-07-24,3,7,4.496,,88.298,11.860,0.932,0.747,0.295,0.858,165.616,52.648,22.559,11.760,critical_peak,0
site_lh13qhdxr8,162,2024-06-11,2,6,5.758,2.328,77.672,9.351,0.000,0.597,0.280,0.691,192.123,83.417,22.762,20.074,flat,0
site_q96oxsn6t7,28,2024-01-29,1,1,16.620,3.506,64.149,15.807,,0.521,0.030,0.817,182.237,53.964,16.272,18.899,flat,0
site_i72zb352li,34,2024-02-04,0,2,16.490,2.570,75.726,3.817,0.000,0.677,0.282,0.363,208.267,67.552,18.740,25.164,critical_peak,0
site_12sjsgd733,77,2024-03-18,1,3,26.367,4.191,45.785,12.841,0.000,0.571,0.096,0.562,191.747,58.038,16.733,20.919,time_of_use,0
site_hv02xi47qd,81,2024-03-22,5,3,23.548,3.728,65.348,15.335,0.000,0.622,0.195,0.865,195.126,85.251,24.658,26.234,flat,0
site_lpvyddf2dp,109,2024-04-19,5,4,22.587,3.283,62.827,9.955,0.000,0.615,0.120,0.612,203.189,72.669,17.741,25.840,flat,0
site_hv02xi47qd,239,2024-08-27,2,8,5.874,2.556,66.432,19.195,0.000,0.657,0.308,0.790,225.063,76.995,29.458,29.823,time_of_use,0
site_12sjsgd733,130,2024-05-10,5,5,18.201,2.727,56.365,17.383,0.000,0.523,0.174,0.403,152.633,81.850,15.197,15.842,time_of_use,0
site_xms2f2z823,209,2024-07-28,0,7,7.075,2.086,74.118,7.870,0.000,0.659,0.473,0.429,211.109,70.877,26.867,22.636,flat,0
site_wkoe2l3dl1,1,2024-01-02,2,1,6.441,2.625,73.645,14.315,0.000,0.610,0.254,0.448,216.703,71.341,22.531,18.377,flat,0
site_q96oxsn6t7,39,2024-02-09,5,2,16.952,6.309,65.718,15.128,0.000,0.700,0.220,0.851,181.569,55.659,16.465,33.281,time_of_use,0
site_i72zb352li,214,2024-08-02,5,8,6.373,1.524,65.267,16.235,0.000,0.651,0.288,0.491,184.050,69.052,16.789,26.518,critical_peak,0
site_wb8fh6amr3,19,2024-01-20,6,1,10.887,2.513,,9.228,0.000,0.606,0.265,0.425,161.649,55.080,29.938,15.276,flat,0
site_12sjsgd733,73,2024-03-14,4,3,22.170,4.248,74.906,13.501,0.000,0.541,0.181,0.706,187.910,60.078,9.941,21.846,flat,0
site_cyoy81mba2,149,2024-05-29,3,5,12.299,1.004,63.389,17.289,0.000,0.734,0.028,0.327,184.206,66.537,14.467,21.705,time_of_use,0
site_lh13qhdxr8,2,2024-01-03,3,1,5.565,2.390,74.906,11.549,0.000,0.600,0.217,0.913,181.912,81.861,21.683,19.603,flat,0
site_pyswc8o9g8,232,2024-08-20,2,8,7.148,1.835,72.849,12.347,0.000,0.595,0.022,0.753,215.817,57.334,13.414,24.367,critical_peak,0
site_xms2f2z823,172,2024-06-21,5,6,14.310,2.044,75.985,5.796,0.000,0.710,0.338,0.361,206.066,76.912,28.122,21.105,flat,0
site_oqtmdxfv99,61,2024-03-02,6,3,23.400,6.072,51.252,13.779,0.000,0.834,0.152,0.846,172.496,83.921,9.604,25.217,critical_peak,0
site_jby3v59n6p,97,2024-04-07,0,4,18.279,5.285,62.904,18.783,0.000,0.510,0.232,0.811,188.064,45.880,16.964,25.068,critical_peak,0
site_8ttmv07z34,183,2024-07-02,2,7,14.964,1.229,89.398,5.339,4.437,0.654,0.274,0.438,208.199,51.206,19.403,24.251,time_of_use,0
site_wb8fh6amr3,54,2024-02-24,6,2,25.537,4.777,52.416,9.901,1.953,0.547,0.305,0.980,193.004,72.234,27.327,18.437,flat,0
site_12sjsgd733,117,2024-04-27,6,4,24.732,3.654,64.267,9.849,0.000,0.754,0.103,0.599,182.420,59.917,7.204,19.911,flat,0
site_8ttmv07z34,197,2024-07-16,2,7,,1.429,79.220,8.987,0.000,0.518,0.131,0.568,231.796,64.917,15.269,20.807,critical_peak,0
site_8ttmv07z34,46,2024-02-16,5,2,22.542,5.090,66.187,12.330,0.000,0.647,0.299,0.637,170.509,70.672,31.135,20.378,flat,0
site_l7o5bnkp2o,18,2024-01-19,5,1,10.591,3.774,59.297,13.085,0.000,0.525,0.117,0.687,188.045,64.866,14.434,12.606,flat,0
site_mmvs0z732r,37,2024-02-07,3,2,17.455,3.041,64.729,9.978,0.000,0.562,0.127,0.621,162.218,61.580,,30.102,flat,0
site_cyoy81mba2,169,2024-06-18,2,6,10.074,2.213,71.624,7.167,0.000,0.567,0.220,0.655,188.890,53.334,21.914,22.470,critical_peak,0
site_q96oxsn6t7,106,2024-04-16,2,4,23.805,2.566,68.324,14.064,0.000,0.564,0.210,0.682,197.692,58.290,9.280,15.114,critical_peak,0
site_cyoy81mba2,5,2024-01-06,6,1,7.761,2.664,82.293,6.175,0.000,0.671,0.172,0.650,194.024,55.814,14.257,12.927,time_of_use,0
site_l7o5bnkp2o,188,2024-07-07,0,7,4.040,1.359,70.581,8.008,0.000,0.673,0.246,0.710,193.135,60.968,22.803,16.259,critical_peak,0
site_wkoe2l3dl1,56,2024-02-26,1,2,21.744,3.242,62.550,5.736,0.000,0.495,0.168,0.759,204.642,56.766,15.706,25.427,flat,0
site_owpbo6i70y,49,2024-02-19,1,2,23.829,4.929,78.448,5.167,0.000,0.608,0.280,0.774,137.834,64.529,19.158,17.643,time_of_use,0
site_wb8fh6amr3,82,2024-03-23,6,3,20.342,4.229,61.879,12.889,0.000,0.713,0.377,0.833,153.795,81.059,30.291,23.342,flat,0
site_azlkiez3zd,232,2024-08-20,2,8,9.188,2.404,81.894,5.240,0.000,0.504,0.192,0.333,184.844,70.252,19.369,26.561,critical_peak,1
site_owpbo6i70y,177,2024-06-26,3,6,10.693,2.336,83.072,12.922,0.000,0.743,0.087,0.566,140.741,74.669,19.521,15.841,critical_peak,0
site_azlkiez3zd,192,2024-07-11,4,7,6.054,0.833,79.361,8.610,0.900,0.620,0.148,0.659,207.596,63.656,16.097,15.255,time_of_use,0
site_unn79reovm,76,2024-03-17,0,3,27.101,4.569,56.305,4.982,0.000,0.617,0.095,0.618,205.737,80.815,14.926,33.072,time_of_use,0
site_ruqwbu08ys,171,2024-06-20,4,6,12.389,1.875,80.406,6.249,0.000,0.692,,0.394,212.002,58.231,26.595,26.369,flat,0
site_hv02xi47qd,62,2024-03-03,0,3,25.041,3.479,60.479,6.731,0.000,0.768,0.308,0.872,158.786,77.090,26.002,,critical_peak,0
site_oqtmdxfv99,137,2024-05-17,5,5,20.782,1.078,67.368,6.908,0.000,0.831,0.107,0.548,174.463,80.533,9.987,23.020,flat,0
site_lpvyddf2dp,184,2024-07-03,3,7,5.584,2.519,79.963,7.038,0.000,0.811,0.225,0.766,198.274,75.838,,18.446,time_of_use,0
site_cyoy81mba2,199,2024-07-18,4,7,5.824,1.124,81.135,5.577,0.000,0.695,0.272,0.630,217.925,57.811,28.605,26.072,flat,0
site_wb8fh6amr3,237,2024-08-25,0,8,12.553,1.918,74.010,10.718,0.000,0.705,,0.815,155.306,62.197,20.475,17.115,time_of_use,0
site_oqtmdxfv99,179,2024-06-28,5,6,11.844,0.778,78.657,11.621,0.000,0.672,0.315,0.435,205.840,69.223,9.645,32.715,critical_peak,0
site_ruqwbu08ys,59,2024-02-29,4,2,19.594,3.289,73.688,9.384,0.000,0.634,0.246,0.512,206.741,45.034,16.023,18.106,time_of_use,0
site_9ueuoqbp8k,53,2024-02-23,5,2,20.618,3.269,73.695,9.268,0.000,0.420,0.361,0.558,188.574,58.384,15.799,31.710,critical_peak,0
site_azlkiez3zd,151,2024-05-31,5,5,17.316,2.663,71.917,10.422,0.000,0.583,0.311,0.796,170.312,67.562,21.496,21.452,critical_peak,0
site_653fbtaxzy,36,2024-02-06,2,2,13.859,2.818,75.769,,7.607,0.589,0.274,0.618,209.533,76.692,19.142,11.243,flat,0
site_wkoe2l3dl1,239,2024-08-27,2,8,11.572,1.758,72.762,13.264,0.807,0.689,0.298,0.604,194.208,61.294,18.280,18.266,time_of_use,0
site_lpvyddf2dp,152,2024-06-01,6,6,10.677,1.630,72.874,8.846,0.367,0.770,0.242,0.762,216.010,80.760,14.410,19.676,critical_peak,0
site_lh13qhdxr8,83,2024-03-24,0,3,27.494,5.516,68.853,6.592,0.000,0.645,0.159,0.980,164.219,54.049,26.786,20.759,flat,0
site_ruqwbu08ys,19,2024-01-20,6,1,15.478,3.274,64.570,7.957,0.000,0.526,0.460,0.644,217.246,66.577,30.859,19.678,flat,0
site_wb8fh6amr3,175,2024-06-24,1,6,7.189,0.050,73.752,11.747,0.000,0.679,0.438,0.530,217.615,66.889,28.566,24.796,time_of_use,0
site_unn79reovm,71,2024-03-12,2,3,25.101,4.233,71.880,8.330,0.000,0.668,0.015,0.447,178.668,64.815,12.058,30.639,critical_peak,0
site_lh13qhdxr8,48,2024-02-18,0,2,19.850,4.026,75.678,16.153,0.000,0.555,0.247,0.680,187.513,70.690,29.321,21.765,time_of_use,0
site_owpbo6i70y,60,2024-03-01,5,3,22.467,4.690,56.586,9.001,0.000,0.585,0.149,0.749,157.651,70.270,17.792,30.134,critical_peak,0
site_q96oxsn6t7,172,2024-06-21,5,6,9.377,2.240,54.206,4.361,0.000,0.460,0.151,0.582,166.435,64.737,11.351,19.771,flat,0
site_q96oxsn6t7,76,2024-03-17,0,3,25.196,4.389,65.310,12.845,0.000,0.653,0.110,0.802,182.611,64.855,10.353,34.630,time_of_use,0
site_ruqwbu08ys,161,2024-06-10,1,6,7.090,1.065,67.167,12.625,0.000,0.586,0.196,0.668,212.920,57.472,18.535,12.666,critical_peak,1
site_unn79reovm,19,2024-01-20,6,1,15.340,2.898,71.817,17.723,0.000,0.782,0.152,0.354,173.889,68.205,20.737,22.144,flat,0
site_i72zb352li,96,2024-04-06,6,4,22.420,4.656,52.827,15.963,0.000,0.709,0.318,0.723,159.988,80.471,19.032,22.408,critical_peak,0
site_oqtmdxfv99,26,2024-01-27,6,1,15.776,3.608,76.044,13.471,0.000,0.700,0.194,0.709,195.681,72.203,19.784,15.352,critical_peak,0
site_8ttmv07z34,193,2024-07-12,5,7,5.209,2.888,66.468,10.554,0.000,0.479,0.174,0.709,207.001,62.342,23.495,24.502,time_of_use,0
site_pyswc8o9g8,27,2024-01-28,0,1,13.793,3.319,73.525,6.417,0.000,0.639,0.021,0.557,232.928,48.302,14.249,18.357,flat,0
site_i72zb352li,135,2024-05-15,3,5,15.957,2.133,74.252,9.613,0.000,0.568,0.371,0.418,183.754,72.717,9.248,24.457,flat,0
site_ruqwbu08ys,144,2024-05-24,5,5,14.228,3.454,68.531,,0.000,0.462,0.316,0.548,166.930,56.863,22.793,21.654,flat,0
site_azlkiez3zd,204,2024-07-23,2,7,3.997,1.432,93.093,15.960,0.000,0.679,0.240,0.604,233.085,76.418,27.360,24.403,critical_peak,0
site_xms2f2z823,46,2024-02-16,5,2,17.628,4.106,61.570,7.914,0.100,0.644,0.281,0.855,199.855,66.013,28.700,23.726,flat,0
site_lpvyddf2dp,182,2024-07-01,1,7,7.644,2.312,73.293,15.723,0.000,0.785,0.245,0.719,191.806,69.828,20.235,24.078,flat,0
site_oqtmdxfv99,187,2024-07-06,6,7,10.142,1.144,81.545,14.753,0.000,0.843,0.199,0.587,201.854,57.568,19.278,15.401,critical_peak,0
site_azlkiez3zd,210,2024-07-29,1,7,9.018,0.856,69.598,14.049,0.000,0.716,0.166,0.646,186.218,80.735,20.510,24.972,time_of_use,0
site_cyoy81mba2,74,2024-03-15,5,3,24.784,4.109,69.665,12.780,0.000,,0.085,0.749,196.526,64.713,19.758,33.040,flat,0
site_q96oxsn6t7,236,2024-08-24,6,8,9.928,2.072,73.108,9.940,0.000,0.647,0.015,0.598,166.521,50.864,9.744,32.262,flat,0
site_q96oxsn6t7,15,2024-01-16,2,1,9.622,3.324,60.091,10.800,0.000,0.645,0.015,0.821,179.785,77.494,12.769,29.123,critical_peak,0
site_xms2f2z823,117,2024-04-27,6,4,18.721,3.193,74.779,15.448,0.000,0.603,0.381,0.598,173.708,94.654,32.505,17.859,flat,0
site_pyswc8o9g8,96,2024-04-06,6,4,28.013,4.102,60.990,15.587,0.000,0.692,0.025,0.749,209.953,67.743,27.153,26.667,critical_peak,0
site_oqtmdxfv99,77,2024-03-18,1,3,21.014,4.477,60.580,12.518,6.600,0.803,0.015,0.980,,93.020,12.934,18.874,time_of_use,0
site_ruqwbu08ys,98,2024-04-08,1,4,21.879,4.208,49.253,14.870,0.000,0.523,0.367,0.681,181.040,53.834,24.115,21.170,critical_peak,0
site_l7o5bnkp2o,59,2024-02-29,4,2,26.889,4.647,,14.986,0.885,0.705,0.098,0.636,171.905,61.395,18.857,15.760,time_of_use,0
site_wkoe2l3dl1,155,2024-06-04,2,6,10.900,2.656,68.056,11.653,0.000,0.605,0.275,0.597,207.373,72.709,24.989,29.239,flat,0
site_pyswc8o9g8,95,2024-04-05,5,4,24.575,4.792,68.389,0.545,0.000,0.699,0.199,0.980,211.853,,13.783,24.294,time_of_use,0
site_lh13qhdxr8,217,2024-08-05,1,8,10.389,2.915,73.492,19.256,1.037,0.627,0.363,0.738,181.885,84.264,29.300,16.269,flat,0
site_q96oxsn6t7,60,2024-03-01,5,3,21.197,3.768,76.493,12.249,0.000,0.540,0.015,0.547,162.666,67.947,15.737,20.536,critical_peak,0
site_l7o5bnkp2o,105,2024-04-15,1,4,23.222,5.359,60.030,8.948,0.635,0.746,0.125,0.728,186.250,59.355,16.164,24.288,critical_peak,0
site_9ueuoqbp8k,127,2024-05-07,2,5,21.240,1.400,65.462,9.922,0.000,0.548,0.032,0.657,188.011,64.976,24.354,23.431,flat,0
site_8a103kt75c,25,2024-01-26,5,1,12.879,4.013,,13.582,0.000,0.599,0.312,0.588,205.138,86.613,18.205,22.024,critical_peak,0
site_wkoe2l3dl1,130,2024-05-10,5,5,13.841,2.412,,2.921,0.000,0.430,0.323,0.644,198.644,68.477,19.648,16.733,time_of_use,0
site_jby3v59n6p,218,2024-08-06,2,8,6.793,1.243,72.197,6.616,0.000,0.623,0.093,0.432,223.860,65.349,13.440,26.926,flat,0
site_pyswc8o9g8,25,2024-01-26,5,1,13.555,3.153,61.981,12.852,0.000,0.504,0.152,0.654,213.125,49.102,12.738,18.976,critical_peak,0
site_oqtmdxfv99,78,2024-03-19,2,3,26.069,4.405,54.404,16.485,0.000,0.711,0.019,0.867,224.937,79.791,10.799,29.356,critical_peak,0
site_ruqwbu08ys,78,2024-03-19,2,3,20.912,4.736,55.400,12.260,0.000,0.658,0.250,0.723,212.969,62.195,27.912,14.990,critical_peak,0
site_cyoy81mba2,6,2024-01-07,0,1,13.519,2.580,57.346,13.512,0.000,0.632,0.197,0.598,184.517,,21.673,22.969,critical_peak,0
site_azlkiez3zd,134,2024-05-14,2,5,19.457,3.278,72.276,7.306,0.000,0.581,0.157,0.641,173.901,86.033,15.996,25.389,critical_peak,0
site_q96oxsn6t7,195,2024-07-14,0,7,11.208,1.992,80.685,8.687,0.000,0.534,0.247,0.585,195.363,55.021,17.291,25.494,critical_peak,0
site_oqtmdxfv99,132,2024-05-12,0,5,20.655,1.829,58.809,2.916,,0.743,0.169,0.271,209.175,91.636,24.275,18.449,critical_peak,0
site_mmvs0z732r,93,2024-04-03,3,4,25.982,4.186,54.891,7.156,,0.527,0.064,0.890,167.055,57.848,11.028,21.397,time_of_use,0
site_i72zb352li,118,2024-04-28,0,4,19.353,3.267,52.500,7.187,0.000,0.665,0.251,0.425,176.823,72.286,14.372,21.725,flat,0
site_i72zb352li,182,2024-07-01,1,7,6.707,1.574,76.117,6.447,0.000,0.730,0.139,0.480,184.816,75.034,15.229,24.149,flat,0
site_wkoe2l3dl1,216,2024-08-04,0,8,-0.645,3.027,68.828,15.187,0.000,0.649,0.340,0.707,203.237,53.670,26.810,24.671,flat,0
site_unn79reovm,182,2024-07-01,1,7,10.260,0.285,80.872,7.123,0.000,0.657,0.142,0.305,214.700,77.616,11.159,26.217,flat,0
site_l7o5bnkp2o,20,2024-01-21,0,1,17.451,2.364,66.413,14.537,0.000,0.534,0.210,0.568,190.426,43.566,14.374,20.074,flat,0
site_12sjsgd733,215,2024-08-03,6,8,,2.682,73.226,16.281,0.000,0.560,0.068,0.454,189.376,64.562,15.030,16.782,critical_peak,0
site_9ueuoqbp8k,5,2024-01-06,6,1,6.514,2.737,70.240,8.575,0.000,0.691,0.424,0.647,215.263,60.897,29.977,14.380,time_of_use,0
site_pyswc8o9g8,135,2024-05-15,3,5,15.280,,70.742,3.600,0.000,0.695,0.217,,213.451,46.024,24.793,12.030,flat,0
site_cyoy81mba2,122,2024-05-02,4,5,21.129,2.319,56.394,21.126,0.000,0.708,0.083,0.709,171.172,67.873,7.783,20.941,time_of_use,0
site_azlkiez3zd,17,2024-01-18,4,1,10.692,2.908,65.676,10.980,0.000,0.611,0.124,0.770,181.740,78.453,20.469,11.263,critical_peak,0
site_unn79reovm,58,2024-02-28,3,2,23.170,5.170,55.893,4.270,0.000,0.732,0.015,0.655,199.207,70.539,14.373,20.413,time_of_use,0
site_esvkso5p9a,32,2024-02-02,5,2,18.485,4.422,60.439,9.738,1.446,0.617,0.247,0.647,208.667,80.988,18.317,23.809,time_of_use,0
site_l7o5bnkp2o,219,2024-08-07,3,8,6.375,0.945,82.494,0.200,0.000,,0.233,0.648,224.298,69.438,14.019,22.958,time_of_use,0
site_12sjsgd733,204,2024-07-23,2,7,7.711,2.885,80.047,10.337,0.000,0.549,0.153,0.352,177.086,58.225,14.804,26.067,critical_peak,0
site_mmvs0z732r,154,2024-06-03,1,6,14.888,1.441,72.647,9.533,0.000,0.674,0.058,0.392,159.972,58.524,15.055,16.458,flat,0
site_mmvs0z732r,159,2024-06-08,6,6,10.147,1.440,70.030,13.037,0.000,0.587,0.023,0.716,188.328,67.543,10.423,26.282,critical_peak,0
site_jby3v59n6p,206,2024-07-25,4,7,7.191,0.737,61.694,18.537,0.000,0.652,0.159,0.339,212.522,56.024,15.922,22.466,critical_peak,0
site_12sjsgd733,58,2024-02-28,3,2,27.088,2.758,70.753,6.096,0.000,0.621,0.189,0.302,216.846,72.074,19.381,22.639,time_of_use,0
site_esvkso5p9a,233,2024-08-21,3,8,14.180,1.721,67.540,10.768,0.000,0.783,0.180,0.614,199.434,73.353,10.134,15.153,critical_peak,0
site_8ttmv07z34,112,2024-04-22,1,4,24.601,3.425,63.285,9.791,0.000,0.586,0.078,0.296,170.641,65.042,16.776,27.500,time_of_use,0
site_mmvs0z732r,180,2024-06-29,6,6,10.967,2.608,69.356,9.222,0.000,0.557,0.132,0.611,168.683,76.378,10.642,9.033,flat,0
site_mmvs0z732r,130,2024-05-10,5,5,17.112,3.904,74.264,14.087,0.000,0.706,0.100,0.966,191.775,84.101,13.481,14.934,time_of_use,0
site_wkoe2l3dl1,12,2024-01-13,6,1,10.798,1.178,64.038,8.415,0.000,0.552,0.511,0.697,208.216,58.093,25.435,15.594,time_of_use,0
site_unn79reovm,114,2024-04-24,3,4,22.145,3.690,61.463,6.168,0.000,0.669,0.068,0.411,180.820,53.918,18.014,21.509,critical_peak,0
site_8ttmv07z34,158,2024-06-07,5,6,12.381,2.135,86.272,9.404,1.430,0.674,0.112,0.640,220.261,61.625,16.913,28.795,time_of_use,0
site_653fbtaxzy,17,2024-01-18,4,1,12.316,2.154,57.624,8.066,0.000,0.584,0.018,0.540,194.762,79.331,12.959,17.633,critical_peak,0
site_l7o5bnkp2o,28,2024-01-29,1,1,16.730,2.700,49.897,8.964,0.000,0.698,0.263,0.946,156.174,60.567,18.124,,flat,0
site_unn79reovm,92,2024-04-02,2,4,27.054,3.445,52.792,6.766,0.000,0.597,0.100,0.374,187.372,,12.960,19.488,flat,0
site_wkoe2l3dl1,173,2024-06-22,6,6,7.814,0.361,63.708,8.379,0.000,0.530,0.322,0.717,190.544,54.521,18.678,24.907,flat,0
site_cyoy81mba2,154,2024-06-03,1,6,10.907,1.759,62.340,11.381,0.000,0.659,0.099,0.686,200.626,59.691,19.882,25.617,flat,0
site_unn79reovm,23,2024-01-24,3,1,14.962,2.707,83.105,11.722,1.138,0.666,0.144,0.402,203.868,66.312,15.562,28.803,time_of_use,0
site_ruqwbu08ys,239,2024-08-27,2,8,10.882,2.313,,8.783,0.000,0.607,0.161,0.488,165.722,59.137,20.981,27.286,time_of_use,0
site_wb8fh6amr3,57,2024-02-27,2,2,24.275,4.216,54.988,4.723,0.000,0.639,0.325,0.772,197.887,69.710,16.229,23.772,time_of_use,0
site_653fbtaxzy,62,2024-03-03,0,3,24.051,4.100,65.129,12.168,0.000,0.764,0.420,0.622,235.179,74.903,25.075,27.373,critical_peak,0
site_l7o5bnkp2o,223,2024-08-11,0,8,11.062,1.300,71.694,19.830,0.000,0.570,0.214,0.447,183.430,60.338,26.856,17.908,critical_peak,0
site_oqtmdxfv99,60,2024-03-01,5,3,21.244,3.492,70.089,13.145,0.000,0.834,0.182,0.819,210.527,66.319,22.640,21.079,critical_peak,0
site_unn79reovm,190,2024-07-09,2,7,10.727,1.464,68.102,10.229,0.000,0.627,0.079,0.550,170.853,55.512,18.446,20.284,flat,0
site_lpvyddf2dp,52,2024-02-22,4,2,18.426,3.783,65.295,3.619,1.600,0.679,0.145,0.736,164.498,73.628,23.809,24.930,critical_peak,0
site_unn79reovm,138,2024-05-18,6,5,21.344,2.417,77.211,15.133,0.000,0.618,0.205,0.208,212.433,60.639,17.796,25.528,time_of_use,0
site_mmvs0z732r,96,2024-04-06,6,4,25.266,4.635,54.252,5.884,0.000,0.747,0.015,0.502,,70.041,18.292,20.669,critical_peak,0
site_azlkiez3zd,12,2024-01-13,6,1,9.643,1.673,80.614,,0.000,0.676,0.185,0.730,172.097,69.334,22.458,33.092,time_of_use,0
site_azlkiez3zd,114,2024-04-24,3,4,23.164,3.486,60.191,6.334,0.000,0.646,0.157,0.731,192.307,72.095,20.669,22.361,critical_peak,0
site_oqtmdxfv99,211,2024-07-30,2,7,5.464,1.332,80.470,18.210,0.000,0.783,0.199,0.397,182.337,75.418,19.136,30.670,time_of_use,0
site_cyoy81mba2,53,2024-02-23,5,2,23.195,4.332,57.731,4.343,0.000,0.597,0.026,0.917,166.362,69.827,24.660,22.898,critical_peak,0
site_12sjsgd733,94,2024-04-04,4,4,26.117,5.112,50.735,11.897,3.858,0.548,0.015,0.745,188.190,51.646,11.907,17.855,time_of_use,0
site_jby3v59n6p,200,2024-07-19,5,7,5.925,1.419,85.936,7.331,0.000,0.563,0.321,0.481,208.875,73.077,27.368,22.223,flat,0
site_l7o5bnkp2o,39,2024-02-09,5,2,15.976,2.862,75.432,10.398,0.000,0.552,0.282,0.667,198.221,78.589,28.046,22.070,time_of_use,1
site_oqtmdxfv99,43,2024-02-13,2,2,19.467,4.348,64.105,17.913,0.000,0.759,0.187,0.766,171.673,88.082,9.581,16.656,critical_peak,0
site_i72zb352li,11,2024-01-12,5,1,13.003,2.016,76.243,9.133,0.000,0.689,,0.552,173.394,78.953,28.327,28.845,flat,0
site_wkoe2l3dl1,170,2024-06-19,3,6,9.977,0.050,70.463,10.100,0.000,0.612,0.280,0.635,206.552,59.791,14.644,33.720,critical_peak,0
site_wb8fh6amr3,184,2024-07-03,3,7,7.372,1.123,61.565,10.577,0.000,0.656,0.405,0.648,203.624,58.660,17.535,15.951,time_of_use,0
site_xms2f2z823,35,2024-02-05,1,2,15.901,4.458,72.888,12.829,0.000,0.613,0.292,0.458,197.522,65.461,20.455,20.874,critical_peak,0
site_653fbtaxzy,133,2024-05-13,1,5,19.468,2.551,62.743,4.566,0.000,0.645,0.266,0.375,174.049,81.638,14.868,19.228,critical_peak,0
site_pyswc8o9g8,124,2024-05-04,6,5,22.153,3.886,56.140,16.982,4.845,0.616,0.197,0.568,224.235,63.347,10.521,31.775,critical_peak,0
site_unn79reovm,95,2024-04-05,5,4,25.573,3.970,56.613,5.625,0.000,0.839,0.176,0.434,222.118,73.103,12.599,31.617,time_of_use,0
site_i72zb352li,177,2024-06-26,3,6,12.072,1.266,67.887,15.024,0.000,0.732,0.264,0.634,214.347,80.583,22.876,11.631,critical_peak,0
site_esvkso5p9a,224,2024-08-12,1,8,13.687,1.736,84.209,5.981,0.000,0.630,0.074,0.825,181.509,83.766,11.974,25.093,critical_peak,0
site_653fbtaxzy,128,2024-05-08,3,5,22.405,3.220,66.125,14.268,0.000,0.702,0.165,0.621,169.072,76.751,27.652,18.041,flat,0
site_8ttmv07z34,1,2024-01-02,2,1,6.926,2.414,52.259,13.707,0.000,0.693,0.287,0.568,232.679,66.587,20.823,14.997,flat,0
site_xms2f2z823,68,2024-03-09,6,3,25.700,4.307,62.170,5.825,0.000,0.635,0.286,0.605,173.813,65.472,28.738,23.092,time_of_use,0
site_8a103kt75c,63,2024-03-04,1,3,17.233,4.965,62.291,12.005,0.000,0.727,0.282,0.632,,76.783,16.582,15.800,flat,0
site_cyoy81mba2,100,2024-04-10,3,4,22.737,3.638,55.055,17.481,0.000,0.615,0.102,0.804,159.921,70.084,24.387,30.937,flat,0
site_12sjsgd733,24,2024-01-25,4,1,13.841,2.962,60.905,9.597,0.000,0.676,0.116,0.762,162.784,63.925,19.767,33.549,critical_peak,0
site_mmvs0z732r,45,2024-02-15,4,2,20.322,3.011,69.958,13.739,0.000,0.640,0.218,0.793,185.148,71.630,22.413,15.152,flat,0
site_esvkso5p9a,47,2024-02-17,6,2,19.834,4.901,74.133,16.512,0.000,0.788,0.255,0.925,167.774,82.658,11.795,5.793,flat,1
site_8a103kt75c,38,2024-02-08,4,2,18.509,3.858,57.255,13.193,0.000,0.766,0.381,0.726,199.362,75.060,15.613,20.388,flat,0
site_l7o5bnkp2o,165,2024-06-14,5,6,8.870,1.848,59.826,21.928,0.100,0.635,0.312,0.438,175.994,47.443,16.611,24.354,time_of_use,0
site_12sjsgd733,198,2024-07-17,3,7,1.878,0.860,72.779,7.263,0.000,0.451,0.015,0.353,189.621,62.559,15.753,20.809,flat,0
site_pyswc8o9g8,157,2024-06-06,4,6,4.552,2.291,70.339,10.515,0.000,0.587,0.156,0.395,223.362,64.925,17.261,14.562,time_of_use,1
site_ruqwbu08ys,1,2024-01-02,2,1,8.004,2.472,95.634,12.521,0.586,0.570,0.146,0.721,193.438,51.592,25.830,12.247,flat,0
site_q96oxsn6t7,86,2024-03-27,3,3,23.320,3.204,65.521,17.772,0.000,0.562,0.219,0.856,216.777,49.679,10.755,33.067,time_of_use,0
site_jby3v59n6p,207,2024-07-26,5,7,4.610,1.571,71.708,5.191,0.749,0.621,0.169,0.406,163.460,68.381,27.077,29.248,flat,0
site_azlkiez3zd,179,2024-06-28,5,6,8.365,2.048,76.768,4.619,0.000,0.662,0.190,0.689,,75.433,26.052,15.503,critical_peak,0
site_9ueuoqbp8k,89,2024-03-30,6,3,23.135,4.688,55.317,15.558,0.000,0.640,0.387,0.863,180.863,55.182,32.121,12.568,critical_peak,0
site_azlkiez3zd,62,2024-03-03,0,3,24.001,3.243,72.127,12.284,,0.585,0.155,0.889,166.324,59.263,24.341,20.455,critical_peak,0
site_8a103kt75c,30,2024-01-31,3,1,18.212,3.837,70.614,12.245,0.000,0.658,0.230,0.695,219.327,79.003,21.888,22.648,time_of_use,0
site_8a103kt75c,105,2024-04-15,1,4,27.162,3.456,71.178,14.303,0.571,0.717,0.318,0.436,205.983,63.989,22.901,11.171,critical_peak,0
site_mmvs0z732r,225,2024-08-13,2,8,7.627,1.695,66.825,10.831,0.000,0.713,0.105,0.595,158.130,62.659,8.138,25.504,flat,0
site_lpvyddf2dp,131,2024-05-11,6,5,12.659,2.293,52.433,14.512,0.000,0.703,0.343,0.870,197.554,73.891,24.709,16.103,time_of_use,0
site_8a103kt75c,166,2024-06-15,6,6,12.700,1.902,67.247,6.331,0.000,0.782,0.335,0.328,187.297,82.634,22.977,25.629,time_of_use,0
site_i72zb352li,44,2024-02-14,3,2,17.710,4.593,67.650,10.067,0.606,0.612,0.320,0.509,186.070,84.002,13.648,32.626,critical_peak,0
site_azlkiez3zd,45,2024-02-15,4,2,19.019,3.608,66.343,3.547,0.000,0.626,0.337,0.760,209.456,80.632,20.801,24.306,flat,0
site_mmvs0z732r,221,2024-08-09,5,8,6.935,1.250,74.495,8.835,0.000,0.578,0.174,0.615,153.977,63.779,14.352,18.966,time_of_use,0
site_azlkiez3zd,196,2024-07-15,1,7,8.937,0.580,67.117,14.794,0.000,0.650,0.303,0.537,200.763,72.702,18.561,21.833,critical_peak,0
site_hv02xi47qd,190,2024-07-09,2,7,6.879,1.623,67.883,15.798,1.055,0.585,0.232,0.657,230.034,71.478,19.195,24.544,flat,0
site_9ueuoqbp8k,47,2024-02-17,6,2,19.077,4.295,61.812,8.902,0.000,0.587,0.216,0.794,209.199,59.831,20.730,16.462,flat,0
site_wb8fh6amr3,37,2024-02-07,3,2,20.404,2.849,66.687,10.676,0.000,0.748,0.435,0.676,208.228,65.879,26.806,18.882,flat,0
site_esvkso5p9a,24,2024-01-25,4,1,16.370,3.354,84.057,19.041,0.000,0.599,0.103,0.776,197.109,75.708,17.649,13.452,critical_peak,0
site_8ttmv07z34,11,2024-01-12,5,1,9.042,4.050,72.367,8.466,0.000,0.651,0.035,0.658,158.946,65.612,9.697,17.792,flat,0
site_l7o5bnkp2o,140,2024-05-20,1,5,14.944,2.681,71.257,11.412,0.000,0.718,0.166,0.816,178.437,61.510,11.194,22.138,time_of_use,0
site_wkoe2l3dl1,76,2024-03-17,0,3,22.797,4.744,64.559,13.183,0.000,0.631,0.131,0.835,208.947,75.319,14.723,27.949,time_of_use,0
site_pyswc8o9g8,77,2024-03-18,1,3,24.730,4.551,40.938,19.376,0.000,0.695,0.252,0.575,235.231,54.391,29.339,15.795,time_of_use,0
site_lh13qhdxr8,81,2024-03-22,5,3,22.754,3.714,63.461,11.198,0.000,0.777,0.138,0.744,175.543,47.550,16.160,24.748,flat,0
site_12sjsgd733,157,2024-06-06,4,6,11.478,2.729,69.496,8.021,0.000,0.675,0.015,0.547,186.961,52.465,9.901,17.340,time_of_use,0
site_wkoe2l3dl1,78,2024-03-19,2,3,26.243,4.194,58.793,10.448,0.000,0.482,0.260,0.741,181.063,61.901,16.083,19.078,critical_peak,0
site_9ueuoqbp8k,217,2024-08-05,1,8,6.555,1.577,82.154,18.268,0.000,0.535,0.126,0.518,200.414,55.562,16.337,22.147,flat,0
site_9ueuoqbp8k,42,2024-02-12,1,2,15.395,2.220,64.663,7.720,0.366,0.528,0.252,0.312,204.298,64.353,21.448,26.306,critical_peak,0
site_lh13qhdxr8,176,2024-06-25,2,6,15.151,2.068,63.713,4.346,0.000,0.622,0.213,0.783,193.209,59.332,21.234,23.484,time_of_use,0
site_lpvyddf2dp,38,2024-02-08,4,2,25.476,3.153,69.498,11.820,0.000,0.654,0.341,0.756,173.457,67.337,17.151,18.086,flat,0
site_8ttmv07z34,75,2024-03-16,6,3,24.108,4.709,48.946,18.618,0.000,0.553,0.325,0.608,201.351,61.035,26.560,21.008,time_of_use,0
site_8ttmv07z34,215,2024-08-03,6,8,2.120,1.151,84.711,9.948,0.000,0.652,0.155,0.539,216.949,75.072,18.712,25.906,critical_peak,0
site_wkoe2l3dl1,160,2024-06-09,0,6,14.521,2.216,61.499,14.584,0.000,0.649,0.280,0.589,190.151,65.677,18.379,24.637,critical_peak,0
site_jby3v59n6p,196,2024-07-15,1,7,5.967,0.395,73.697,13.617,0.000,0.559,0.173,0.600,187.350,63.756,20.328,18.018,critical_peak,0
site_8ttmv07z34,114,2024-04-24,3,4,21.390,2.164,62.557,16.573,0.000,0.712,0.158,0.429,186.530,67.745,15.483,27.278,critical_peak,0
site_8ttmv07z34,118,2024-04-28,0,4,24.788,2.905,73.053,22.713,0.000,0.586,0.120,0.436,176.505,68.190,10.817,17.637,flat,0
site_8a103kt75c,57,2024-02-27,2,2,24.784,4.016,58.912,5.413,0.000,0.736,0.314,0.534,213.279,93.100,21.781,11.190,time_of_use,0
site_i72zb352li,36,2024-02-06,2,2,19.061,4.810,78.871,10.160,0.000,0.620,0.252,0.616,168.303,57.427,21.160,26.667,flat,0
site_lpvyddf2dp,141,2024-05-21,2,5,20.029,2.956,79.826,8.216,0.000,0.753,0.219,0.840,181.219,60.072,18.467,27.443,critical_peak,0
site_q96oxsn6t7,74,2024-03-15,5,3,21.205,3.995,72.594,9.849,6.086,0.652,0.107,0.811,164.397,60.540,15.321,30.791,flat,0
site_9ueuoqbp8k,45,2024-02-15,4,2,23.927,3.809,63.345,15.303,0.000,0.581,0.276,0.630,195.676,54.603,30.730,30.867,flat,0
site_8a103kt75c,168,2024-06-17,1,6,14.659,1.976,74.408,9.860,0.000,0.728,0.384,0.386,192.621,90.051,31.204,24.386,critical_peak,0
site_i72zb352li,165,2024-06-14,5,6,7.146,1.832,66.408,20.530,0.000,0.693,0.207,0.525,193.808,66.673,13.045,15.606,time_of_use,0
site_oqtmdxfv99,111,2024-04-21,0,4,26.460,3.110,78.117,5.393,0.314,0.786,0.194,0.794,188.395,80.037,20.825,25.482,time_of_use,0
site_cyoy81mba2,225,2024-08-13,2,8,6.142,2.137,56.982,11.907,0.000,0.563,0.188,0.567,175.044,61.359,25.102,24.130,flat,0
site_ruqwbu08ys,175,2024-06-24,1,6,13.201,2.292,,13.370,0.000,0.578,0.259,0.536,218.200,59.673,18.327,17.117,time_of_use,0
site_cyoy81mba2,42,2024-02-12,1,2,23.027,4.951,69.500,11.816,7.779,0.638,0.120,0.613,179.659,50.124,12.621,21.162,critical_peak,0
site_azlkiez3zd,211,2024-07-30,2,7,15.064,0.385,68.028,13.885,2.928,0.789,0.257,0.697,198.967,83.185,21.477,8.744,time_of_use,0
site_lh13qhdxr8,20,2024-01-21,0,1,15.551,4.380,74.205,6.279,0.000,0.616,0.095,0.980,161.188,60.617,18.812,29.737,flat,0
site_lpvyddf2dp,154,2024-06-03,1,6,11.465,0.392,71.585,14.571,0.000,0.630,0.319,0.597,231.461,53.556,17.837,18.262,flat,0
site_i72zb352li,83,2024-03-24,0,3,,4.733,54.135,9.408,0.000,0.700,0.353,0.922,,65.491,26.113,25.470,flat,0
site_12sjsgd733,20,2024-01-21,0,1,14.074,3.956,80.722,11.346,1.554,0.632,0.206,0.507,187.823,83.655,15.578,,flat,0
site_12sjsgd733,210,2024-07-29,1,7,3.978,1.961,79.881,2.924,0.000,0.500,0.015,0.353,174.686,75.633,19.759,19.576,time_of_use,0
site_lpvyddf2dp,149,2024-05-29,3,5,14.313,2.708,71.680,12.538,0.000,0.682,0.256,0.747,194.287,67.661,23.984,22.013,time_of_use,0
site_8a103kt75c,227,2024-08-15,4,8,6.758,1.614,75.530,10.434,0.000,0.713,0.455,0.589,233.118,69.150,26.571,13.393,flat,0
site_l7o5bnkp2o,164,2024-06-13,4,6,,1.774,65.900,3.543,0.000,0.639,0.153,0.554,200.730,52.016,14.502,25.425,flat,0
site_owpbo6i70y,216,2024-08-04,0,8,1.219,2.876,76.103,13.185,0.000,0.705,0.033,0.607,,79.518,22.486,21.591,flat,0
site_esvkso5p9a,144,2024-05-24,5,5,17.783,1.992,45.860,13.660,0.000,0.605,0.329,0.818,173.725,87.274,19.487,12.406,flat,0
site_mmvs0z732r,77,2024-03-18,1,3,25.101,,77.160,4.016,0.000,0.581,0.125,0.616,203.374,79.443,11.277,23.240,time_of_use,0
site_mmvs0z732r,66,2024-03-07,4,3,21.928,4.492,63.096,12.620,0.000,0.543,0.015,0.777,149.007,74.160,11.718,15.113,time_of_use,0
site_esvkso5p9a,114,2024-04-24,3,4,19.503,3.732,61.707,10.796,0.000,0.743,0.107,0.759,162.951,71.661,18.580,26.589,critical_peak,0
site_8ttmv07z34,76,2024-03-17,0,3,23.944,4.520,54.311,9.274,0.000,0.690,0.220,0.611,181.204,52.674,20.852,29.981,time_of_use,0
site_xms2f2z823,203,2024-07-22,1,7,7.151,0.460,79.485,15.827,0.000,0.620,0.465,0.435,210.899,43.920,32.033,18.053,time_of_use,0
site_q96oxsn6t7,33,2024-02-03,6,2,20.559,3.773,68.414,6.067,0.000,0.592,0.163,0.642,161.963,56.530,13.533,31.045,critical_peak,0
site_653fbtaxzy,231,2024-08-19,1,8,10.180,1.834,80.554,15.646,0.000,0.623,0.409,0.467,209.857,85.356,29.814,16.524,critical_peak,0
site_i72zb352li,141,2024-05-21,2,5,21.107,2.009,64.924,14.185,1.338,0.674,0.218,,166.190,78.780,14.662,33.136,critical_peak,0
site_esvkso5p9a,231,2024-08-19,1,8,10.289,1.153,63.858,9.786,0.000,0.655,0.425,0.724,214.819,64.835,22.733,21.012,critical_peak,0
site_ruqwbu08ys,205,2024-07-24,3,7,7.190,1.734,75.443,11.201,0.000,0.570,0.374,0.460,219.922,67.573,20.417,5.677,critical_peak,0
site_oqtmdxfv99,141,2024-05-21,2,5,17.803,4.598,54.106,16.671,0.000,0.553,0.094,0.738,173.805,67.449,10.967,34.913,critical_peak,0
site_mmvs0z732r,173,2024-06-22,6,6,8.212,0.533,77.577,14.266,0.000,0.507,0.015,0.424,199.922,72.368,13.809,9.299,flat,0
site_653fbtaxzy,68,2024-03-09,6,3,19.881,5.016,61.248,10.134,,0.651,0.375,0.663,178.107,95.691,14.915,15.895,time_of_use,0
site_owpbo6i70y,67,2024-03-08,5,3,28.157,5.083,59.746,17.440,0.000,0.702,0.211,0.870,186.647,74.034,16.178,22.950,time_of_use,1
site_lpvyddf2dp,170,2024-06-19,3,6,9.260,1.600,74.820,5.365,0.000,0.694,0.154,0.639,189.990,77.467,18.770,17.320,critical_peak,0
site_wb8fh6amr3,113,2024-04-23,2,4,24.093,4.720,69.900,10.085,0.000,0.731,0.373,0.873,198.178,72.969,22.737,22.135,time_of_use,0
site_jby3v59n6p,151,2024-05-31,5,5,11.618,2.724,82.266,11.672,0.000,0.538,0.015,0.388,186.379,74.007,13.432,14.381,critical_peak,0
site_q96oxsn6t7,141,2024-05-21,2,5,13.441,2.400,66.797,15.524,0.000,0.597,0.200,0.817,173.813,70.110,16.945,25.489,critical_peak,0
site_q96oxsn6t7,123,2024-05-03,5,5,18.162,3.255,75.953,7.258,0.137,0.564,0.191,0.958,169.755,73.523,16.497,22.881,critical_peak,0
site_wb8fh6amr3,210,2024-07-29,1,7,3.758,1.873,71.342,15.032,0.000,0.728,0.251,0.758,189.648,65.229,17.046,18.017,time_of_use,0
site_8a103kt75c,237,2024-08-25,0,8,13.101,1.239,62.638,9.433,0.000,0.719,0.315,0.501,190.245,74.626,25.715,16.456,time_of_use,0
site_wkoe2l3dl1,195,2024-07-14,0,7,8.053,0.952,64.485,11.773,0.000,0.672,0.451,0.632,197.381,66.886,16.744,21.714,critical_peak,0
site_i72zb352li,211,2024-07-30,2,7,10.347,0.823,63.843,16.606,0.000,0.666,0.140,0.615,202.799,58.702,19.397,32.449,time_of_use,0
site_xms2f2z823,8,2024-01-09,2,1,7.560,2.636,60.685,1.977,0.000,0.602,0.461,0.646,209.905,58.591,26.454,26.223,critical_peak,1
site_653fbtaxzy,174,2024-06-23,0,6,14.009,1.228,65.057,9.237,0.000,0.729,0.268,0.603,214.065,62.427,18.427,19.776,time_of_use,0
site_azlkiez3zd,83,2024-03-24,0,3,25.343,5.941,80.114,15.242,0.000,0.607,0.239,0.937,186.114,64.486,11.053,20.984,flat,0
site_hv02xi47qd,80,2024-03-21,4,3,27.329,4.296,56.167,3.781,0.000,0.666,0.244,0.785,207.291,80.631,24.358,20.532,critical_peak,0
site_lh13qhdxr8,53,2024-02-23,5,2,17.333,4.480,49.106,6.811,0.000,0.625,0.225,0.676,149.537,58.249,31.401,22.838,critical_peak,1
site_l7o5bnkp2o,84,2024-03-25,1,3,23.580,4.755,46.345,13.548,0.000,0.727,0.125,0.821,159.929,68.654,15.036,25.663,time_of_use,0
site_wkoe2l3dl1,189,2024-07-08,1,7,8.992,1.180,74.041,13.717,0.000,0.643,0.160,0.539,200.380,57.272,21.303,23.693,flat,0
site_xms2f2z823,61,2024-03-02,6,3,19.789,3.438,67.577,5.899,0.000,0.618,0.366,0.638,167.105,64.028,27.431,24.546,critical_peak,0
site_8a103kt75c,217,2024-08-05,1,8,9.508,3.530,69.629,12.715,0.000,0.885,0.277,0.934,216.938,80.981,19.411,24.328,flat,0
site_esvkso5p9a,232,2024-08-20,2,8,9.374,2.810,76.656,10.382,0.000,0.662,0.100,0.730,208.206,68.746,16.747,32.694,critical_peak,0
site_wb8fh6amr3,1,2024-01-02,2,1,10.565,3.134,65.755,12.922,0.000,0.738,0.433,0.447,212.409,84.872,24.668,23.325,flat,0
site_i72zb352li,187,2024-07-06,6,7,12.422,0.474,77.510,8.129,0.000,0.616,0.431,0.515,201.343,68.630,17.971,31.272,critical_peak,0
site_cyoy81mba2,175,2024-06-24,1,6,11.079,0.282,70.230,13.779,0.000,0.712,0.237,0.672,154.592,63.583,16.833,22.045,time_of_use,0
site_cyoy81mba2,205,2024-07-24,3,7,9.975,1.963,69.761,9.289,0.000,0.567,0.155,0.688,189.261,65.157,13.444,17.689,critical_peak,0
site_mmvs0z732r,174,2024-06-23,0,6,8.244,1.019,55.851,5.308,0.000,0.580,0.260,0.630,223.110,69.120,24.634,11.286,time_of_use,0
site_hv02xi47qd,172,2024-06-21,5,6,12.588,1.611,62.957,12.873,0.000,0.656,0.402,0.678,190.539,71.636,21.780,21.502,flat,0
site_unn79reovm,96,2024-04-06,6,4,27.501,3.536,76.530,14.973,0.000,0.755,0.095,0.540,206.746,68.588,10.483,23.761,critical_peak,0
site_oqtmdxfv99,74,2024-03-15,5,3,23.213,2.927,62.277,10.860,0.000,0.812,0.015,0.486,187.841,64.484,15.598,24.589,flat,0
site_i72zb352li,114,2024-04-24,3,4,22.268,3.554,68.312,11.668,0.000,0.789,0.152,0.563,193.411,79.015,13.756,26.643,critical_peak,0
site_653fbtaxzy,130,2024-05-10,5,5,17.352,3.932,62.030,10.128,0.000,0.576,0.097,0.671,197.738,77.394,13.320,24.313,time_of_use,0
site_hv02xi47qd,105,2024-04-15,1,4,24.348,3.495,62.519,14.607,0.000,0.697,0.143,0.713,198.986,72.957,25.912,21.059,critical_peak,0
site_unn79reovm,139,2024-05-19,0,5,11.728,1.759,68.062,10.778,0.000,0.651,0.065,0.310,190.081,65.619,11.247,22.287,time_of_use,0
site_9ueuoqbp8k,92,2024-04-02,2,4,25.130,4.623,58.075,15.943,0.000,0.594,0.301,0.708,195.525,52.902,27.092,15.690,flat,0
site_653fbtaxzy,114,2024-04-24,3,4,20.376,4.152,65.758,13.200,0.000,0.712,0.212,0.716,212.350,81.191,20.232,23.680,critical_peak,0
site_pyswc8o9g8,30,2024-01-31,3,1,13.949,4.743,75.176,14.700,0.000,0.508,0.173,0.657,230.651,61.222,17.898,23.076,time_of_use,0
site_owpbo6i70y,206,2024-07-25,4,7,6.743,1.651,65.654,6.778,0.000,0.446,0.135,0.558,173.940,64.361,18.464,17.102,critical_peak,0
site_lpvyddf2dp,47,2024-02-17,6,2,17.157,4.877,65.313,9.338,,0.653,0.353,0.900,175.446,79.335,25.240,21.433,flat,0
site_653fbtaxzy,7,2024-01-08,1,1,15.152,4.127,51.039,12.167,0.000,0.584,0.422,0.514,232.090,88.978,26.251,11.283,critical_peak,0
site_q96oxsn6t7,7,2024-01-08,1,1,11.928,3.261,61.810,15.502,0.000,0.520,0.023,0.856,204.230,43.817,9.344,24.114,critical_peak,0
site_lpvyddf2dp,181,2024-06-30,0,6,3.305,1.220,75.926,7.330,0.000,0.603,0.336,0.739,205.357,63.524,21.983,30.667,flat,0
site_jby3v59n6p,131,2024-05-11,6,5,19.331,1.297,67.688,9.849,0.607,0.663,0.206,0.522,216.885,46.256,15.833,28.957,time_of_use,0
site_l7o5bnkp2o,67,2024-03-08,5,3,25.039,3.875,60.796,5.586,0.000,0.582,0.291,0.766,203.172,47.661,22.999,26.050,time_of_use,0
site_lh13qhdxr8,123,2024-05-03,5,5,19.166,3.206,60.168,14.712,0.000,0.635,0.197,0.715,175.535,60.792,27.050,14.487,critical_peak,0
site_jby3v59n6p,81,2024-03-22,5,3,23.515,4.757,63.149,14.865,0.000,0.466,0.015,0.663,213.882,62.645,13.503,16.633,flat,0
site_azlkiez3zd,145,2024-05-25,6,5,14.843,2.968,64.235,9.663,0.000,0.693,0.281,0.822,184.333,67.903,24.668,21.159,flat,0
site_q96oxsn6t7,155,2024-06-04,2,6,15.190,2.206,63.787,12.410,0.000,0.673,0.089,0.489,188.586,52.679,12.569,25.628,flat,0
site_xms2f2z823,77,2024-03-18,1,3,25.985,3.552,51.618,9.814,0.000,0.633,0.196,0.538,175.280,66.353,26.052,24.501,time_of_use,0
site_lpvyddf2dp,119,2024-04-29,1,4,24.653,2.441,61.967,,0.000,0.739,0.175,0.617,186.892,89.527,19.052,17.581,flat,0
site_i72zb352li,40,2024-02-10,6,2,18.932,5.379,71.287,15.913,0.000,0.859,0.284,0.695,202.647,81.509,19.826,18.551,time_of_use,0
site_owpbo6i70y,83,2024-03-24,0,3,24.349,4.369,68.504,8.440,0.000,0.700,0.144,0.943,177.856,83.617,10.075,20.823,flat,0
site_jby3v59n6p,216,2024-08-04,0,8,5.420,1.713,67.371,7.008,0.000,0.598,0.078,0.530,188.463,56.463,13.395,29.979,flat,0
site_12sjsgd733,5,2024-01-06,6,1,4.839,2.094,74.860,12.634,0.000,0.604,0.015,0.278,157.577,71.280,11.348,15.222,time_of_use,0
site_owpbo6i70y,64,2024-03-05,2,3,22.881,3.862,78.463,5.110,0.000,0.569,0.114,0.781,177.336,62.543,6.467,23.542,flat,1
site_cyoy81mba2,47,2024-02-17,6,2,15.751,3.821,69.556,7.511,0.000,0.694,0.180,0.699,161.645,66.417,21.411,28.020,flat,0
site_12sjsgd733,57,2024-02-27,2,2,20.464,3.185,63.418,8.512,0.000,0.546,0.117,0.669,175.062,57.418,21.150,18.770,time_of_use,0
site_jby3v59n6p,3,2024-01-04,4,1,11.739,2.874,75.434,12.668,0.000,0.672,0.064,0.433,172.733,62.580,11.357,16.176,time_of_use,0
site_lpvyddf2dp,186,2024-07-05,5,7,7.402,2.878,70.370,0.200,0.000,0.623,0.321,0.777,206.758,70.691,22.417,18.156,critical_peak,0
site_xms2f2z823,183,2024-07-02,2,7,6.856,1.645,78.611,11.703,0.000,0.814,0.448,0.671,218.831,57.852,28.648,18.885,time_of_use,0
site_q96oxsn6t7,147,2024-05-27,1,5,16.589,1.654,74.340,14.242,4.221,0.539,0.084,0.707,183.541,61.551,11.660,16.906,time_of_use,0
site_9ueuoqbp8k,151,2024-05-31,5,5,8.242,1.787,75.865,11.045,0.000,0.678,0.389,0.588,231.161,68.515,17.542,25.940,critical_peak,0
site_wb8fh6amr3,183,2024-07-02,2,7,7.603,0.817,67.685,8.164,0.000,0.666,0.216,0.669,169.932,71.085,22.469,25.686,time_of_use,1
site_lpvyddf2dp,91,2024-04-01,1,4,28.169,4.702,54.275,8.410,0.000,0.597,0.130,0.673,189.312,67.562,25.266,20.147,flat,0
site_lh13qhdxr8,102,2024-04-12,5,4,24.335,3.882,49.989,17.918,0.000,0.571,0.180,0.883,165.715,76.711,24.493,15.357,time_of_use,0
site_lpvyddf2dp,33,2024-02-03,6,2,16.988,3.447,69.899,16.170,0.000,0.902,0.216,0.888,156.568,89.891,17.771,26.874,critical_peak,0
site_i72zb352li,37,2024-02-07,3,2,18.371,4.558,65.603,12.154,0.000,0.794,0.072,0.636,182.493,70.672,9.768,24.510,flat,0
site_wkoe2l3dl1,55,2024-02-25,0,2,23.023,4.077,65.382,8.786,0.000,0.620,0.286,0.465,179.611,68.940,23.151,26.236,flat,0
site_wkoe2l3dl1,133,2024-05-13,1,5,20.889,2.398,69.461,18.906,0.000,0.671,0.265,0.808,211.332,41.699,20.750,17.258,critical_peak,0
site_hv02xi47qd,211,2024-07-30,2,7,9.184,1.725,65.222,13.343,0.100,0.712,0.098,0.665,,74.095,25.160,35.215,time_of_use,0
site_12sjsgd733,44,2024-02-14,3,2,23.376,3.359,68.302,3.663,0.000,0.633,0.015,0.623,163.856,61.449,8.150,18.987,critical_peak,0
site_ruqwbu08ys,56,2024-02-26,1,2,,3.648,56.699,9.896,0.000,0.559,0.350,0.747,215.813,,30.147,18.585,flat,0
site_i72zb352li,59,2024-02-29,4,2,20.939,3.711,53.449,15.756,0.000,0.643,0.331,0.657,210.973,63.724,15.144,27.113,time_of_use,0
site_esvkso5p9a,183,2024-07-02,2,7,10.964,0.824,82.907,4.808,0.000,0.705,0.204,0.595,203.029,86.955,16.590,21.345,time_of_use,0
site_ruqwbu08ys,8,2024-01-09,2,1,5.658,0.303,66.193,13.480,0.000,0.690,,0.290,229.292,68.032,23.483,17.254,critical_peak,0
site_i72zb352li,105,2024-04-15,1,4,22.288,4.002,60.560,11.001,0.000,0.734,0.263,0.467,182.163,71.734,17.243,22.282,critical_peak,0
site_12sjsgd733,173,2024-06-22,6,6,10.540,1.724,78.712,11.583,0.000,0.593,0.048,,188.602,68.462,14.790,24.647,flat,0
site_653fbtaxzy,207,2024-07-26,5,7,4.323,0.796,69.748,17.280,0.000,0.709,0.179,0.460,232.676,82.244,21.407,18.273,flat,0
site_9ueuoqbp8k,0,2024-01-01,1,1,0.041,2.843,62.490,8.853,0.000,0.619,0.299,0.632,211.932,73.710,22.866,23.540,flat,0
site_lh13qhdxr8,124,2024-05-04,6,5,17.536,3.558,70.701,8.887,0.000,0.515,0.237,0.697,159.215,72.178,26.513,21.654,critical_peak,0
site_oqtmdxfv99,223,2024-08-11,0,8,10.058,2.366,82.145,10.923,0.000,0.689,0.125,0.559,214.185,76.490,24.977,28.305,critical_peak,0
site_pyswc8o9g8,154,2024-06-03,1,6,11.965,1.408,64.232,10.023,0.000,0.577,0.015,0.457,202.709,48.614,9.476,31.686,flat,0
site_wb8fh6amr3,147,2024-05-27,1,5,16.353,3.035,70.763,8.488,0.000,,0.253,0.879,201.318,61.005,14.781,21.849,time_of_use,0
site_oqtmdxfv99,113,2024-04-23,2,4,24.037,3.317,67.795,11.290,0.000,0.652,0.015,0.882,224.167,60.536,18.372,27.149,time_of_use,0
site_mmvs0z732r,57,2024-02-27,2,2,22.127,4.154,55.182,12.269,0.000,0.440,0.150,0.741,197.099,60.334,17.737,19.054,time_of_use,0
site_lh13qhdxr8,193,2024-07-12,5,7,4.180,1.121,77.715,14.256,0.000,0.681,0.174,0.619,182.930,82.831,19.437,14.591,time_of_use,0
site_xms2f2z823,238,2024-08-26,1,8,11.262,1.797,80.429,17.489,0.000,0.581,0.228,0.532,203.384,58.685,8.517,23.629,time_of_use,0
site_l7o5bnkp2o,40,2024-02-10,6,2,19.458,3.538,66.745,9.533,0.000,0.666,0.235,0.575,166.561,52.865,22.550,16.746,time_of_use,0
site_wkoe2l3dl1,205,2024-07-24,3,7,4.577,0.908,79.065,12.521,2.902,0.593,0.247,0.554,195.256,68.899,25.374,22.572,critical_peak,0
site_653fbtaxzy,150,2024-05-30,4,5,10.309,2.305,65.636,17.766,0.000,0.502,0.257,0.609,238.564,79.063,18.656,7.954,critical_peak,0
site_wb8fh6amr3,152,2024-06-01,6,6,15.478,2.506,61.933,10.402,6.602,0.806,0.406,0.692,170.233,56.117,21.136,17.297,critical_peak,0
site_mmvs0z732r,87,2024-03-28,4,3,24.064,4.184,58.887,7.715,0.000,0.535,0.019,0.570,163.823,72.120,17.084,27.607,critical_peak,0
site_azlkiez3zd,200,2024-07-19,5,7,10.026,0.806,78.891,14.540,0.000,0.672,0.157,0.836,166.134,81.671,19.600,26.916,flat,0
site_xms2f2z823,104,2024-04-14,0,4,23.511,2.889,55.247,16.990,1.193,0.703,0.381,0.384,153.926,54.564,22.069,14.297,time_of_use,0
site_xms2f2z823,64,2024-03-05,2,3,25.501,4.180,74.017,8.926,0.000,0.728,0.360,0.814,,70.783,23.489,23.565,flat,0
site_owpbo6i70y,144,2024-05-24,5,5,15.736,1.795,48.000,1.195,0.000,0.586,0.052,0.518,142.737,79.566,,12.541,flat,0
site_lh13qhdxr8,103,2024-04-13,6,4,22.777,3.837,44.687,9.648,0.000,0.542,0.328,0.756,169.742,62.388,22.383,11.206,time_of_use,0
site_8a103kt75c,119,2024-04-29,1,4,17.457,2.754,76.523,9.312,0.000,0.732,0.276,0.577,222.225,81.984,23.466,19.580,flat,0
site_lh13qhdxr8,154,2024-06-03,1,6,9.173,2.109,74.428,7.111,0.000,0.646,0.120,0.654,157.606,58.272,18.128,20.175,flat,0
site_q96oxsn6t7,103,2024-04-13,6,4,23.634,3.200,48.576,1.948,0.000,0.591,0.015,0.678,166.829,64.806,13.493,22.953,time_of_use,0
site_9ueuoqbp8k,211,2024-07-30,2,7,10.272,1.161,75.603,9.947,0.000,0.649,0.287,0.610,164.019,58.817,27.548,33.002,time_of_use,0
site_lh13qhdxr8,110,2024-04-20,6,4,25.625,3.360,63.750,12.874,0.000,0.687,0.395,0.711,204.816,75.512,29.646,20.348,flat,0
site_jby3v59n6p,173,2024-06-22,6,6,12.415,1.294,75.831,9.176,0.000,0.731,0.135,0.322,192.034,61.198,9.989,15.217,flat,0
site_unn79reovm,20,2024-01-21,0,1,15.938,2.589,70.082,7.090,0.000,0.678,0.158,0.271,210.833,66.447,18.215,19.594,flat,1
site_unn79reovm,37,2024-02-07,3,2,16.990,3.688,56.592,11.140,0.000,0.585,0.101,0.440,180.751,60.116,10.423,17.387,flat,0
site_12sjsgd733,140,2024-05-20,1,5,18.782,2.100,71.660,3.210,0.000,0.690,0.185,0.473,183.271,62.364,16.199,19.902,time_of_use,0
site_oqtmdxfv99,62,2024-03-03,0,3,23.473,4.185,67.034,13.323,0.000,0.688,0.160,0.617,187.633,77.010,30.281,30.378,critical_peak,0
site_esvkso5p9a,199,2024-07-18,4,7,5.494,1.260,82.017,10.197,0.000,0.657,0.034,0.585,248.359,67.221,14.098,20.361,flat,0
site_lh13qhdxr8,52,2024-02-22,4,2,21.054,3.858,52.364,17.635,0.000,0.675,0.166,0.822,139.678,77.518,23.851,14.697,critical_peak,0
site_pyswc8o9g8,208,2024-07-27,6,7,6.824,1.952,80.273,16.129,0.000,0.681,0.167,0.422,198.017,58.214,18.147,17.026,flat,0
site_8ttmv07z34,16,2024-01-17,3,1,14.022,3.063,68.658,9.759,0.000,0.736,0.112,0.546,181.701,73.368,12.845,19.321,critical_peak,0
site_l7o5bnkp2o,19,2024-01-20,6,1,16.481,3.940,,11.606,0.000,0.599,0.296,0.589,194.048,61.254,22.917,11.628,flat,0
site_owpbo6i70y,28,2024-01-29,1,1,15.966,1.693,69.155,5.486,0.000,0.714,0.187,0.552,158.853,59.912,15.993,17.328,flat,0
site_ruqwbu08ys,88,2024-03-29,5,3,26.760,4.152,58.963,12.472,0.000,0.659,0.163,0.439,219.020,62.297,16.393,15.051,critical_peak,0
site_9ueuoqbp8k,192,2024-07-11,4,7,5.799,1.531,75.130,2.278,0.000,0.835,0.232,0.399,188.246,60.137,19.813,23.298,time_of_use,0
site_cyoy81mba2,206,2024-07-25,4,7,4.024,1.029,76.687,6.936,1.871,0.602,0.079,0.576,196.651,57.909,18.951,19.296,critical_peak,0
site_653fbtaxzy,34,2024-02-04,0,2,15.850,3.271,83.489,16.501,0.100,0.654,0.158,0.723,187.012,92.850,20.221,8.861,critical_peak,0
site_owpbo6i70y,138,2024-05-18,6,5,18.818,2.786,75.659,8.800,0.000,0.695,0.108,0.513,145.713,51.475,11.890,23.871,time_of_use,0
site_653fbtaxzy,113,2024-04-23,2,4,24.754,3.272,72.003,14.422,0.000,0.773,0.104,0.649,173.633,77.991,16.833,15.847,time_of_use,0
site_wkoe2l3dl1,129,2024-05-09,4,5,20.756,5.005,61.739,11.355,0.000,0.611,0.276,0.976,188.154,57.631,15.193,28.712,time_of_use,0
site_l7o5bnkp2o,212,2024-07-31,3,7,6.207,1.586,73.722,16.440,0.000,0.660,0.165,0.742,217.664,52.001,17.956,13.830,time_of_use,0
site_9ueuoqbp8k,20,2024-01-21,0,1,13.598,3.700,74.813,12.451,1.690,0.532,0.357,0.831,212.242,61.207,33.235,25.947,flat,0
site_i72zb352li,137,2024-05-17,5,5,17.948,3.862,76.768,14.103,0.000,0.780,0.274,0.576,199.390,70.584,13.135,19.159,flat,0
site_l7o5bnkp2o,103,2024-04-13,6,4,19.774,3.097,58.425,13.002,0.000,0.683,0.227,0.696,196.180,,20.245,19.805,time_of_use,0
site_8a103kt75c,200,2024-07-19,5,7,4.629,2.506,68.343,6.301,0.000,0.802,0.471,0.622,180.730,75.265,25.659,19.266,flat,0
site_l7o5bnkp2o,156,2024-06-05,3,6,13.504,1.977,64.879,17.876,1.703,0.544,0.245,0.742,179.405,63.127,21.493,32.633,time_of_use,0
site_ruqwbu08ys,17,2024-01-18,4,1,10.372,3.674,60.066,14.873,0.000,0.620,0.386,,249.445,60.445,28.600,22.182,critical_peak,0
site_i72zb352li,7,2024-01-08,1,1,9.674,3.156,84.333,12.965,0.373,0.671,0.300,0.516,202.258,54.943,21.992,30.388,critical_peak,0
site_owpbo6i70y,131,2024-05-11,6,5,19.275,2.643,68.161,7.554,0.000,0.579,0.189,0.589,147.312,64.742,9.356,,time_of_use,0
site_653fbtaxzy,220,2024-08-08,4,8,11.483,1.065,86.636,13.421,0.000,0.751,0.238,0.536,172.565,76.982,16.440,21.432,time_of_use,0
site_unn79reovm,164,2024-06-13,4,6,12.620,2.319,68.367,11.488,0.821,0.719,0.132,0.422,212.189,67.059,12.386,25.279,flat,0
site_azlkiez3zd,38,2024-02-08,4,2,17.782,3.276,66.734,8.564,0.000,0.764,0.258,0.513,189.212,70.252,24.624,34.109,flat,0
site_unn79reovm,220,2024-08-08,4,8,5.388,1.906,82.738,9.267,0.000,0.571,0.188,0.265,211.477,59.952,16.180,17.273,time_of_use,0
site_jby3v59n6p,17,2024-01-18,4,1,12.266,3.040,63.416,14.539,0.000,0.621,0.235,0.425,217.578,59.847,14.380,28.886,critical_peak,0
site_ruqwbu08ys,176,2024-06-25,2,6,9.128,2.785,76.387,11.346,0.000,0.566,0.243,0.527,216.571,58.713,23.072,21.782,time_of_use,0
site_653fbtaxzy,212,2024-07-31,3,7,6.352,1.201,80.883,16.508,0.000,0.707,0.260,0.575,268.092,77.603,17.997,14.946,time_of_use,0
site_jby3v59n6p,15,2024-01-16,2,1,8.520,4.242,63.507,10.819,0.000,0.522,0.203,0.830,208.112,54.882,23.180,28.266,critical_peak,0
site_owpbo6i70y,51,2024-02-21,3,2,22.546,3.126,53.034,14.501,0.000,0.686,0.126,0.486,169.006,60.761,16.031,18.961,critical_peak,0
site_lpvyddf2dp,121,2024-05-01,3,5,21.906,3.066,46.723,14.827,0.000,0.649,0.107,0.641,176.022,48.868,23.925,18.330,time_of_use,0
site_wb8fh6amr3,121,2024-05-01,3,5,22.816,2.209,75.569,10.161,0.504,0.781,0.305,0.669,194.835,72.319,18.194,15.225,time_of_use,0
site_azlkiez3zd,98,2024-04-08,1,4,24.609,2.785,59.412,19.697,0.000,0.623,0.052,0.566,214.453,67.585,20.517,11.887,critical_peak,0
site_oqtmdxfv99,46,2024-02-16,5,2,18.940,3.898,56.915,5.014,0.000,0.824,0.219,0.521,216.631,67.919,,18.543,flat,0
site_xms2f2z823,113,2024-04-23,2,4,24.956,4.052,63.634,14.287,0.000,0.608,0.350,0.640,194.993,55.414,20.702,16.230,time_of_use,0
site_xms2f2z823,136,2024-05-16,4,5,10.737,2.414,,15.598,0.000,0.728,0.377,0.440,187.466,63.232,18.684,21.772,flat,0
site_pyswc8o9g8,183,2024-07-02,2,7,8.844,2.006,65.182,4.040,,0.638,0.047,0.503,204.155,67.115,12.193,18.507,time_of_use,0
site_9ueuoqbp8k,159,2024-06-08,6,6,7.977,1.908,67.742,19.124,0.000,0.607,0.209,0.613,218.661,68.008,13.348,13.586,critical_peak,0
site_wkoe2l3dl1,162,2024-06-11,2,6,11.511,2.693,80.949,15.787,0.000,0.602,0.310,0.505,194.157,49.281,17.099,29.580,flat,0
site_lh13qhdxr8,142,2024-05-22,3,5,19.193,2.287,71.121,7.877,0.000,0.766,0.266,0.579,154.379,74.209,15.022,28.481,critical_peak,0
site_12sjsgd733,136,2024-05-16,4,5,21.582,3.349,76.666,8.044,0.000,0.601,0.019,0.339,153.585,75.055,12.013,12.636,flat,0
site_653fbtaxzy,151,2024-05-31,5,5,13.997,1.880,66.739,10.673,0.000,0.783,0.267,0.384,,85.181,20.029,19.522,critical_peak,0
site_8a103kt75c,133,2024-05-13,1,5,20.823,3.803,69.739,5.473,0.378,0.645,0.281,0.624,209.256,67.932,24.544,18.010,critical_peak,0
site_12sjsgd733,146,2024-05-26,0,5,12.732,1.154,69.381,10.442,0.000,0.526,0.040,0.381,162.531,58.068,13.229,27.696,flat,0
site_jby3v59n6p,199,2024-07-18,4,7,4.425,1.038,88.740,7.767,0.000,0.600,0.077,0.409,180.232,58.781,20.219,30.461,flat,0
site_8a103kt75c,114,2024-04-24,3,4,21.416,3.521,50.402,5.501,0.000,0.709,0.265,0.682,197.833,88.298,19.363,22.350,critical_peak,0
site_azlkiez3zd,181,2024-06-30,0,6,6.915,1.367,68.571,12.447,0.000,0.648,0.342,0.618,179.250,67.065,24.098,21.540,flat,0
site_lpvyddf2dp,94,2024-04-04,4,4,22.458,5.224,,10.915,0.000,0.666,0.231,0.952,176.120,76.608,17.546,22.723,time_of_use,0
site_jby3v59n6p,60,2024-03-01,5,3,22.835,4.465,60.641,23.793,0.297,0.615,0.237,0.710,214.343,79.197,5.257,26.209,critical_peak,0
site_xms2f2z823,70,2024-03-11,1,3,22.716,3.406,60.211,,,0.586,0.303,0.830,177.846,76.061,33.535,22.553,critical_peak,0
site_azlkiez3zd,116,2024-04-26,5,4,20.384,3.864,53.476,8.782,0.381,0.667,0.186,0.602,176.482,68.304,15.022,29.187,critical_peak,0
site_hv02xi47qd,40,2024-02-10,6,2,24.898,4.126,73.099,2.743,0.000,0.830,0.356,0.655,205.190,72.260,22.173,18.300,time_of_use,0
site_9ueuoqbp8k,111,2024-04-21,0,4,22.249,2.671,65.478,5.021,0.000,0.571,0.294,0.520,199.820,57.471,18.497,20.569,time_of_use,0
site_i72zb352li,43,2024-02-13,2,2,20.063,3.604,72.921,6.177,0.000,0.655,0.410,0.567,173.440,73.074,12.153,25.150,critical_peak,0
site_12sjsgd733,87,2024-03-28,4,3,24.755,3.318,57.980,10.696,0.000,0.666,0.038,0.478,175.862,64.795,16.598,30.259,critical_peak,0
site_wb8fh6amr3,99,2024-04-09,2,4,22.208,2.808,40.545,10.828,0.000,0.643,0.278,0.778,176.691,88.055,22.248,21.975,flat,0
site_xms2f2z823,78,2024-03-19,2,3,20.634,2.093,52.838,9.783,0.000,0.701,0.397,0.482,179.847,54.992,25.310,23.122,critical_peak,0
site_hv02xi47qd,26,2024-01-27,6,1,12.609,2.145,70.882,11.916,0.000,0.595,0.313,0.614,200.711,75.684,28.321,17.557,critical_peak,0
site_esvkso5p9a,65,2024-03-06,3,3,26.904,3.812,56.378,10.404,0.000,0.566,0.214,0.853,229.048,51.657,10.206,24.677,flat,0
site_esvkso5p9a,81,2024-03-22,5,3,22.750,2.445,69.900,10.793,0.000,0.608,0.321,0.784,183.912,61.602,25.648,15.064,flat,0
site_8a103kt75c,54,2024-02-24,6,2,23.231,5.218,70.488,9.692,0.000,0.668,0.237,0.828,219.482,82.972,21.046,19.761,flat,0
site_xms2f2z823,230,2024-08-18,0,8,13.300,1.326,75.140,13.405,0.000,0.684,0.387,0.763,214.289,57.766,25.289,19.401,time_of_use,0
site_l7o5bnkp2o,80,2024-03-21,4,3,27.497,4.724,55.925,14.971,0.000,0.701,0.245,0.813,185.481,53.801,21.188,7.847,critical_peak,0
site_8ttmv07z34,235,2024-08-23,5,8,11.883,2.696,72.936,14.263,0.000,0.677,0.182,0.568,188.547,57.552,21.070,12.535,flat,0
site_12sjsgd733,128,2024-05-08,3,5,18.259,3.434,60.610,5.754,0.000,0.527,0.083,0.658,190.488,63.968,18.196,17.462,flat,0
site_l7o5bnkp2o,174,2024-06-23,0,6,12.379,0.954,73.137,12.782,0.000,0.690,0.254,0.720,196.194,60.416,15.989,21.912,time_of_use,0
site_hv02xi47qd,138,2024-05-18,6,5,20.044,2.161,71.851,13.233,0.000,0.733,0.174,0.681,207.851,85.416,17.766,29.716,time_of_use,0
site_9ueuoqbp8k,95,2024-04-05,5,4,24.024,3.127,59.994,17.361,0.000,0.667,0.222,0.581,191.341,56.102,21.701,19.721,time_of_use,0
site_unn79reovm,53,2024-02-23,5,2,16.297,4.503,66.791,6.702,0.000,0.574,0.182,0.771,210.542,54.438,15.997,28.445,critical_peak,0
site_wkoe2l3dl1,221,2024-08-09,5,8,10.528,2.097,86.852,9.492,0.000,0.661,0.285,0.510,199.396,54.188,14.187,19.459,time_of_use,0
site_lpvyddf2dp,150,2024-05-30,4,5,9.945,1.848,66.467,7.047,0.000,0.720,0.229,0.591,227.562,69.844,17.263,21.133,critical_peak,0
site_l7o5bnkp2o,79,2024-03-20,3,3,24.444,1.128,51.209,16.699,0.000,0.565,0.229,0.670,166.325,49.023,29.431,18.482,critical_peak,0
site_lpvyddf2dp,83,2024-03-24,0,3,24.968,5.021,54.525,5.680,0.000,0.718,0.286,0.738,211.012,79.706,26.292,24.660,flat,0
site_ruqwbu08ys,106,2024-04-16,2,4,22.589,2.711,66.135,6.047,0.000,0.659,0.212,0.638,199.995,53.297,23.223,15.779,critical_peak,0
site_wb8fh6amr3,146,2024-05-26,0,5,16.234,2.597,74.102,17.993,4.115,0.540,0.335,0.928,156.718,64.065,23.763,18.727,flat,0
site_mmvs0z732r,212,2024-07-31,3,7,3.446,1.484,69.201,7.707,0.000,0.513,0.103,0.693,196.703,57.453,13.350,15.995,time_of_use,0
site_wkoe2l3dl1,113,2024-04-23,2,4,22.460,4.184,45.333,9.647,0.000,0.587,0.303,0.679,211.269,54.226,21.088,18.781,time_of_use,0
site_8ttmv07z34,73,2024-03-14,4,3,20.524,3.760,72.198,17.269,0.000,0.530,0.215,0.547,189.007,56.753,21.313,19.285,flat,0
site_mmvs0z732r,74,2024-03-15,5,3,24.303,3.665,59.128,2.517,0.000,0.653,0.081,0.690,184.294,52.809,18.908,25.763,flat,0
site_cyoy81mba2,39,2024-02-09,5,2,17.137,3.877,64.136,12.704,0.000,0.647,0.086,0.678,152.912,60.443,18.709,27.112,time_of_use,0
site_esvkso5p9a,230,2024-08-18,0,8,5.976,1.015,61.414,2.216,0.000,0.703,0.109,0.618,226.824,58.276,7.866,10.390,time_of_use,0
site_8a103kt75c,40,2024-02-10,6,2,22.964,4.671,58.642,11.524,0.000,0.725,0.391,0.980,219.734,77.828,27.953,19.685,time_of_use,0
site_jby3v59n6p,237,2024-08-25,0,8,9.612,1.678,76.286,9.433,0.000,0.549,0.195,0.448,183.699,68.830,14.948,28.263,time_of_use,0
site_esvkso5p9a,53,2024-02-23,5,2,21.481,4.933,64.119,10.215,0.000,0.690,0.310,0.946,207.732,75.948,26.076,29.359,critical_peak,0
site_xms2f2z823,79,2024-03-20,3,3,22.407,4.804,66.972,16.051,0.000,0.798,0.438,0.683,171.246,69.060,31.640,31.360,critical_peak,0
site_wb8fh6amr3,216,2024-08-04,0,8,8.912,1.899,74.132,15.203,0.100,0.672,0.303,0.814,185.037,78.988,16.855,12.438,flat,0
site_ruqwbu08ys,66,2024-03-07,4,3,19.226,4.624,58.726,10.444,0.000,0.674,,0.515,199.501,67.207,23.325,15.542,time_of_use,0
site_esvkso5p9a,104,2024-04-14,0,4,22.715,3.502,67.405,,0.000,0.681,0.239,0.891,180.408,84.080,16.709,18.912,time_of_use,0
site_9ueuoqbp8k,187,2024-07-06,6,7,6.155,1.433,66.251,10.853,0.000,0.575,0.362,0.378,192.230,56.895,25.744,23.768,critical_peak,0
site_unn79reovm,159,2024-06-08,6,6,6.834,1.260,74.950,7.114,0.000,0.583,0.069,0.465,203.510,67.177,24.289,20.327,critical_peak,0
site_xms2f2z823,196,2024-07-15,1,7,7.075,2.263,77.237,6.929,0.000,0.631,0.453,0.586,198.963,62.580,26.263,21.283,critical_peak,0
site_pyswc8o9g8,93,2024-04-03,3,4,20.970,3.270,52.738,7.546,0.533,0.642,0.111,0.742,220.286,52.006,10.209,16.508,time_of_use,0
site_azlkiez3zd,202,2024-07-21,0,7,10.970,3.107,68.494,16.206,0.000,0.667,0.102,0.931,187.749,78.435,16.815,30.293,time_of_use,1
site_cyoy81mba2,164,2024-06-13,4,6,8.514,2.113,80.333,10.986,0.000,0.586,0.275,0.544,183.162,72.012,18.313,35.298,flat,0
site_esvkso5p9a,214,2024-08-02,5,8,5.565,0.570,71.589,12.918,1.005,0.664,0.184,0.545,200.679,67.308,18.871,28.225,critical_peak,0
site_owpbo6i70y,133,2024-05-13,1,5,17.550,3.307,71.265,12.358,0.000,0.682,0.123,0.806,149.309,76.125,18.656,17.130,critical_peak,0
site_ruqwbu08ys,209,2024-07-28,0,7,6.493,1.117,88.916,8.526,0.000,0.584,0.223,0.407,208.993,60.231,12.257,13.728,flat,0
site_12sjsgd733,112,2024-04-22,1,4,18.622,3.230,65.897,18.605,0.000,0.622,0.062,0.542,146.798,72.398,9.950,16.813,time_of_use,0
site_owpbo6i70y,108,2024-04-18,4,4,23.590,2.405,71.889,8.937,0.000,0.769,0.147,0.619,178.349,79.765,9.618,22.620,flat,0
site_xms2f2z823,19,2024-01-20,6,1,12.361,3.011,78.281,10.746,0.000,0.719,0.435,0.611,214.628,61.156,31.999,20.354,flat,0
site_pyswc8o9g8,10,2024-01-11,4,1,8.587,2.546,71.447,12.986,0.000,0.564,0.105,0.461,200.306,53.566,16.311,20.099,flat,0
site_q96oxsn6t7,238,2024-08-26,1,8,9.929,3.357,84.005,14.657,4.284,0.569,0.107,0.862,130.112,52.226,25.506,21.787,time_of_use,0
site_8a103kt75c,110,2024-04-20,6,4,18.164,2.816,55.922,11.749,0.000,0.696,0.338,0.727,213.837,68.007,23.796,20.269,flat,0
site_unn79reovm,183,2024-07-02,2,7,7.450,2.785,51.973,13.958,0.000,0.519,0.120,0.318,218.603,64.414,14.886,35.597,time_of_use,0
site_esvkso5p9a,210,2024-07-29,1,7,8.672,1.021,73.226,19.023,0.000,0.749,0.139,0.671,164.449,84.919,17.613,15.218,time_of_use,0
site_wkoe2l3dl1,131,2024-05-11,6,5,18.802,2.343,64.027,6.263,0.000,0.594,0.289,0.734,222.180,70.719,19.297,18.075,time_of_use,0
site_9ueuoqbp8k,136,2024-05-16,4,5,16.295,2.787,51.605,12.773,0.000,0.677,0.182,0.514,180.665,53.314,25.151,19.798,flat,0
site_owpbo6i70y,187,2024-07-06,6,7,6.782,1.649,74.881,14.142,1.607,0.747,0.200,0.740,169.546,69.194,19.449,15.113,critical_peak,0
site_i72zb352li,32,2024-02-02,5,2,18.834,2.348,45.748,9.971,0.000,0.655,0.235,0.615,210.546,78.502,16.794,24.300,time_of_use,0
site_8a103kt75c,179,2024-06-28,5,6,5.939,2.411,60.698,19.347,0.000,0.722,0.349,0.648,232.081,81.713,19.708,19.293,critical_peak,0
site_wb8fh6amr3,213,2024-08-01,4,8,9.178,2.841,73.010,9.369,0.000,0.789,0.266,0.665,205.331,74.476,21.798,9.461,critical_peak,0
site_oqtmdxfv99,160,2024-06-09,0,6,13.151,0.698,80.248,11.625,0.000,0.753,0.288,0.619,190.887,70.087,19.999,24.634,critical_peak,0
site_pyswc8o9g8,140,2024-05-20,1,5,17.001,1.323,62.984,6.063,0.000,0.714,0.015,0.603,194.600,54.516,12.289,8.771,time_of_use,0
site_owpbo6i70y,210,2024-07-29,1,7,5.664,,74.283,13.039,0.857,0.643,0.199,0.361,190.997,66.856,14.461,22.064,time_of_use,0
site_unn79reovm,180,2024-06-29,6,6,9.753,2.106,80.389,11.417,0.000,0.642,0.137,0.325,190.885,67.595,21.927,27.308,flat,0
site_pyswc8o9g8,123,2024-05-03,5,5,17.456,3.255,69.446,5.760,0.000,0.654,0.080,0.734,180.572,51.988,17.159,20.115,critical_peak,0
site_hv02xi47qd,170,2024-06-19,3,6,8.368,1.178,67.802,9.116,0.000,0.756,0.188,0.546,176.210,75.579,25.748,34.245,critical_peak,0
site_azlkiez3zd,238,2024-08-26,1,8,14.210,2.496,82.262,12.732,0.157,0.624,0.240,0.532,178.981,56.581,18.913,18.192,time_of_use,0
site_jby3v59n6p,239,2024-08-27,2,8,9.973,2.800,67.568,1.600,0.000,0.612,0.227,0.592,208.775,48.995,16.296,17.056,time_of_use,0
site_cyoy81mba2,45,2024-02-15,4,2,17.491,4.343,68.941,7.521,1.827,0.521,0.061,0.840,171.922,49.663,17.334,30.671,flat,0
site_9ueuoqbp8k,75,2024-03-16,6,3,25.677,4.398,72.093,16.275,0.000,0.565,0.358,0.592,182.013,54.103,16.915,19.316,time_of_use,0
site_mmvs0z732r,156,2024-06-05,3,6,7.316,1.399,68.333,9.450,0.000,0.567,0.015,0.657,196.288,70.836,14.942,22.234,time_of_use,0
site_l7o5bnkp2o,157,2024-06-06,4,6,11.095,1.837,79.119,7.917,0.000,0.636,0.131,0.668,194.522,67.540,32.082,25.236,time_of_use,0
site_cyoy81mba2,61,2024-03-02,6,3,24.579,4.764,52.701,13.276,0.000,0.632,0.130,0.543,178.283,57.077,16.157,14.838,critical_peak,0
site_q96oxsn6t7,218,2024-08-06,2,8,6.259,1.794,78.743,16.045,0.000,0.679,0.135,0.651,198.752,,10.443,31.323,flat,0
site_cyoy81mba2,177,2024-06-26,3,6,9.577,0.734,70.848,11.555,0.000,0.581,0.128,0.729,191.588,42.539,18.091,34.655,critical_peak,0
site_unn79reovm,161,2024-06-10,1,6,11.256,2.787,56.626,7.835,0.000,0.513,0.199,0.377,172.186,76.015,15.430,19.342,critical_peak,1
site_hv02xi47qd,11,2024-01-12,5,1,13.198,2.940,62.555,10.238,0.000,0.680,0.448,0.599,196.724,84.152,23.404,28.388,flat,0
site_8a103kt75c,91,2024-04-01,1,4,26.828,2.953,66.147,11.933,0.000,0.766,0.331,0.657,254.216,75.380,19.290,22.203,flat,0
site_ruqwbu08ys,55,2024-02-25,0,2,21.611,4.368,60.670,14.880,0.000,0.618,0.393,0.716,210.219,74.287,15.633,15.888,flat,0
site_wb8fh6amr3,87,2024-03-28,4,3,27.976,6.056,62.623,11.479,0.000,0.598,0.329,0.980,208.453,53.954,16.164,24.244,critical_peak,0
site_mmvs0z732r,10,2024-01-11,4,1,13.435,3.137,83.239,7.252,0.000,0.611,0.056,0.549,200.377,61.974,8.253,18.038,flat,0
site_653fbtaxzy,155,2024-06-04,2,6,15.308,1.553,74.770,5.748,0.489,0.665,0.205,0.771,192.156,64.713,18.970,10.948,flat,0
site_653fbtaxzy,180,2024-06-29,6,6,5.984,1.110,76.610,17.913,0.000,0.732,0.328,0.410,229.868,76.642,22.520,21.443,flat,0
site_8ttmv07z34,227,2024-08-15,4,8,1.781,1.844,67.940,10.072,0.000,0.635,0.247,0.502,214.402,85.770,23.388,18.705,flat,0
site_12sjsgd733,168,2024-06-17,1,6,8.796,1.396,67.665,10.295,0.000,0.603,0.015,0.386,188.817,69.309,10.791,13.760,critical_peak,0
site_cyoy81mba2,22,2024-01-23,2,1,10.300,3.460,63.416,16.510,0.000,0.646,0.255,0.980,215.032,64.175,23.242,23.866,time_of_use,0
site_owpbo6i70y,109,2024-04-19,5,4,22.527,,51.952,12.207,0.000,0.557,0.144,0.569,150.313,63.736,20.607,14.219,flat,0
site_pyswc8o9g8,186,2024-07-05,5,7,3.643,1.764,73.190,11.646,0.000,0.792,0.093,0.832,242.880,54.434,9.460,19.254,critical_peak,0
site_q96oxsn6t7,98,2024-04-08,1,4,24.422,4.707,53.203,9.767,0.000,0.518,0.015,0.689,189.232,48.573,11.076,28.999,critical_peak,0
site_ruqwbu08ys,189,2024-07-08,1,7,4.674,2.127,81.906,23.138,0.000,0.586,0.308,0.588,212.065,51.956,22.011,23.862,flat,0
site_pyswc8o9g8,113,2024-04-23,2,4,19.430,4.282,63.072,3.143,0.667,0.623,0.066,0.937,192.538,59.392,19.679,20.697,time_of_use,0
site_12sjsgd733,91,2024-04-01,1,4,25.597,4.278,68.961,16.453,0.000,0.668,0.015,0.691,213.240,74.347,11.557,23.009,flat,0
site_unn79reovm,186,2024-07-05,5,7,8.757,1.786,64.952,13.064,0.000,0.660,0.089,0.220,190.110,72.526,17.486,,critical_peak,0
site_wkoe2l3dl1,210,2024-07-29,1,7,7.393,2.134,75.145,8.136,0.000,0.601,0.365,0.685,177.934,44.923,21.482,20.637,time_of_use,0
site_lh13qhdxr8,158,2024-06-07,5,6,8.234,2.705,65.266,15.382,0.000,0.583,0.284,0.861,193.778,66.723,24.353,17.590,time_of_use,0
site_q96oxsn6t7,2,2024-01-03,3,1,10.197,2.784,75.202,16.251,0.000,0.607,0.079,0.661,186.302,64.559,17.010,21.656,flat,0
site_i72zb352li,208,2024-07-27,6,7,11.662,1.350,76.094,4.295,0.000,0.683,0.169,0.439,209.163,68.494,19.738,29.912,flat,0
site_jby3v59n6p,94,2024-04-04,4,4,25.454,2.859,60.283,6.786,0.000,0.650,0.167,0.493,205.498,37.209,18.650,11.877,time_of_use,0
site_azlkiez3zd,89,2024-03-30,6,3,28.135,3.584,62.039,8.892,,0.593,0.245,0.698,190.379,77.875,27.883,26.511,critical_peak,0
site_wb8fh6amr3,158,2024-06-07,5,6,10.632,2.164,63.670,14.747,0.000,0.770,0.216,0.707,146.777,82.141,18.452,18.274,time_of_use,0
site_wb8fh6amr3,51,2024-02-21,3,2,23.517,4.132,59.720,14.554,0.000,0.611,0.268,0.739,210.778,68.944,19.635,26.175,critical_peak,0
site_oqtmdxfv99,181,2024-06-30,0,6,9.788,0.670,81.090,9.527,0.137,0.774,0.206,0.349,225.793,77.239,16.638,27.159,flat,0
site_wkoe2l3dl1,153,2024-06-02,0,6,9.208,2.214,74.937,13.941,0.326,0.678,0.257,0.467,172.841,62.254,18.183,21.565,flat,0
site_hv02xi47qd,48,2024-02-18,0,2,18.272,4.493,75.991,12.592,0.000,0.604,0.364,0.980,237.377,81.860,28.463,17.944,time_of_use,0
site_12sjsgd733,63,2024-03-04,1,3,25.063,5.718,63.667,3.105,0.000,0.727,0.062,0.590,187.512,73.494,6.443,28.788,flat,0
site_esvkso5p9a,188,2024-07-07,0,7,11.872,0.050,71.586,15.136,0.000,0.595,0.288,0.608,256.491,82.931,26.216,20.473,critical_peak,0
site_l7o5bnkp2o,185,2024-07-04,4,7,8.309,2.417,65.825,16.276,0.000,0.527,0.137,0.726,188.604,50.584,25.162,25.044,time_of_use,0
site_8ttmv07z34,102,2024-04-12,5,4,21.245,4.684,55.904,11.827,0.000,0.513,0.015,0.664,179.092,58.738,19.390,24.219,time_of_use,0
site_hv02xi47qd,154,2024-06-03,1,6,9.295,1.697,73.129,11.229,0.000,0.691,0.255,0.512,215.704,56.361,21.863,23.832,flat,0
site_8a103kt75c,150,2024-05-30,4,5,13.056,2.807,57.047,13.582,0.000,0.652,0.268,0.647,215.430,77.889,24.445,17.374,critical_peak,0
site_wb8fh6amr3,61,2024-03-02,6,3,22.486,4.307,71.180,14.465,0.000,0.688,0.547,0.688,199.953,58.409,35.150,4.467,critical_peak,0
site_q96oxsn6t7,206,2024-07-25,4,7,6.418,1.863,76.847,12.457,0.000,0.683,0.245,0.584,203.087,74.906,19.101,31.871,critical_peak,0
site_12sjsgd733,12,2024-01-13,6,1,11.135,3.445,61.678,15.825,0.000,0.602,0.072,0.752,176.808,54.734,15.122,18.560,time_of_use,0
site_xms2f2z823,142,2024-05-22,3,5,14.668,3.347,59.812,7.518,0.000,0.621,0.311,0.646,148.829,54.866,28.352,19.344,critical_peak,0
site_mmvs0z732r,61,2024-03-02,6,3,21.269,4.329,64.925,7.686,0.000,0.489,0.140,0.968,185.670,49.890,16.649,22.056,critical_peak,0
site_lh13qhdxr8,220,2024-08-08,4,8,5.546,0.109,88.246,18.953,0.000,0.581,0.198,0.746,193.087,65.639,23.411,19.641,time_of_use,0
site_653fbtaxzy,78,2024-03-19,2,3,29.334,4.529,56.816,16.097,0.000,0.598,0.391,0.741,198.489,71.792,32.212,17.331,critical_peak,0
site_lh13qhdxr8,147,2024-05-27,1,5,18.694,2.273,68.133,13.407,0.000,0.616,0.214,0.821,183.471,58.628,29.063,22.928,time_of_use,1
site_pyswc8o9g8,211,2024-07-30,2,7,4.338,0.517,67.827,10.097,0.000,0.579,0.060,0.650,219.822,52.463,15.563,17.023,time_of_use,0
site_ruqwbu08ys,51,2024-02-21,3,2,18.521,4.407,62.087,12.700,0.000,0.597,0.241,0.807,158.534,39.306,22.392,27.173,critical_peak,0
site_653fbtaxzy,140,2024-05-20,1,5,16.183,1.786,67.123,,0.000,0.705,0.277,0.608,215.068,80.390,7.255,35.877,time_of_use,0
site_12sjsgd733,53,2024-02-23,5,2,25.264,4.100,51.328,8.351,0.000,0.614,0.261,0.506,185.930,89.225,17.228,25.700,critical_peak,0
site_azlkiez3zd,183,2024-07-02,2,7,12.682,1.651,77.181,12.100,1.153,0.740,0.086,0.556,175.900,74.814,17.878,30.203,time_of_use,0
site_wkoe2l3dl1,87,2024-03-28,4,3,27.242,3.571,59.298,14.406,0.446,0.725,0.141,0.797,185.457,67.547,29.447,30.554,critical_peak,0
site_pyswc8o9g8,219,2024-08-07,3,8,6.142,2.373,68.915,15.333,0.000,0.640,0.020,0.747,227.634,78.027,14.363,13.509,time_of_use,0
site_xms2f2z823,74,2024-03-15,5,3,20.808,5.222,69.446,11.412,0.000,0.627,0.339,0.751,156.729,61.671,23.775,17.853,flat,0
site_hv02xi47qd,179,2024-06-28,5,6,9.884,1.966,77.456,13.016,0.000,0.568,0.286,0.725,199.232,77.084,25.871,33.030,critical_peak,0
site_oqtmdxfv99,178,2024-06-27,4,6,6.060,2.336,65.066,9.348,0.000,0.612,0.181,0.554,186.143,59.163,22.568,20.016,critical_peak,0
site_wb8fh6amr3,173,2024-06-22,6,6,10.978,1.404,76.088,4.851,0.000,0.609,0.481,0.698,157.483,62.254,27.444,27.122,flat,0
site_hv02xi47qd,112,2024-04-22,1,4,21.687,3.484,57.710,16.875,0.000,0.680,0.125,0.715,196.077,66.506,24.514,29.377,time_of_use,0
site_owpbo6i70y,232,2024-08-20,2,8,8.953,1.089,,17.523,0.000,0.566,0.192,,165.297,76.383,25.315,27.088,critical_peak,0
site_esvkso5p9a,66,2024-03-07,4,3,27.068,3.992,55.412,12.058,0.000,0.696,0.243,0.788,197.836,78.004,24.790,11.393,time_of_use,1
site_xms2f2z823,39,2024-02-09,5,2,18.589,4.862,54.383,13.293,0.000,0.645,0.322,0.790,177.800,68.354,17.994,20.191,time_of_use,0
site_esvkso5p9a,123,2024-05-03,5,5,17.106,3.343,58.388,6.860,0.000,0.560,0.449,0.777,180.739,75.115,25.478,25.215,critical_peak,0
site_jby3v59n6p,4,2024-01-05,5,1,12.468,2.254,75.694,16.533,0.000,0.589,0.152,0.753,184.242,52.285,11.608,20.911,time_of_use,0
site_pyswc8o9g8,50,2024-02-20,2,2,17.763,4.311,52.226,15.401,0.000,0.750,0.065,0.851,225.115,71.919,13.877,11.269,time_of_use,0
site_12sjsgd733,8,2024-01-09,2,1,9.116,2.573,66.163,1.868,0.000,0.508,0.015,0.497,157.329,52.521,11.108,11.297,critical_peak,0
site_ruqwbu08ys,46,2024-02-16,5,2,18.509,4.704,66.553,12.607,0.000,0.585,0.369,0.705,212.965,,20.871,10.626,flat,0
site_xms2f2z823,98,2024-04-08,1,4,25.244,3.788,77.563,12.437,0.000,0.592,0.208,0.769,174.894,58.116,24.429,12.948,critical_peak,0
site_esvkso5p9a,128,2024-05-08,3,5,20.609,2.109,75.210,11.509,0.000,0.611,0.212,0.640,224.116,56.358,12.816,18.146,flat,0
site_cyoy81mba2,14,2024-01-15,1,1,13.099,3.676,69.016,11.012,3.487,0.651,0.151,0.696,185.112,60.687,23.388,12.217,time_of_use,0
site_mmvs0z732r,84,2024-03-25,1,3,24.501,5.148,66.790,10.941,0.000,0.625,0.158,0.760,208.187,73.686,20.002,19.969,time_of_use,0
site_unn79reovm,118,2024-04-28,0,4,25.903,3.232,58.606,16.698,0.000,0.786,0.243,0.271,226.293,66.725,11.946,25.393,flat,0
site_12sjsgd733,45,2024-02-15,4,2,19.121,4.325,60.735,0.200,0.000,0.667,0.145,0.524,192.017,72.531,12.441,20.447,flat,0
site_9ueuoqbp8k,234,2024-08-22,4,8,10.747,2.934,64.960,9.272,0.000,0.559,0.310,0.514,199.952,58.839,16.227,35.704,flat,0
site_i72zb352li,199,2024-07-18,4,7,8.303,1.330,81.137,6.826,1.978,0.619,0.386,0.318,236.757,80.125,18.107,31.635,flat,0
site_lpvyddf2dp,18,2024-01-19,5,1,5.596,2.797,66.805,1.856,0.311,0.673,0.224,0.734,212.967,71.358,25.490,25.404,flat,0
site_mmvs0z732r,114,2024-04-24,3,4,24.614,3.124,63.267,6.193,0.000,0.461,0.105,0.802,160.784,50.298,8.263,33.180,critical_peak,0
site_owpbo6i70y,105,2024-04-15,1,4,24.295,3.268,83.677,14.889,1.127,0.527,0.234,0.693,181.188,59.542,11.875,14.345,critical_peak,0
site_l7o5bnkp2o,122,2024-05-02,4,5,22.023,3.240,64.084,9.521,0.000,0.619,0.219,0.662,178.163,64.557,24.633,20.967,time_of_use,0
site_q96oxsn6t7,88,2024-03-29,5,3,25.314,4.485,57.712,7.670,0.303,0.678,0.057,0.613,177.641,63.114,14.520,15.084,critical_peak,0
site_wb8fh6amr3,38,2024-02-08,4,2,16.028,4.365,64.532,10.037,0.000,,0.288,0.980,146.875,63.729,20.673,18.547,flat,0
site_owpbo6i70y,140,2024-05-20,1,5,14.533,1.950,52.475,8.021,0.000,0.834,,0.640,184.018,60.732,24.632,25.303,time_of_use,0
site_q96oxsn6t7,137,2024-05-17,5,5,14.117,1.892,67.407,18.628,0.000,0.602,0.052,0.627,166.555,55.914,19.223,30.839,flat,0
site_esvkso5p9a,221,2024-08-09,5,8,11.475,2.721,74.653,9.261,0.000,0.618,0.289,0.676,197.488,83.614,17.551,25.250,time_of_use,0
site_q96oxsn6t7,56,2024-02-26,1,2,22.635,3.805,54.106,13.070,0.000,0.643,0.168,0.960,177.598,61.577,19.298,25.822,flat,0
site_pyswc8o9g8,61,2024-03-02,6,3,20.566,3.426,65.214,8.869,0.000,0.767,0.202,0.743,179.168,58.112,15.821,17.782,critical_peak,0
site_8ttmv07z34,71,2024-03-12,2,3,22.468,4.199,67.001,8.845,,0.546,0.192,0.434,177.678,58.612,18.752,26.623,critical_peak,0
site_oqtmdxfv99,205,2024-07-24,3,7,7.762,0.858,89.237,18.169,0.000,0.626,0.078,0.473,199.771,61.539,23.731,22.684,critical_peak,0
site_653fbtaxzy,88,2024-03-29,5,3,21.217,4.065,55.659,6.866,0.000,0.675,0.151,0.690,186.656,88.486,12.690,22.874,critical_peak,0
site_unn79reovm,82,2024-03-23,6,3,27.236,4.292,55.300,12.034,0.000,0.559,0.135,0.463,221.735,72.983,19.421,25.762,flat,0
site_pyswc8o9g8,98,2024-04-08,1,4,25.836,4.166,53.592,8.223,0.000,0.697,0.175,0.723,204.718,55.304,22.322,23.281,critical_peak,0
site_l7o5bnkp2o,211,2024-07-30,2,7,4.780,2.206,62.923,19.561,0.000,0.542,0.253,0.825,227.562,56.534,17.879,25.300,time_of_use,0
site_wb8fh6amr3,133,2024-05-13,1,5,19.244,1.829,62.098,12.967,0.000,0.705,0.267,0.820,146.989,76.377,23.577,15.225,critical_peak,0
site_hv02xi47qd,47,2024-02-17,6,2,20.854,3.650,74.248,7.369,0.000,0.602,0.284,0.953,203.584,72.924,21.881,34.808,flat,0
site_unn79reovm,216,2024-08-04,0,8,,2.141,59.307,12.276,0.000,0.736,0.108,0.306,225.487,70.964,5.914,22.371,flat,0
site_8ttmv07z34,186,2024-07-05,5,7,12.149,1.021,71.850,6.271,0.000,0.534,0.246,0.530,182.419,52.113,22.497,33.741,critical_peak,0
site_q96oxsn6t7,41,2024-02-11,0,2,13.887,4.741,59.374,13.480,0.000,0.609,0.204,0.796,178.653,60.073,15.639,30.132,time_of_use,0
site_mmvs0z732r,119,2024-04-29,1,4,26.697,4.095,64.483,14.367,0.000,0.544,0.108,0.625,194.528,61.698,5.520,14.452,flat,0
site_unn79reovm,65,2024-03-06,3,3,28.147,5.243,54.889,13.361,0.000,0.597,0.225,0.491,224.101,63.853,15.029,15.363,flat,0
site_wkoe2l3dl1,117,2024-04-27,6,4,24.599,3.039,43.071,10.494,0.000,0.534,,0.842,204.030,71.541,27.890,25.787,flat,1
site_ruqwbu08ys,210,2024-07-29,1,7,6.924,1.024,73.739,4.385,0.000,0.591,0.186,0.558,203.940,53.499,23.036,17.505,time_of_use,0
site_pyswc8o9g8,179,2024-06-28,5,6,4.943,1.767,69.255,16.004,0.000,0.565,0.116,0.304,204.739,49.241,17.498,18.345,critical_peak,0
site_oqtmdxfv99,116,2024-04-26,5,4,22.486,3.638,65.675,11.684,0.000,0.655,0.109,0.898,175.991,86.762,13.898,18.282,critical_peak,0
site_wkoe2l3dl1,203,2024-07-22,1,7,7.628,1.474,65.364,12.604,0.000,0.620,0.481,0.667,201.680,57.478,27.754,28.633,time_of_use,0
site_ruqwbu08ys,123,2024-05-03,5,5,19.577,1.212,61.285,13.170,0.000,0.570,0.213,0.586,190.638,51.809,19.927,15.537,critical_peak,0
site_jby3v59n6p,211,2024-07-30,2,7,5.005,2.855,80.199,16.000,0.000,0.704,0.243,0.577,194.115,58.173,,20.950,time_of_use,1
site_hv02xi47qd,122,2024-05-02,4,5,21.707,1.256,63.994,11.210,0.000,0.579,0.235,0.439,214.632,88.121,26.583,21.962,time_of_use,0
site_wkoe2l3dl1,188,2024-07-07,0,7,4.921,1.512,66.010,4.092,0.000,0.527,0.299,0.704,212.421,59.755,18.691,27.386,critical_peak,0
site_esvkso5p9a,154,2024-06-03,1,6,17.401,2.784,74.496,5.058,0.000,0.615,0.326,0.980,185.714,58.456,18.566,13.735,flat,0
site_hv02xi47qd,178,2024-06-27,4,6,12.741,1.105,71.452,10.121,0.000,0.739,0.368,0.438,202.086,70.147,27.559,20.548,critical_peak,0
site_azlkiez3zd,43,2024-02-13,2,2,19.249,3.401,70.902,11.630,0.875,0.672,0.227,0.891,183.866,58.214,25.285,28.027,critical_peak,0
site_l7o5bnkp2o,12,2024-01-13,6,1,9.320,2.920,63.790,10.284,0.000,0.529,0.262,0.663,235.319,40.184,17.785,10.323,time_of_use,0
site_wb8fh6amr3,28,2024-01-29,1,1,15.127,3.995,67.303,11.484,0.000,0.614,0.382,0.894,208.234,61.964,18.500,14.674,flat,0
site_owpbo6i70y,121,2024-05-01,3,5,19.028,2.926,56.910,11.379,0.000,0.687,0.070,0.528,165.333,60.814,10.444,16.897,time_of_use,0
site_lpvyddf2dp,125,2024-05-05,0,5,17.492,3.464,63.453,12.429,0.383,0.792,0.198,0.805,200.388,77.747,18.466,20.031,critical_peak,0
site_unn79reovm,209,2024-07-28,0,7,7.182,0.383,78.046,16.676,0.000,0.626,0.129,0.092,202.523,57.978,4.429,23.428,flat,0
site_lh13qhdxr8,151,2024-05-31,5,5,12.550,2.434,62.234,13.239,6.018,0.573,0.209,0.717,189.471,75.936,22.985,22.187,critical_peak,0
site_esvkso5p9a,37,2024-02-07,3,2,21.751,4.183,64.741,2.811,0.000,0.628,0.223,0.761,191.017,73.192,13.699,24.620,flat,0
site_ruqwbu08ys,146,2024-05-26,0,5,15.369,1.526,81.863,12.686,1.005,0.636,0.265,0.509,197.519,50.317,23.732,14.748,flat,0
site_xms2f2z823,101,2024-04-11,4,4,28.765,3.323,64.454,14.002,0.000,0.654,0.357,0.737,202.367,63.026,23.045,11.420,flat,0
site_lh13qhdxr8,136,2024-05-16,4,5,19.413,1.708,61.457,17.107,0.000,0.554,0.325,0.711,167.940,70.697,20.496,27.160,flat,0
site_ruqwbu08ys,57,2024-02-27,2,2,21.387,3.172,66.142,10.383,0.000,0.544,0.124,0.531,176.767,76.387,16.533,23.183,time_of_use,0
site_pyswc8o9g8,87,2024-03-28,4,3,25.861,4.446,52.279,0.200,0.000,0.640,0.217,0.907,205.603,56.290,27.135,22.400,critical_peak,0
site_653fbtaxzy,110,2024-04-20,6,4,23.346,3.024,60.812,15.075,0.000,,0.418,0.556,196.242,91.109,23.814,26.894,flat,0
site_mmvs0z732r,151,2024-05-31,5,5,11.615,1.898,57.631,11.868,0.000,0.639,0.059,0.472,181.028,50.453,20.351,18.699,critical_peak,0
site_xms2f2z823,180,2024-06-29,6,6,13.101,1.671,70.806,5.419,0.000,0.720,0.364,0.424,179.258,77.547,30.662,22.976,flat,0
site_esvkso5p9a,27,2024-01-28,0,1,17.399,4.237,50.256,5.871,0.944,0.699,0.314,0.637,160.496,75.851,25.704,15.534,flat,0
site_q96oxsn6t7,114,2024-04-24,3,4,22.804,3.334,66.890,3.977,0.000,0.570,0.042,,160.321,61.779,6.386,19.524,critical_peak,0
site_8a103kt75c,197,2024-07-16,2,7,3.870,0.227,77.588,13.979,1.870,0.708,0.312,0.430,210.855,67.873,24.859,23.042,critical_peak,0
site_cyoy81mba2,159,2024-06-08,6,6,10.498,2.179,72.909,15.958,0.000,0.766,0.079,0.697,153.689,76.439,17.743,16.298,critical_peak,0
site_unn79reovm,223,2024-08-11,0,8,3.979,1.677,62.914,4.542,0.000,0.652,0.153,0.324,209.002,61.361,10.660,33.531,critical_peak,0
site_cyoy81mba2,134,2024-05-14,2,5,13.134,4.178,70.633,13.878,0.000,0.574,0.161,0.656,166.852,76.745,12.968,21.100,critical_peak,0
site_owpbo6i70y,77,2024-03-18,1,3,24.671,4.563,55.190,9.579,0.000,0.592,0.015,0.735,174.353,60.050,8.694,9.050,time_of_use,0
site_owpbo6i70y,38,2024-02-08,4,2,20.824,3.289,66.626,12.778,0.000,0.563,0.206,0.625,178.641,73.256,17.579,20.818,flat,0
site_unn79reovm,176,2024-06-25,2,6,9.495,1.982,55.218,5.558,0.000,0.615,0.061,0.180,216.669,66.818,13.567,22.922,time_of_use,0
site_lpvyddf2dp,156,2024-06-05,3,6,11.054,2.501,71.573,6.601,0.000,0.687,0.268,0.583,201.271,73.106,17.863,13.482,time_of_use,0
site_i72zb352li,70,2024-03-11,1,3,,5.048,63.378,6.924,0.000,0.675,0.376,0.667,195.010,49.217,17.388,32.371,critical_peak,0
site_azlkiez3zd,126,2024-05-06,1,5,20.340,2.913,64.064,15.446,0.000,0.588,0.305,0.481,,87.951,22.722,22.273,flat,0
site_ruqwbu08ys,126,2024-05-06,1,5,19.715,3.497,69.996,14.035,0.000,0.742,0.256,0.705,229.571,63.525,17.931,18.881,flat,1
site_i72zb352li,101,2024-04-11,4,4,26.242,3.910,70.384,14.148,0.000,,0.273,0.715,189.912,,19.789,25.066,flat,0
site_653fbtaxzy,142,2024-05-22,3,5,11.175,2.247,68.690,14.804,0.000,0.706,0.314,0.566,213.157,73.805,21.044,31.302,critical_peak,0
site_l7o5bnkp2o,210,2024-07-29,1,7,-0.463,0.335,67.568,12.139,0.000,0.609,0.229,0.484,191.422,62.745,16.707,21.412,time_of_use,0
site_jby3v59n6p,150,2024-05-30,4,5,7.713,1.336,60.311,8.483,0.000,0.623,0.205,0.532,193.059,72.324,20.501,32.279,critical_peak,0
site_9ueuoqbp8k,238,2024-08-26,1,8,9.294,2.228,63.321,6.037,0.000,0.675,0.188,0.708,232.680,65.282,21.575,29.874,time_of_use,0
site_12sjsgd733,14,2024-01-15,1,1,12.353,3.039,73.879,6.010,3.321,0.553,0.062,0.520,191.342,66.858,12.874,21.662,time_of_use,0
site_lh13qhdxr8,51,2024-02-21,3,2,22.699,2.942,64.100,15.081,0.000,0.614,0.235,0.980,186.805,64.426,19.847,24.077,critical_peak,0
site_12sjsgd733,120,2024-04-30,2,4,18.126,3.142,68.614,3.985,0.000,0.562,0.142,0.765,152.620,65.111,18.940,20.036,time_of_use,0
site_cyoy81mba2,20,2024-01-21,0,1,14.653,3.118,55.419,15.790,0.000,0.590,0.238,0.685,176.711,64.028,15.029,19.936,flat,0
site_8ttmv07z34,120,2024-04-30,2,4,17.876,,48.312,14.631,0.000,0.650,0.225,0.360,208.465,67.268,24.674,12.797,time_of_use,0
site_653fbtaxzy,146,2024-05-26,0,5,11.220,2.291,76.221,10.997,0.000,0.695,0.188,0.514,193.202,79.977,16.654,16.816,flat,0
site_wb8fh6amr3,170,2024-06-19,3,6,11.490,2.389,73.344,13.965,0.000,0.600,0.422,0.608,214.540,61.584,20.232,21.822,critical_peak,0
site_wb8fh6amr3,77,2024-03-18,1,3,27.949,4.612,68.546,9.087,0.000,0.665,0.318,0.612,193.719,77.550,23.328,25.691,time_of_use,0
site_cyoy81mba2,153,2024-06-02,0,6,10.148,2.658,81.983,10.202,0.104,0.584,0.166,0.567,184.253,56.610,12.855,28.210,flat,0
site_wkoe2l3dl1,96,2024-04-06,6,4,23.628,5.070,62.158,,0.000,0.556,0.304,0.887,184.950,62.826,18.842,31.180,critical_peak,0
site_i72zb352li,102,2024-04-12,5,4,24.054,3.962,56.194,12.098,0.377,0.596,0.166,0.638,180.438,79.701,21.597,19.885,time_of_use,0
site_pyswc8o9g8,56,2024-02-26,1,2,21.291,4.565,59.845,2.137,0.000,0.801,0.045,0.688,203.708,,16.527,24.453,flat,0
site_9ueuoqbp8k,210,2024-07-29,1,7,2.903,1.986,73.542,16.903,0.000,0.648,0.154,0.485,229.862,58.487,10.561,,time_of_use,0
site_azlkiez3zd,88,2024-03-29,5,3,28.765,4.170,52.951,15.434,0.000,0.831,0.089,0.641,194.852,64.718,26.172,19.402,critical_peak,0
site_9ueuoqbp8k,158,2024-06-07,5,6,12.257,1.547,67.912,9.703,0.000,0.532,0.366,0.496,205.290,66.491,25.814,25.154,time_of_use,0
site_xms2f2z823,179,2024-06-28,5,6,10.777,2.284,81.600,11.830,0.000,0.585,0.357,0.642,169.303,64.244,21.936,20.198,critical_peak,0
site_mmvs0z732r,17,2024-01-18,4,1,13.050,4.283,70.345,13.693,0.000,0.668,0.146,0.651,189.997,71.731,11.798,15.609,critical_peak,0
site_lpvyddf2dp,99,2024-04-09,2,4,23.488,4.113,69.242,9.613,1.773,0.556,0.137,0.659,177.126,70.293,29.414,25.020,flat,0
site_653fbtaxzy,97,2024-04-07,0,4,25.186,,60.249,5.024,0.000,0.820,0.307,0.483,222.816,74.112,16.087,,critical_peak,0
site_9ueuoqbp8k,76,2024-03-17,0,3,27.230,4.624,48.878,8.044,0.000,0.784,0.354,0.895,220.037,60.457,25.040,26.876,time_of_use,1
site_azlkiez3zd,119,2024-04-29,1,4,21.106,2.943,65.828,8.941,0.000,0.690,0.199,0.598,184.931,77.399,27.669,21.546,flat,0
site_owpbo6i70y,23,2024-01-24,3,1,18.436,2.287,67.743,13.253,1.830,0.664,0.115,0.809,151.246,56.851,9.068,20.456,time_of_use,0
site_8a103kt75c,188,2024-07-07,0,7,7.471,1.190,71.914,5.721,0.000,0.832,0.385,0.474,229.490,73.090,26.076,25.469,critical_peak,0
site_8a103kt75c,126,2024-05-06,1,5,19.027,2.847,63.645,10.378,0.000,0.638,0.374,0.587,203.384,82.690,17.505,13.609,flat,0
site_pyswc8o9g8,78,2024-03-19,2,3,27.175,4.411,49.721,12.961,0.000,0.747,0.078,0.668,205.041,55.666,17.816,27.984,critical_peak,0
site_8a103kt75c,204,2024-07-23,2,7,8.528,0.727,72.258,5.174,0.000,0.688,0.196,0.542,229.192,65.922,20.790,20.139,critical_peak,0
site_l7o5bnkp2o,88,2024-03-29,5,3,24.182,4.443,58.108,10.298,0.000,,0.288,0.698,191.256,51.345,13.973,22.311,critical_peak,0
site_8ttmv07z34,233,2024-08-21,3,8,7.648,2.471,88.804,15.792,0.000,0.633,0.315,0.288,193.312,72.429,25.700,27.137,critical_peak,0
site_lpvyddf2dp,28,2024-01-29,1,1,19.048,3.341,59.789,5.903,0.000,0.616,0.353,0.935,198.843,72.386,23.287,21.778,flat,0
site_wkoe2l3dl1,192,2024-07-11,4,7,10.083,1.666,59.410,18.812,0.100,0.574,0.370,0.528,182.488,65.540,19.339,25.650,time_of_use,0
site_lpvyddf2dp,84,2024-03-25,1,3,24.871,2.528,51.304,15.237,0.000,0.588,0.262,0.627,179.731,86.626,29.197,25.097,time_of_use,0
site_xms2f2z823,22,2024-01-23,2,1,14.195,3.788,61.492,12.070,0.000,0.811,0.242,0.577,177.056,73.952,24.137,14.504,time_of_use,0
site_8ttmv07z34,239,2024-08-27,2,8,13.045,0.781,61.271,10.484,0.000,0.598,0.334,0.613,212.921,63.540,31.124,14.705,time_of_use,0
site_azlkiez3zd,42,2024-02-12,1,2,21.049,3.883,55.677,18.909,0.000,0.584,0.181,0.768,188.968,86.089,13.526,22.223,critical_peak,1
site_oqtmdxfv99,171,2024-06-20,4,6,7.516,0.198,77.372,,3.468,0.725,0.074,0.582,193.228,68.712,2.525,31.122,flat,0
site_lpvyddf2dp,35,2024-02-05,1,2,19.093,2.637,70.849,16.284,0.000,0.629,0.187,0.980,178.584,76.057,20.435,24.174,critical_peak,0
site_12sjsgd733,206,2024-07-25,4,7,8.642,0.793,77.636,5.727,0.000,0.687,0.015,0.389,202.307,66.494,2.176,11.439,critical_peak,0
site_wb8fh6amr3,102,2024-04-12,5,4,23.012,3.758,60.956,10.269,0.000,0.637,0.119,0.610,188.103,69.315,15.161,17.211,time_of_use,0
site_l7o5bnkp2o,172,2024-06-21,5,6,6.135,0.380,82.887,17.183,0.000,0.547,0.156,0.616,196.959,54.438,22.711,10.317,flat,0
site_12sjsgd733,23,2024-01-24,3,1,15.619,2.459,62.832,7.215,0.000,0.677,0.015,0.687,177.521,77.168,21.229,30.685,time_of_use,0
site_q96oxsn6t7,150,2024-05-30,4,5,17.449,2.091,66.976,12.120,0.000,0.496,0.189,0.679,168.203,55.222,20.541,25.096,critical_peak,0
site_wb8fh6amr3,43,2024-02-13,2,2,19.089,3.719,75.833,4.273,0.000,0.573,0.269,0.735,182.235,56.204,21.002,25.139,critical_peak,0
site_ruqwbu08ys,79,2024-03-20,3,3,23.508,5.331,56.602,4.715,0.000,0.714,0.118,0.695,192.576,51.061,18.555,17.073,critical_peak,0
site_12sjsgd733,49,2024-02-19,1,2,21.257,5.378,55.496,9.029,0.000,0.606,0.223,0.496,177.470,66.953,13.411,28.039,time_of_use,0
site_653fbtaxzy,13,2024-01-14,0,1,13.150,3.402,71.928,2.033,0.000,0.580,0.378,0.753,227.727,83.808,,24.995,time_of_use,0
site_653fbtaxzy,236,2024-08-24,6,8,12.270,1.658,79.074,16.125,0.000,0.761,0.346,0.415,227.769,86.022,18.195,20.169,flat,0
site_12sjsgd733,185,2024-07-04,4,7,9.736,0.911,80.889,12.570,0.000,0.559,0.039,0.382,185.634,91.168,15.029,25.922,time_of_use,0
site_xms2f2z823,52,2024-02-22,4,2,23.394,3.721,70.715,16.253,0.000,0.648,0.155,0.489,166.548,70.440,22.680,22.500,critical_peak,0
site_cyoy81mba2,218,2024-08-06,2,8,3.527,1.564,90.313,14.084,0.000,0.744,0.083,0.729,195.200,76.293,16.714,30.441,flat,0
site_pyswc8o9g8,131,2024-05-11,6,5,18.039,2.238,53.897,12.664,0.000,0.716,0.176,0.527,222.374,64.492,13.836,13.959,time_of_use,0
site_l7o5bnkp2o,113,2024-04-23,2,4,17.590,2.253,74.025,7.907,0.000,0.700,0.339,0.755,173.052,72.677,20.803,20.448,time_of_use,0
site_unn79reovm,193,2024-07-12,5,7,7.871,1.329,77.788,12.361,0.000,0.594,0.022,0.234,182.733,74.657,14.563,23.939,time_of_use,0
site_xms2f2z823,128,2024-05-08,3,5,13.102,1.596,77.303,9.676,0.000,0.679,0.237,0.485,173.639,72.167,23.846,17.845,flat,0
site_9ueuoqbp8k,80,2024-03-21,4,3,25.315,4.458,62.912,8.517,0.000,0.674,0.193,0.624,202.765,75.711,22.273,17.157,critical_peak,0
site_8a103kt75c,146,2024-05-26,0,5,16.164,2.666,74.251,13.346,0.000,0.748,0.348,0.672,198.755,74.018,18.627,21.534,flat,0
site_8ttmv07z34,157,2024-06-06,4,6,7.448,2.372,63.410,15.599,0.000,0.639,0.101,0.498,157.937,57.239,18.616,28.046,time_of_use,0
site_hv02xi47qd,152,2024-06-01,6,6,12.522,1.234,64.987,10.077,0.000,0.598,0.207,0.652,189.500,76.814,19.250,19.931,critical_peak,0
site_hv02xi47qd,49,2024-02-19,1,2,25.442,3.587,60.035,13.842,0.000,0.680,0.191,0.716,207.764,81.739,27.900,29.298,time_of_use,0
site_hv02xi47qd,228,2024-08-16,5,8,5.972,2.337,84.880,23.356,0.000,0.663,0.258,0.663,208.597,81.729,30.062,22.055,time_of_use,0
site_9ueuoqbp8k,189,2024-07-08,1,7,7.475,0.883,72.821,13.357,0.000,0.647,0.371,0.667,211.328,70.337,22.983,25.667,flat,0
site_jby3v59n6p,181,2024-06-30,0,6,5.514,1.806,62.792,6.242,0.000,0.566,0.194,0.507,186.948,56.405,21.718,28.672,flat,0
site_azlkiez3zd,127,2024-05-07,2,5,21.595,2.185,55.885,20.735,0.000,0.653,0.179,0.794,164.981,66.578,18.997,34.453,flat,0
site_owpbo6i70y,168,2024-06-17,1,6,13.864,1.229,73.461,4.691,0.000,0.678,0.060,0.593,146.691,58.129,14.250,18.445,critical_peak,0
site_12sjsgd733,191,2024-07-10,3,7,9.980,0.298,76.191,5.934,1.806,0.720,0.160,0.529,202.275,75.715,16.160,16.417,flat,0
site_653fbtaxzy,65,2024-03-06,3,3,20.617,3.991,49.612,6.803,0.000,0.597,0.195,0.730,167.885,84.627,16.948,10.126,flat,0
site_unn79reovm,43,2024-02-13,2,2,21.524,4.301,63.695,15.810,0.000,0.594,0.015,0.372,188.306,59.841,9.811,24.265,critical_peak,0
site_unn79reovm,78,2024-03-19,2,3,25.232,4.226,66.026,8.097,0.000,0.569,0.015,0.544,218.090,47.319,11.695,25.232,critical_peak,0
site_xms2f2z823,217,2024-08-05,1,8,10.820,2.259,61.564,10.015,0.000,0.617,0.341,0.337,188.395,75.226,33.667,20.009,flat,0
site_unn79reovm,208,2024-07-27,6,7,4.644,1.733,83.184,11.301,0.000,0.688,0.189,0.341,190.784,77.659,17.143,20.176,flat,0
site_8ttmv07z34,95,2024-04-05,5,4,20.394,5.259,48.763,10.827,1.537,0.697,0.111,0.785,184.056,63.892,22.831,23.308,time_of_use,0
site_unn79reovm,162,2024-06-11,2,6,8.318,2.347,80.150,14.134,0.758,0.744,0.038,0.337,197.590,69.340,1.383,25.951,flat,0
site_q96oxsn6t7,18,2024-01-19,5,1,10.030,2.252,67.257,16.414,0.000,0.488,0.066,0.681,159.807,56.594,13.981,20.256,flat,0
site_q96oxsn6t7,21,2024-01-22,1,1,13.717,3.438,71.644,15.295,0.000,0.617,0.100,0.787,169.965,59.695,12.368,25.710,time_of_use,0
site_oqtmdxfv99,6,2024-01-07,0,1,8.316,2.398,70.503,17.817,0.000,0.814,0.171,0.696,177.555,89.726,8.637,38.033,critical_peak,0
site_ruqwbu08ys,16,2024-01-17,3,1,14.165,4.183,56.594,12.076,3.669,0.547,0.251,0.669,192.105,41.354,15.059,26.721,critical_peak,0
site_azlkiez3zd,153,2024-06-02,0,6,13.102,1.636,63.262,5.060,0.000,0.644,0.167,0.785,180.991,85.733,9.457,30.018,flat,0
site_hv02xi47qd,132,2024-05-12,0,5,10.715,1.250,58.985,8.015,0.000,0.712,0.322,0.774,191.688,73.957,20.289,22.072,critical_peak,0
site_hv02xi47qd,91,2024-04-01,1,4,24.278,3.047,61.130,13.790,0.000,0.690,0.178,0.897,188.131,63.423,27.651,24.473,flat,0
site_8ttmv07z34,87,2024-03-28,4,3,19.978,3.675,56.997,11.772,0.000,0.570,0.180,0.456,175.101,48.628,16.982,27.954,critical_peak,0
site_esvkso5p9a,98,2024-04-08,1,4,24.464,3.550,59.056,12.573,0.000,0.723,0.200,0.535,193.335,77.556,16.737,16.998,critical_peak,0
site_wkoe2l3dl1,110,2024-04-20,6,4,26.081,4.072,54.901,12.010,0.000,0.541,0.274,0.767,199.736,69.173,19.640,29.440,flat,0
site_owpbo6i70y,81,2024-03-22,5,3,23.845,4.295,60.794,17.196,0.000,0.718,,0.951,175.694,68.810,5.482,10.645,flat,0
site_q96oxsn6t7,169,2024-06-18,2,6,15.393,1.693,77.756,18.833,0.000,0.526,0.114,0.685,160.619,65.656,16.411,36.021,critical_peak,0
site_9ueuoqbp8k,176,2024-06-25,2,6,13.831,1.252,72.611,12.569,0.000,0.661,0.219,0.256,197.904,46.795,,17.466,time_of_use,0
site_owpbo6i70y,173,2024-06-22,6,6,13.260,2.360,73.585,9.433,0.000,0.590,0.168,0.747,165.836,65.724,21.899,16.666,flat,1
site_653fbtaxzy,217,2024-08-05,1,8,4.926,2.690,84.287,12.099,5.599,0.747,0.364,0.600,235.445,72.651,22.073,15.756,flat,0
site_xms2f2z823,111,2024-04-21,0,4,23.696,3.771,56.239,18.166,,0.535,0.266,0.534,177.715,51.216,24.383,5.303,time_of_use,0
site_8ttmv07z34,28,2024-01-29,1,1,16.531,2.651,72.876,14.046,0.000,0.490,0.078,0.423,179.977,70.108,13.424,25.354,flat,0
site_unn79reovm,104,2024-04-14,0,4,20.262,2.106,55.518,16.491,0.000,0.606,0.174,0.630,196.321,60.192,11.705,27.422,time_of_use,0
site_mmvs0z732r,235,2024-08-23,5,8,13.707,1.968,75.516,15.791,0.000,0.751,0.184,0.597,197.829,64.406,22.764,24.376,flat,1
site_lh13qhdxr8,46,2024-02-16,5,2,18.583,2.549,75.214,12.974,0.000,0.767,0.355,0.959,167.888,72.744,26.596,22.828,flat,0
site_wb8fh6amr3,142,2024-05-22,3,5,16.972,3.036,67.707,13.430,0.000,0.748,0.248,0.902,167.104,70.171,27.418,13.193,critical_peak,0
site_unn79reovm,103,2024-04-13,6,4,26.142,2.924,60.300,12.448,0.000,0.699,0.214,0.594,193.754,66.332,12.257,33.385,time_of_use,0
site_oqtmdxfv99,123,2024-05-03,5,5,15.699,2.828,55.658,15.719,0.000,0.749,0.056,0.815,202.485,61.078,6.154,21.347,critical_peak,0
site_mmvs0z732r,200,2024-07-19,5,7,8.944,1.538,74.832,12.161,0.000,0.622,0.212,0.706,180.423,64.237,13.725,20.198,flat,0
site_8ttmv07z34,3,2024-01-04,4,1,7.780,3.624,64.986,9.659,0.000,0.603,0.087,0.597,190.861,74.964,15.101,20.856,time_of_use,0
site_q96oxsn6t7,154,2024-06-03,1,6,9.212,1.317,76.554,18.389,0.000,0.590,0.052,0.841,180.891,57.703,16.526,23.498,flat,0
site_653fbtaxzy,80,2024-03-21,4,3,26.047,5.238,62.044,8.421,0.000,0.640,0.296,0.611,205.877,69.722,23.820,26.869,critical_peak,0
site_unn79reovm,51,2024-02-21,3,2,20.867,4.079,38.119,13.538,0.000,0.502,0.045,0.174,162.481,,4.094,19.978,critical_peak,0
site_azlkiez3zd,23,2024-01-24,3,1,13.314,1.874,60.961,12.216,0.000,0.656,0.348,0.629,154.665,76.187,24.043,27.475,time_of_use,0
site_lh13qhdxr8,119,2024-04-29,1,4,18.313,2.384,55.222,13.708,0.000,0.689,0.246,0.542,163.421,67.366,29.512,17.138,flat,0
site_mmvs0z732r,134,2024-05-14,2,5,16.702,3.060,68.225,8.040,0.000,0.571,0.025,0.617,180.699,58.375,11.000,23.652,critical_peak,0
site_cyoy81mba2,87,2024-03-28,4,3,22.721,3.311,55.122,14.758,0.000,0.576,0.158,0.870,209.908,64.508,15.440,23.299,critical_peak,0
site_8ttmv07z34,111,2024-04-21,0,4,20.455,3.116,53.567,11.340,0.000,0.630,0.136,0.610,177.187,58.555,8.906,22.842,time_of_use,0
site_9ueuoqbp8k,206,2024-07-25,4,7,3.001,1.637,65.976,14.267,0.000,0.562,0.383,0.596,187.321,47.541,25.246,24.406,critical_peak,0
site_8a103kt75c,11,2024-01-12,5,1,10.428,2.032,66.066,17.994,0.000,0.708,0.217,0.507,216.677,69.952,16.111,24.317,flat,0
site_8a103kt75c,212,2024-07-31,3,7,4.659,1.306,85.072,9.464,0.000,0.766,0.343,0.490,231.882,75.731,19.513,25.178,time_of_use,0
site_pyswc8o9g8,228,2024-08-16,5,8,3.489,2.238,81.194,8.359,0.000,0.629,0.155,0.570,251.608,66.325,13.915,,time_of_use,0
site_unn79reovm,100,2024-04-10,3,4,23.758,4.499,65.684,12.714,0.000,0.651,0.116,0.493,188.872,59.845,10.708,23.387,flat,0
site_9ueuoqbp8k,24,2024-01-25,4,1,16.470,3.046,66.075,10.661,0.000,0.654,0.100,0.762,159.017,65.675,15.130,28.736,critical_peak,0
site_hv02xi47qd,238,2024-08-26,1,8,7.824,,65.732,4.037,,0.708,0.277,0.573,207.535,65.647,29.474,25.513,time_of_use,0
site_lpvyddf2dp,107,2024-04-17,3,4,17.674,3.157,66.332,9.340,0.000,0.655,0.324,0.927,178.907,71.912,18.968,26.836,critical_peak,0
site_pyswc8o9g8,205,2024-07-24,3,7,5.551,0.217,85.496,10.349,0.000,0.601,0.076,0.527,228.900,79.117,23.580,23.812,critical_peak,0
site_oqtmdxfv99,194,2024-07-13,6,7,11.647,1.161,76.287,11.900,0.000,0.605,0.122,0.754,205.382,,13.413,10.325,time_of_use,0
site_cyoy81mba2,13,2024-01-14,0,1,10.848,3.794,61.596,4.639,0.000,0.728,0.196,0.378,179.759,76.940,24.676,22.946,time_of_use,0
site_azlkiez3zd,64,2024-03-05,2,3,21.101,4.734,71.476,6.523,0.000,0.701,0.194,0.980,172.111,64.881,16.568,29.190,flat,0
site_q96oxsn6t7,132,2024-05-12,0,5,21.011,2.458,70.677,15.909,0.000,0.643,0.084,0.934,176.352,61.206,18.710,27.672,critical_peak,0
site_cyoy81mba2,84,2024-03-25,1,3,23.065,3.111,57.086,9.105,0.000,0.578,0.218,0.772,196.325,50.177,21.943,36.190,time_of_use,0
site_mmvs0z732r,28,2024-01-29,1,1,11.771,3.070,63.481,8.280,0.000,0.524,0.015,0.803,166.613,64.282,7.015,19.034,flat,0
site_oqtmdxfv99,225,2024-08-13,2,8,8.336,1.907,74.498,6.943,0.000,0.708,0.126,0.705,189.169,64.600,15.729,17.898,flat,0
site_8ttmv07z34,19,2024-01-20,6,1,13.784,2.185,68.057,15.894,0.000,0.573,0.136,0.597,168.043,52.261,18.831,20.317,flat,0
site_wkoe2l3dl1,6,2024-01-07,0,1,9.376,3.078,68.733,7.120,0.000,0.575,0.258,0.742,161.715,71.594,15.599,18.532,critical_peak,0
site_ruqwbu08ys,197,2024-07-16,2,7,6.572,1.213,63.803,12.158,0.000,0.671,0.265,0.427,220.296,50.908,23.087,20.125,critical_peak,0
site_pyswc8o9g8,238,2024-08-26,1,8,6.832,0.880,76.057,17.981,0.000,0.703,0.038,0.566,240.400,68.232,10.644,15.716,time_of_use,0
site_mmvs0z732r,5,2024-01-06,6,1,8.588,2.883,77.140,2.929,0.000,0.450,0.105,0.762,168.896,56.277,13.216,15.353,time_of_use,0
site_lpvyddf2dp,111,2024-04-21,0,4,21.363,4.156,74.839,11.266,0.000,0.655,0.286,0.980,183.306,78.222,27.694,26.742,time_of_use,0
site_ruqwbu08ys,44,2024-02-14,3,2,16.889,3.410,75.031,16.930,0.000,0.582,0.271,0.416,219.604,52.531,16.417,18.933,critical_peak,0
site_pyswc8o9g8,115,2024-04-25,4,4,21.386,3.804,68.442,9.485,0.000,0.607,0.116,0.734,180.162,68.240,17.897,22.455,critical_peak,1
site_i72zb352li,179,2024-06-28,5,6,8.392,1.552,68.977,7.499,2.761,0.699,0.267,0.481,191.759,79.667,22.331,25.779,critical_peak,0
site_hv02xi47qd,66,2024-03-07,4,3,23.564,3.105,61.381,16.540,0.000,0.501,0.210,0.685,181.014,63.186,30.854,31.214,time_of_use,0
site_cyoy81mba2,170,2024-06-19,3,6,12.335,0.426,71.801,18.809,0.000,0.519,0.257,0.356,186.675,64.763,14.197,25.564,critical_peak,0
site_owpbo6i70y,20,2024-01-21,0,1,11.155,3.182,73.264,8.965,2.167,0.676,0.186,0.671,177.825,78.925,20.242,30.589,flat,0
site_pyswc8o9g8,170,2024-06-19,3,6,9.282,1.189,71.077,6.426,0.000,0.603,0.234,0.490,208.891,48.867,18.960,8.522,critical_peak,0
site_lh13qhdxr8,165,2024-06-14,5,6,8.995,1.745,,10.323,0.000,0.646,0.201,0.453,191.573,63.331,30.603,25.269,time_of_use,0
site_azlkiez3zd,172,2024-06-21,5,6,9.720,0.945,56.608,7.367,,0.582,0.085,0.446,174.691,91.283,0.992,19.303,flat,0
site_wb8fh6amr3,169,2024-06-18,2,6,13.191,2.225,91.195,0.953,0.000,0.669,0.388,0.636,187.211,77.891,26.608,20.196,critical_peak,0
site_hv02xi47qd,44,2024-02-14,3,2,16.204,3.922,50.489,7.988,0.000,0.562,0.225,0.785,180.323,79.534,24.459,25.989,critical_peak,0
site_9ueuoqbp8k,56,2024-02-26,1,2,23.265,4.197,67.343,5.981,0.000,0.612,0.316,0.686,211.510,58.807,25.437,18.526,flat,1
site_8a103kt75c,73,2024-03-14,4,3,25.105,3.589,66.828,8.987,0.000,0.671,0.335,0.536,214.447,61.550,27.968,23.186,flat,0
site_hv02xi47qd,222,2024-08-10,6,8,10.476,2.545,71.006,8.213,0.820,0.740,0.418,0.641,173.386,108.357,29.022,24.350,critical_peak,0
site_l7o5bnkp2o,186,2024-07-05,5,7,8.016,0.050,79.092,8.179,0.000,0.601,0.260,0.520,212.946,56.533,20.614,21.491,critical_peak,0
site_8a103kt75c,230,2024-08-18,0,8,5.857,0.927,66.645,12.349,0.180,0.632,0.414,0.369,221.273,57.666,23.482,17.737,time_of_use,0
site_cyoy81mba2,230,2024-08-18,0,8,3.737,1.004,64.514,3.722,0.000,0.689,0.148,0.623,215.629,78.398,24.450,23.911,time_of_use,0
site_9ueuoqbp8k,11,2024-01-12,5,1,13.211,1.970,64.224,10.309,0.000,0.698,0.311,0.583,182.481,60.488,26.253,25.309,flat,0
site_jby3v59n6p,85,2024-03-26,2,3,22.925,3.439,54.066,10.819,2.181,0.600,0.293,0.765,191.421,49.550,31.520,10.510,time_of_use,0
site_i72zb352li,150,2024-05-30,4,5,8.658,3.103,61.508,12.077,0.000,0.625,0.202,0.508,190.511,92.462,11.675,10.218,critical_peak,0
site_l7o5bnkp2o,44,2024-02-14,3,2,21.527,1.747,60.682,17.316,0.000,0.598,0.247,0.876,189.441,59.717,26.009,23.426,critical_peak,0
site_owpbo6i70y,235,2024-08-23,5,8,6.715,2.873,,15.044,0.000,0.640,0.015,0.849,158.601,54.164,11.675,11.237,flat,1
site_q96oxsn6t7,107,2024-04-17,3,4,17.523,3.663,63.640,18.104,0.000,0.712,0.170,0.965,163.388,44.957,18.281,19.252,critical_peak,0
site_pyswc8o9g8,17,2024-01-18,4,1,9.815,2.370,58.650,13.609,0.000,0.713,0.015,0.619,216.800,78.215,14.714,17.245,critical_peak,0
site_ruqwbu08ys,199,2024-07-18,4,7,1.712,1.835,76.358,7.465,1.051,0.651,0.179,0.680,199.725,45.379,17.639,9.382,flat,0
site_lpvyddf2dp,88,2024-03-29,5,3,23.485,4.487,59.546,,0.000,0.641,0.222,0.960,195.106,78.157,22.325,12.929,critical_peak,0
site_l7o5bnkp2o,94,2024-04-04,4,4,24.426,3.497,52.442,5.132,0.000,0.536,0.335,0.814,173.333,58.157,17.548,16.375,time_of_use,0
site_lpvyddf2dp,69,2024-03-10,0,3,21.780,4.207,54.155,0.200,0.000,0.626,0.259,0.657,154.608,67.572,19.852,28.243,critical_peak,0
site_cyoy81mba2,234,2024-08-22,4,8,14.614,1.460,67.168,13.458,0.000,0.549,0.101,0.612,174.808,63.048,14.345,26.554,flat,0
site_wkoe2l3dl1,36,2024-02-06,2,2,18.253,4.127,61.565,12.804,1.827,0.498,0.169,0.799,208.004,69.077,14.624,22.611,flat,0
site_l7o5bnkp2o,29,2024-01-30,2,1,19.825,4.078,60.902,11.704,0.000,0.624,0.338,0.592,174.919,52.255,16.946,21.737,flat,0
site_i72zb352li,26,2024-01-27,6,1,10.293,2.528,72.810,11.714,0.000,0.620,0.195,0.679,185.168,62.985,11.926,25.031,critical_peak,0
site_wkoe2l3dl1,28,2024-01-29,1,1,15.092,3.212,65.077,8.878,2.020,0.542,0.304,0.687,,57.896,22.151,27.562,flat,0
site_oqtmdxfv99,110,2024-04-20,6,4,23.127,3.003,56.518,13.620,0.000,0.767,0.138,0.669,188.255,84.153,14.003,12.658,flat,0
site_jby3v59n6p,141,2024-05-21,2,5,20.585,2.922,57.044,6.882,0.000,0.628,0.015,0.523,212.498,59.838,8.764,18.039,critical_peak,0
site_12sjsgd733,70,2024-03-11,1,3,25.031,3.995,51.503,,0.000,0.558,0.015,0.749,183.638,71.926,9.242,16.501,critical_peak,0
site_pyswc8o9g8,155,2024-06-04,2,6,9.210,0.758,72.293,11.525,0.000,0.478,0.078,0.685,249.798,58.413,17.925,23.879,flat,0
site_8ttmv07z34,155,2024-06-04,2,6,13.129,2.144,71.575,13.576,0.000,0.662,0.245,0.487,162.094,68.318,24.283,16.439,flat,0
site_azlkiez3zd,217,2024-08-05,1,8,7.849,1.276,71.541,17.329,0.000,0.725,0.248,0.438,216.332,67.527,24.016,24.094,flat,0
site_12sjsgd733,196,2024-07-15,1,7,6.897,1.928,77.276,8.837,0.000,0.540,0.098,0.611,185.921,63.969,15.198,16.518,critical_peak,0
site_9ueuoqbp8k,216,2024-08-04,0,8,2.681,2.189,88.456,17.154,0.000,0.657,0.497,0.585,198.255,60.899,23.814,21.994,flat,0
site_azlkiez3zd,81,2024-03-22,5,3,24.301,3.783,67.319,7.134,0.000,0.585,0.103,0.736,203.129,77.419,9.327,19.631,flat,0
site_9ueuoqbp8k,38,2024-02-08,4,2,18.859,3.441,60.087,20.774,0.000,0.563,0.329,0.698,187.947,51.655,25.014,19.687,flat,0
site_owpbo6i70y,149,2024-05-29,3,5,16.435,,67.399,14.782,2.848,0.659,0.055,0.548,185.130,58.834,15.540,,time_of_use,0
site_8ttmv07z34,133,2024-05-13,1,5,18.904,2.654,66.980,17.901,0.000,0.618,0.226,0.665,203.090,56.684,26.415,25.321,critical_peak,0
site_oqtmdxfv99,50,2024-02-20,2,2,24.379,4.259,59.993,15.699,0.000,0.645,0.015,0.715,149.226,77.145,5.990,20.809,time_of_use,0
site_i72zb352li,56,2024-02-26,1,2,20.582,5.723,66.820,7.290,0.000,0.653,0.314,0.980,191.974,69.575,20.936,28.935,flat,0
site_l7o5bnkp2o,128,2024-05-08,3,5,20.018,2.663,69.005,11.377,0.000,0.691,0.320,0.758,212.233,67.986,15.653,18.278,flat,0
site_mmvs0z732r,231,2024-08-19,1,8,5.879,1.311,75.754,12.748,0.000,0.708,0.015,0.569,174.723,55.989,10.835,23.736,critical_peak,0
site_wb8fh6amr3,7,2024-01-08,1,1,8.580,2.134,65.651,7.229,2.129,0.728,0.330,0.508,183.363,71.707,17.175,17.841,critical_peak,0
site_lh13qhdxr8,155,2024-06-04,2,6,12.205,1.466,61.648,9.420,1.555,0.586,0.335,0.599,166.913,73.565,24.523,21.236,flat,0
site_azlkiez3zd,209,2024-07-28,0,7,6.809,0.910,63.744,11.743,0.000,0.715,0.372,0.525,189.599,88.759,24.911,22.845,flat,0
site_l7o5bnkp2o,137,2024-05-17,5,5,17.917,2.583,63.054,15.089,0.000,0.755,0.197,0.782,199.433,69.519,17.463,18.894,flat,0
site_8a103kt75c,141,2024-05-21,2,5,10.441,3.048,75.368,17.786,0.000,0.651,0.276,0.424,208.500,75.134,22.781,10.908,critical_peak,0
site_12sjsgd733,96,2024-04-06,6,4,29.794,4.975,54.923,15.520,1.008,0.597,0.015,0.627,173.282,75.283,16.175,14.264,critical_peak,0
site_8a103kt75c,103,2024-04-13,6,4,19.817,3.573,67.389,14.063,0.000,0.707,0.533,0.575,216.127,62.845,30.284,14.961,time_of_use,0
site_cyoy81mba2,109,2024-04-19,5,4,22.203,3.830,62.537,11.413,0.000,0.581,0.015,0.599,187.936,61.725,14.733,24.891,flat,0
site_lh13qhdxr8,214,2024-08-02,5,8,6.733,1.184,65.479,7.525,0.000,0.778,0.151,0.617,197.601,64.845,25.226,23.132,critical_peak,0
site_hv02xi47qd,35,2024-02-05,1,2,17.533,4.741,66.593,12.887,0.000,0.723,0.162,0.932,164.384,66.251,21.591,21.623,critical_peak,0
site_jby3v59n6p,153,2024-06-02,0,6,12.860,1.626,57.680,14.848,0.000,0.477,0.333,0.532,183.055,46.077,19.236,16.334,flat,0
site_jby3v59n6p,54,2024-02-24,6,2,21.633,4.104,76.924,3.842,0.000,0.613,0.163,0.528,173.695,68.577,26.629,30.026,flat,0
site_q96oxsn6t7,4,2024-01-05,5,1,10.976,3.409,83.319,6.315,0.000,0.717,0.197,0.726,179.630,82.213,16.149,24.766,time_of_use,0
site_8a103kt75c,102,2024-04-12,5,4,27.922,3.658,64.277,16.142,0.000,0.674,0.252,0.639,223.425,68.025,23.213,25.326,time_of_use,0
site_8a103kt75c,233,2024-08-21,3,8,8.092,1.906,63.128,17.831,0.000,0.645,0.342,0.412,242.343,81.638,25.464,15.269,critical_peak,0
site_l7o5bnkp2o,236,2024-08-24,6,8,12.000,1.721,81.499,18.955,0.000,0.589,0.140,0.527,166.532,74.345,15.317,24.369,flat,0
site_q96oxsn6t7,45,2024-02-15,4,2,18.109,4.970,65.890,11.476,0.000,0.502,0.142,0.980,158.444,73.947,-0.493,22.873,flat,0
site_mmvs0z732r,213,2024-08-01,4,8,,1.537,74.153,13.088,0.000,0.503,0.117,0.660,191.628,48.484,11.069,14.247,critical_peak,0
site_hv02xi47qd,92,2024-04-02,2,4,24.055,4.728,60.593,8.708,0.000,0.672,0.217,0.836,179.372,78.853,22.965,19.488,flat,0
site_oqtmdxfv99,207,2024-07-26,5,7,5.708,1.326,84.014,10.023,0.000,0.731,0.130,0.599,202.942,74.717,15.258,24.290,flat,1
site_hv02xi47qd,204,2024-07-23,2,7,6.167,1.037,77.818,8.385,0.000,0.547,0.212,0.738,211.215,85.496,25.944,23.652,critical_peak,0
site_ruqwbu08ys,169,2024-06-18,2,6,13.973,2.019,65.557,8.786,0.000,0.658,0.290,0.597,199.594,60.270,20.891,20.996,critical_peak,0
site_wkoe2l3dl1,220,2024-08-08,4,8,6.229,2.729,67.877,8.744,0.000,0.543,0.249,0.980,231.358,60.610,16.993,14.386,time_of_use,0
site_oqtmdxfv99,233,2024-08-21,3,8,9.339,2.014,59.556,13.225,0.000,0.792,0.015,0.763,187.743,73.776,9.422,24.042,critical_peak,0
site_esvkso5p9a,200,2024-07-19,5,7,11.096,0.050,84.722,8.120,0.000,0.654,0.222,0.584,218.385,66.187,19.322,16.945,flat,0
site_oqtmdxfv99,238,2024-08-26,1,8,8.613,1.995,57.684,7.591,0.000,0.689,0.158,0.727,202.777,64.864,15.144,20.071,time_of_use,0
site_ruqwbu08ys,21,2024-01-22,1,1,12.649,2.173,75.713,5.864,0.000,0.624,0.205,0.467,235.315,60.084,24.282,18.337,time_of_use,0
site_esvkso5p9a,168,2024-06-17,1,6,13.510,1.682,72.008,3.935,13.881,0.692,0.201,0.652,210.261,81.447,21.467,24.017,critical_peak,0
site_azlkiez3zd,53,2024-02-23,5,2,20.711,4.562,75.501,18.738,0.000,0.752,0.253,0.961,190.952,92.806,24.537,29.045,critical_peak,0
site_8ttmv07z34,142,2024-05-22,3,5,15.895,3.036,76.339,3.675,0.000,0.571,0.154,0.463,193.211,68.881,15.882,24.673,critical_peak,0
site_8a103kt75c,61,2024-03-02,6,3,19.099,4.275,57.768,14.580,0.000,0.823,0.455,0.570,198.673,73.261,19.526,21.005,critical_peak,0
site_8a103kt75c,8,2024-01-09,2,1,13.741,3.326,75.550,4.560,3.243,0.781,0.457,0.717,203.093,86.120,19.937,31.936,critical_peak,0
site_12sjsgd733,222,2024-08-10,6,8,6.693,1.383,70.462,19.139,0.000,0.540,0.115,0.493,200.579,72.097,12.309,31.430,critical_peak,0
site_hv02xi47qd,203,2024-07-22,1,7,10.144,2.297,78.072,8.678,0.000,0.681,0.318,0.725,205.331,80.878,25.077,17.035,time_of_use,0
site_cyoy81mba2,88,2024-03-29,5,3,24.988,3.416,57.153,21.775,0.000,0.592,0.098,0.830,205.527,50.011,22.007,21.207,critical_peak,0
site_mmvs0z732r,97,2024-04-07,0,4,22.951,4.961,,12.987,0.000,0.628,0.206,0.803,204.211,66.868,18.274,7.538,critical_peak,1
site_oqtmdxfv99,12,2024-01-13,6,1,10.915,3.177,68.586,18.484,0.000,0.686,0.142,0.691,181.595,60.354,19.067,25.649,time_of_use,0
site_esvkso5p9a,84,2024-03-25,1,3,29.884,3.219,54.199,8.206,0.260,0.693,0.089,0.852,225.859,72.641,22.024,18.837,time_of_use,0
site_jby3v59n6p,110,2024-04-20,6,4,22.911,3.366,65.699,12.955,0.000,0.590,0.015,0.783,194.480,76.670,19.920,19.298,flat,0
site_unn79reovm,24,2024-01-25,4,1,13.464,2.667,70.783,8.200,0.000,0.692,0.221,0.446,212.199,66.371,21.664,24.732,critical_peak,0
site_azlkiez3zd,106,2024-04-16,2,4,21.899,4.292,57.601,8.184,0.000,0.813,0.043,0.795,185.214,95.472,25.968,21.898,critical_peak,0
site_unn79reovm,207,2024-07-26,5,7,4.944,1.795,70.408,7.553,0.000,0.641,0.034,0.392,187.077,80.376,11.599,22.095,flat,0
site_wb8fh6amr3,227,2024-08-15,4,8,5.159,0.710,67.558,11.488,0.000,0.707,0.310,0.538,205.167,84.720,26.759,11.333,flat,0
site_653fbtaxzy,177,2024-06-26,3,6,13.227,0.953,87.714,15.075,0.000,0.663,0.290,0.469,237.348,71.228,21.216,12.308,critical_peak,0
site_wkoe2l3dl1,166,2024-06-15,6,6,5.804,1.724,67.049,9.652,0.000,0.661,0.201,0.690,184.588,66.922,14.226,23.044,time_of_use,0
site_ruqwbu08ys,33,2024-02-03,6,2,15.623,4.140,69.329,5.515,0.000,0.613,0.218,0.784,196.630,42.776,18.871,25.018,critical_peak,0
site_8a103kt75c,135,2024-05-15,3,5,18.701,1.966,61.078,15.169,0.000,0.759,0.378,0.593,218.665,75.581,12.942,21.819,flat,0
site_mmvs0z732r,85,2024-03-26,2,3,24.443,4.146,52.745,0.867,0.000,0.667,0.074,0.853,159.526,66.459,12.653,21.720,time_of_use,0
site_653fbtaxzy,229,2024-08-17,6,8,13.711,3.242,70.418,6.446,0.000,0.523,0.379,0.436,207.356,86.396,8.487,13.020,time_of_use,0
site_azlkiez3zd,104,2024-04-14,0,4,24.419,4.089,64.848,10.524,0.000,0.642,0.286,0.946,181.508,73.120,26.715,19.037,time_of_use,0
site_8a103kt75c,201,2024-07-20,6,7,5.252,2.090,86.952,17.314,0.000,0.653,0.391,0.500,220.855,83.409,28.226,16.085,time_of_use,0
site_wb8fh6amr3,50,2024-02-20,2,2,20.592,2.553,73.862,4.838,2.004,0.592,0.263,0.618,183.844,72.301,20.254,23.496,time_of_use,0
site_azlkiez3zd,230,2024-08-18,0,8,5.157,2.870,67.960,15.996,0.000,0.775,0.307,0.799,191.860,73.812,20.817,14.042,time_of_use,1
site_653fbtaxzy,183,2024-07-02,2,7,9.434,1.593,73.731,18.245,0.000,0.765,0.241,0.339,205.531,77.962,22.873,11.423,time_of_use,0
site_i72zb352li,164,2024-06-13,4,6,11.672,2.906,66.758,14.513,0.000,0.592,0.231,0.661,175.513,83.819,17.986,28.001,flat,0
site_jby3v59n6p,208,2024-07-27,6,7,9.900,2.287,92.760,17.002,0.000,0.445,0.220,0.561,210.321,51.567,22.762,15.603,flat,0
site_lh13qhdxr8,58,2024-02-28,3,2,21.111,4.033,58.533,9.650,0.000,0.673,0.275,0.809,170.196,56.716,23.757,15.924,time_of_use,0
site_jby3v59n6p,227,2024-08-15,4,8,5.740,1.372,82.045,9.756,0.000,0.660,0.120,0.347,191.213,68.757,17.605,24.069,flat,0
site_lh13qhdxr8,23,2024-01-24,3,1,11.185,3.837,69.320,8.808,0.000,0.515,0.204,0.789,153.175,74.696,24.201,29.057,time_of_use,0
site_i72zb352li,138,2024-05-18,6,5,17.253,2.680,51.800,2.043,0.000,0.827,0.412,0.610,196.916,73.232,19.636,25.443,time_of_use,0
site_owpbo6i70y,66,2024-03-07,4,3,21.692,3.642,57.812,15.171,0.000,0.631,0.084,0.591,176.196,53.503,8.530,17.539,time_of_use,0
site_wb8fh6amr3,108,2024-04-18,4,4,24.323,3.190,76.093,9.745,3.878,0.610,0.205,0.920,205.514,77.577,10.407,27.204,flat,0
site_12sjsgd733,16,2024-01-17,3,1,13.738,1.965,65.790,14.558,0.000,0.647,0.015,0.439,192.866,75.133,9.936,16.011,critical_peak,0
site_azlkiez3zd,110,2024-04-20,6,4,20.108,4.349,57.164,16.221,0.000,0.560,0.052,0.745,191.937,56.049,10.850,21.381,flat,0
site_oqtmdxfv99,79,2024-03-20,3,3,26.128,4.750,51.392,12.364,0.000,0.622,0.095,0.751,193.400,77.585,9.668,15.222,critical_peak,0
site_esvkso5p9a,165,2024-06-14,5,6,6.706,2.034,80.109,12.524,0.929,0.662,0.167,,182.972,89.103,15.714,21.759,time_of_use,0
site_12sjsgd733,34,2024-02-04,0,2,20.697,3.624,68.950,18.306,0.000,0.666,0.061,0.533,177.148,64.250,16.109,18.723,critical_peak,0
site_hv02xi47qd,215,2024-08-03,6,8,10.332,0.450,74.738,9.693,0.000,0.607,0.363,0.612,211.783,74.255,21.034,25.524,critical_peak,0
site_hv02xi47qd,139,2024-05-19,0,5,16.134,3.575,76.909,9.566,0.000,0.706,0.306,0.682,192.803,76.485,24.149,27.287,time_of_use,0
site_8ttmv07z34,237,2024-08-25,0,8,15.601,0.702,71.337,9.490,0.000,0.728,0.307,0.460,201.650,70.016,26.642,19.668,time_of_use,0
site_mmvs0z732r,78,2024-03-19,2,3,25.385,5.127,50.443,10.843,0.000,0.601,0.091,0.698,215.540,58.285,8.454,23.104,critical_peak,0
site_esvkso5p9a,87,2024-03-28,4,3,27.635,3.755,46.658,10.824,0.000,0.657,0.079,0.729,199.112,81.678,16.196,27.092,critical_peak,0
site_xms2f2z823,210,2024-07-29,1,7,10.453,0.928,70.122,10.643,,0.688,0.249,0.511,208.377,78.667,25.904,17.168,time_of_use,0
site_q96oxsn6t7,90,2024-03-31,0,3,26.788,3.540,59.803,13.196,,0.632,0.110,0.702,158.353,66.297,19.645,31.570,flat,0
site_unn79reovm,40,2024-02-10,6,2,17.230,3.384,64.066,20.566,0.000,0.693,0.162,0.414,182.859,70.478,18.817,27.452,time_of_use,0
site_lpvyddf2dp,31,2024-02-01,4,2,17.985,3.692,67.656,14.855,0.000,0.559,0.334,0.775,218.867,83.516,17.351,12.088,time_of_use,0
site_owpbo6i70y,209,2024-07-28,0,7,8.676,0.608,68.516,10.413,0.000,0.659,0.015,0.346,142.038,69.113,6.072,18.341,flat,0
site_unn79reovm,202,2024-07-21,0,7,9.360,1.381,74.624,8.931,6.170,0.686,0.110,0.443,197.292,62.645,12.214,18.443,time_of_use,0
site_12sjsgd733,88,2024-03-29,5,3,25.578,3.632,65.378,12.157,0.000,0.565,0.136,0.419,183.008,77.425,13.850,20.667,critical_peak,0
site_12sjsgd733,80,2024-03-21,4,3,23.078,4.909,60.494,7.680,0.000,0.598,0.015,0.633,185.020,51.784,9.530,12.583,critical_peak,0
site_jby3v59n6p,217,2024-08-05,1,8,5.580,1.934,74.185,15.211,0.000,0.644,0.162,0.520,211.647,52.246,19.373,23.216,flat,0
site_lh13qhdxr8,105,2024-04-15,1,4,24.460,4.266,54.281,8.114,0.000,0.575,0.275,0.600,176.373,77.540,27.435,25.920,critical_peak,1
site_wkoe2l3dl1,24,2024-01-25,4,1,16.726,4.842,73.814,4.903,2.091,0.579,0.217,0.780,176.479,57.091,19.953,19.118,critical_peak,0
site_jby3v59n6p,86,2024-03-27,3,3,21.958,4.939,70.038,6.745,0.000,0.667,0.259,0.619,194.691,71.505,22.727,13.582,time_of_use,0
site_12sjsgd733,161,2024-06-10,1,6,6.873,2.074,61.415,14.562,0.000,0.679,0.113,0.430,193.925,77.728,12.232,20.363,critical_peak,0
site_8a103kt75c,68,2024-03-09,6,3,23.053,3.640,48.763,8.440,0.167,0.712,0.347,0.613,209.525,61.661,19.802,23.520,time_of_use,0
site_oqtmdxfv99,40,2024-02-10,6,2,18.508,3.013,52.937,14.674,0.000,0.782,0.049,0.750,186.864,80.379,15.319,20.621,time_of_use,0
site_l7o5bnkp2o,114,2024-04-24,3,4,17.706,2.695,64.769,12.995,0.000,0.717,0.366,0.788,217.388,56.181,25.900,24.390,critical_peak,0
site_cyoy81mba2,202,2024-07-21,0,7,1.037,1.380,85.775,13.939,0.000,0.657,0.108,0.605,225.890,68.295,17.998,,time_of_use,0
site_cyoy81mba2,203,2024-07-22,1,7,5.094,1.172,69.844,5.257,0.000,0.610,0.221,0.556,191.470,65.170,18.874,37.006,time_of_use,0
site_12sjsgd733,132,2024-05-12,0,5,17.951,2.816,66.360,9.908,0.000,0.768,0.107,0.229,206.950,75.137,12.748,17.516,critical_peak,1
site_pyswc8o9g8,8,2024-01-09,2,1,7.077,,67.186,9.917,2.697,0.593,0.036,0.676,187.539,52.675,14.529,13.498,critical_peak,0
site_wb8fh6amr3,212,2024-07-31,3,7,4.945,0.050,84.301,12.452,0.000,0.645,0.365,0.521,,72.134,29.065,13.964,time_of_use,0
site_l7o5bnkp2o,235,2024-08-23,5,8,9.409,3.353,67.356,17.095,2.625,0.592,0.217,0.672,193.479,53.280,22.206,27.072,flat,0
site_l7o5bnkp2o,35,2024-02-05,1,2,13.768,4.664,66.118,13.283,0.000,0.606,0.161,0.772,196.110,65.467,16.869,20.724,critical_peak,0
site_owpbo6i70y,18,2024-01-19,5,1,14.385,2.555,65.278,16.398,0.000,0.661,0.137,0.547,164.658,78.863,11.324,22.017,flat,0
site_9ueuoqbp8k,221,2024-08-09,5,8,,2.136,75.390,9.340,0.000,0.576,0.357,0.567,207.802,52.756,29.102,23.142,time_of_use,0
site_i72zb352li,25,2024-01-26,5,1,12.967,3.522,59.428,8.611,0.000,0.640,0.176,0.592,171.129,74.135,12.341,16.732,critical_peak,0
site_8ttmv07z34,41,2024-02-11,0,2,13.237,3.806,66.618,9.026,0.000,0.564,0.057,0.595,162.316,64.605,21.124,18.749,time_of_use,0
site_xms2f2z823,222,2024-08-10,6,8,,1.924,66.337,13.153,0.000,0.667,0.300,0.555,200.826,63.850,18.085,27.364,critical_peak,0
site_hv02xi47qd,169,2024-06-18,2,6,10.023,1.380,74.278,17.269,0.000,0.679,0.255,0.774,218.600,66.310,24.263,42.297,critical_peak,0
site_xms2f2z823,215,2024-08-03,6,8,9.607,1.169,68.810,19.521,0.000,0.719,0.238,0.603,194.548,84.469,24.072,17.165,critical_peak,0
site_xms2f2z823,204,2024-07-23,2,7,7.287,1.152,68.698,15.677,0.000,0.519,0.306,0.468,204.201,74.317,23.931,18.743,critical_peak,0
site_lh13qhdxr8,139,2024-05-19,0,5,12.784,1.874,62.471,0.952,0.000,0.585,0.176,0.589,193.238,69.528,24.557,18.489,time_of_use,0
site_hv02xi47qd,65,2024-03-06,3,3,19.390,3.804,69.343,14.147,0.000,0.719,0.295,0.681,163.287,82.103,20.819,28.411,flat,0
site_owpbo6i70y,152,2024-06-01,6,6,14.122,0.727,64.866,12.782,1.624,0.678,0.191,0.602,186.242,69.534,12.221,24.445,critical_peak,0
site_9ueuoqbp8k,143,2024-05-23,4,5,18.452,1.779,55.606,18.632,0.000,0.667,0.219,0.516,208.336,60.648,16.104,17.315,critical_peak,0
site_owpbo6i70y,55,2024-02-25,0,2,23.734,5.313,66.422,12.438,0.000,0.776,0.285,0.543,168.014,69.102,28.844,12.147,flat,0
site_cyoy81mba2,130,2024-05-10,5,5,16.468,3.402,51.808,5.327,0.000,0.648,0.122,0.653,173.850,60.794,19.877,25.453,time_of_use,0
site_cyoy81mba2,0,2024-01-01,1,1,3.315,2.481,66.626,5.857,0.000,0.666,0.256,0.980,225.190,52.452,16.071,21.765,flat,0
site_hv02xi47qd,108,2024-04-18,4,4,27.489,5.666,73.102,13.094,0.000,0.580,0.348,0.980,212.634,61.899,27.874,24.903,flat,0
site_oqtmdxfv99,139,2024-05-19,0,5,16.970,2.620,66.813,10.334,1.668,0.664,0.053,0.853,156.881,81.934,13.522,20.029,time_of_use,0
site_xms2f2z823,182,2024-07-01,1,7,10.021,0.698,50.182,14.987,6.573,0.656,0.292,0.568,148.349,49.288,25.928,21.442,flat,0
site_9ueuoqbp8k,50,2024-02-20,2,2,22.253,4.250,66.174,8.840,0.000,0.580,0.402,0.573,153.320,44.830,18.229,26.425,time_of_use,0
site_8ttmv07z34,206,2024-07-25,4,7,4.330,1.075,76.302,17.914,0.000,0.472,0.263,0.702,223.802,55.595,29.351,19.166,critical_peak,0
site_q96oxsn6t7,48,2024-02-18,0,2,18.349,3.798,62.461,12.793,0.000,0.589,0.216,0.586,172.969,66.233,13.014,21.041,time_of_use,0
site_hv02xi47qd,14,2024-01-15,1,1,15.058,3.954,62.747,9.279,0.000,0.691,0.436,0.821,200.477,74.337,26.061,26.200,time_of_use,0
site_wkoe2l3dl1,215,2024-08-03,6,8,2.212,0.939,83.375,7.210,0.000,0.588,0.143,0.627,219.363,56.958,20.656,23.988,critical_peak,0
site_8a103kt75c,83,2024-03-24,0,3,22.715,4.249,69.524,13.569,0.000,0.782,0.313,0.472,221.035,67.332,20.333,6.086,flat,0
site_oqtmdxfv99,8,2024-01-09,2,1,9.278,2.199,69.165,11.648,2.062,0.717,0.056,0.758,184.993,85.148,10.550,19.152,critical_peak,0
site_lh13qhdxr8,104,2024-04-14,0,4,29.509,4.158,56.434,14.819,0.447,0.654,0.171,0.913,183.125,72.182,18.523,13.299,time_of_use,0
site_9ueuoqbp8k,34,2024-02-04,0,2,17.790,2.921,61.534,9.642,0.000,0.662,0.320,0.466,171.017,56.063,18.809,19.934,critical_peak,0
site_oqtmdxfv99,170,2024-06-19,3,6,9.813,0.050,62.502,16.629,0.000,0.680,0.140,0.727,196.982,68.243,20.878,20.115,critical_peak,0
site_lpvyddf2dp,155,2024-06-04,2,6,10.507,2.536,78.091,8.064,0.000,0.753,0.218,0.887,221.346,84.949,19.421,17.822,flat,0
site_cyoy81mba2,204,2024-07-23,2,7,5.503,2.352,86.446,4.742,0.000,0.684,0.061,0.757,179.232,60.714,13.737,32.547,critical_peak,0
site_hv02xi47qd,64,2024-03-05,2,3,25.263,4.043,56.192,9.466,0.783,0.677,0.335,0.698,194.844,92.811,26.283,,flat,0
site_q96oxsn6t7,69,2024-03-10,0,3,24.534,2.477,66.148,14.185,0.000,0.548,0.153,0.891,168.674,64.353,9.804,35.706,critical_peak,0
site_8ttmv07z34,45,2024-02-15,4,2,20.020,3.230,65.204,11.142,0.000,0.502,0.133,0.690,153.757,54.856,23.788,24.803,flat,0
site_wkoe2l3dl1,79,2024-03-20,3,3,29.168,4.335,79.219,12.649,0.000,0.545,0.312,0.900,189.373,43.004,22.197,20.512,critical_peak,0
site_653fbtaxzy,31,2024-02-01,4,2,13.651,2.874,75.247,10.517,0.000,0.725,0.312,0.597,229.082,73.781,18.645,27.187,time_of_use,0
site_i72zb352li,227,2024-08-15,4,8,8.818,0.441,54.930,14.281,0.000,0.740,0.201,0.356,187.652,80.272,12.192,26.420,flat,0
site_cyoy81mba2,132,2024-05-12,0,5,17.555,2.992,73.019,16.725,1.392,0.675,0.390,0.653,175.022,73.565,24.326,17.544,critical_peak,0
site_8ttmv07z34,68,2024-03-09,6,3,18.806,5.489,57.726,1.216,0.191,0.598,0.231,0.579,197.883,55.254,14.910,15.046,time_of_use,0
site_owpbo6i70y,188,2024-07-07,0,7,13.718,0.050,63.725,9.907,0.000,0.719,0.191,0.501,136.694,70.231,15.169,19.102,critical_peak,0
site_esvkso5p9a,110,2024-04-20,6,4,17.773,2.902,60.962,13.261,0.000,0.768,0.118,0.581,212.695,69.915,19.399,22.419,flat,0
site_l7o5bnkp2o,155,2024-06-04,2,6,14.500,1.747,77.399,14.256,0.000,0.721,0.195,0.510,,48.741,19.967,13.007,flat,0
site_oqtmdxfv99,118,2024-04-28,0,4,20.801,4.584,66.653,13.684,0.000,0.605,0.274,0.598,217.376,71.293,17.336,31.754,flat,0
site_q96oxsn6t7,214,2024-08-02,5,8,4.855,0.812,77.720,18.589,0.000,0.471,0.107,0.655,,63.984,15.565,36.301,critical_peak,0
site_8ttmv07z34,48,2024-02-18,0,2,22.496,,54.785,16.342,3.053,0.774,0.044,0.598,198.917,80.247,26.800,27.803,time_of_use,0
site_lpvyddf2dp,14,2024-01-15,1,1,13.323,3.064,62.770,9.699,0.000,0.633,0.248,0.669,192.045,67.147,28.285,18.908,time_of_use,0
site_wb8fh6amr3,221,2024-08-09,5,8,10.256,1.469,61.283,11.302,0.000,0.764,0.296,0.399,172.504,68.044,27.098,27.681,time_of_use,0
site_lh13qhdxr8,204,2024-07-23,2,7,8.799,2.049,88.074,9.492,0.000,0.693,0.422,0.903,208.555,74.012,24.319,25.071,critical_peak,0
site_i72zb352li,147,2024-05-27,1,5,15.519,2.380,73.517,17.145,0.000,0.788,0.499,0.542,166.537,72.167,14.012,26.673,time_of_use,0
site_cyoy81mba2,196,2024-07-15,1,7,7.455,0.933,69.136,14.574,0.000,0.565,0.173,0.288,236.408,79.669,21.127,30.219,critical_peak,0
site_653fbtaxzy,108,2024-04-18,4,4,23.192,2.357,46.994,9.052,0.000,0.601,0.048,0.699,203.709,80.701,13.998,22.356,flat,0
site_esvkso5p9a,207,2024-07-26,5,7,7.689,1.068,77.551,7.391,1.968,0.765,0.218,0.567,214.011,73.030,16.101,12.146,flat,0
site_owpbo6i70y,114,2024-04-24,3,4,22.310,3.300,60.168,13.182,0.000,0.569,0.114,0.518,137.024,53.971,13.206,23.374,critical_peak,0
site_xms2f2z823,30,2024-01-31,3,1,19.721,5.266,54.907,10.538,13.379,0.540,0.362,0.726,207.009,57.941,32.766,19.221,time_of_use,0
site_i72zb352li,52,2024-02-22,4,2,22.732,3.135,62.733,9.522,0.000,0.774,0.200,0.678,179.720,68.805,25.052,23.532,critical_peak,0
site_esvkso5p9a,159,2024-06-08,6,6,14.635,2.899,76.894,18.886,0.000,0.539,0.217,0.722,168.612,87.582,21.977,,critical_peak,0
site_wb8fh6amr3,56,2024-02-26,1,2,,3.295,55.284,15.911,1.122,0.651,0.374,0.712,181.957,68.023,26.704,18.488,flat,0
site_l7o5bnkp2o,214,2024-08-02,5,8,5.351,0.809,64.315,18.425,0.000,0.596,0.182,0.782,222.875,60.881,16.332,19.517,critical_peak,0
site_8a103kt75c,159,2024-06-08,6,6,9.740,3.084,62.117,,0.000,0.726,0.280,0.603,205.981,94.501,29.422,25.803,critical_peak,0
site_owpbo6i70y,146,2024-05-26,0,5,10.712,2.258,75.440,12.479,0.000,0.668,0.058,0.597,184.388,66.882,11.311,13.302,flat,0
site_12sjsgd733,141,2024-05-21,2,5,,3.071,79.476,3.271,0.000,0.623,0.159,0.433,200.479,71.024,13.096,20.888,critical_peak,0
site_lh13qhdxr8,24,2024-01-25,4,1,16.120,2.899,70.540,5.860,0.000,0.526,0.212,0.668,164.838,71.049,25.921,21.363,critical_peak,0
site_jby3v59n6p,201,2024-07-20,6,7,7.228,0.675,70.857,14.675,0.000,0.723,0.118,0.335,200.042,60.008,15.070,19.815,time_of_use,0
site_hv02xi47qd,233,2024-08-21,3,8,7.213,2.230,68.033,12.041,0.000,,0.377,0.439,233.416,89.487,26.098,21.742,critical_peak,0
site_pyswc8o9g8,39,2024-02-09,5,2,14.683,3.437,64.228,5.114,0.000,0.675,0.073,0.413,,57.294,10.217,,time_of_use,0
site_esvkso5p9a,211,2024-07-30,2,7,10.672,1.587,,18.848,2.135,0.695,0.023,0.768,216.767,83.217,14.809,22.452,time_of_use,0
site_hv02xi47qd,10,2024-01-11,4,1,6.417,2.311,75.729,16.489,0.000,0.580,0.436,0.802,185.247,72.841,22.985,28.944,flat,0
site_jby3v59n6p,82,2024-03-23,6,3,20.809,2.199,59.701,13.070,0.000,0.608,0.318,0.615,212.664,55.762,14.010,23.403,flat,0
site_l7o5bnkp2o,93,2024-04-03,3,4,19.408,3.539,62.364,20.581,0.000,0.643,0.332,0.753,189.276,61.604,24.508,19.005,time_of_use,0
site_q96oxsn6t7,22,2024-01-23,2,1,11.656,1.927,,10.229,0.000,0.685,0.015,0.765,173.642,63.057,16.049,24.500,time_of_use,0
site_8ttmv07z34,60,2024-03-01,5,3,23.535,4.720,72.140,12.058,0.000,0.474,0.132,0.613,188.849,59.385,19.293,19.380,critical_peak,0
site_8ttmv07z34,2,2024-01-03,3,1,8.782,1.327,61.746,13.472,0.610,0.579,0.247,0.366,183.762,55.721,22.724,25.775,flat,0
site_9ueuoqbp8k,141,2024-05-21,2,5,18.667,2.017,84.792,3.841,1.114,0.587,0.267,0.556,,39.234,15.964,32.032,critical_peak,0
site_xms2f2z823,190,2024-07-09,2,7,8.738,1.966,72.229,11.205,0.000,0.673,0.208,0.545,171.468,65.161,20.046,21.544,flat,0
site_jby3v59n6p,7,2024-01-08,1,1,4.155,3.982,54.233,8.423,0.000,0.661,0.307,0.572,195.615,46.805,,24.818,critical_peak,0
site_9ueuoqbp8k,78,2024-03-19,2,3,24.281,4.702,54.937,5.478,0.000,0.729,0.300,0.669,233.670,56.436,24.586,26.201,critical_peak,0
site_esvkso5p9a,99,2024-04-09,2,4,23.822,3.519,63.740,7.876,1.661,0.689,0.119,0.733,219.556,89.279,13.006,16.391,flat,0
site_8ttmv07z34,62,2024-03-03,0,3,21.694,4.222,58.656,7.857,0.000,0.624,0.184,0.749,164.143,55.273,12.824,22.240,critical_peak,0
site_oqtmdxfv99,228,2024-08-16,5,8,8.457,1.063,72.277,4.639,0.000,0.706,0.157,0.775,203.209,77.503,15.025,27.296,time_of_use,0
site_xms2f2z823,116,2024-04-26,5,4,22.669,3.837,62.911,,0.000,0.716,0.381,0.623,192.430,61.070,24.045,14.601,critical_peak,0
site_mmvs0z732r,23,2024-01-24,3,1,12.621,4.390,85.775,12.313,0.000,0.705,0.290,0.900,193.143,77.855,18.585,20.008,time_of_use,0
site_q96oxsn6t7,229,2024-08-17,6,8,10.656,0.877,72.114,10.970,0.000,0.506,0.015,0.519,174.987,60.893,14.612,16.954,time_of_use,0
site_lh13qhdxr8,33,2024-02-03,6,2,15.512,4.137,64.168,16.480,0.895,0.615,0.105,0.834,172.658,75.354,25.526,27.532,critical_peak,0
site_mmvs0z732r,36,2024-02-06,2,2,12.459,4.486,57.497,12.839,0.845,0.597,0.112,0.755,153.772,58.816,32.250,16.389,flat,0
site_wb8fh6amr3,73,2024-03-14,4,3,26.133,4.220,71.641,7.283,0.000,0.582,0.378,0.980,,73.212,21.750,19.177,flat,0
site_l7o5bnkp2o,75,2024-03-16,6,3,24.590,5.326,63.572,8.815,0.000,0.732,0.113,0.786,196.474,54.350,17.916,14.976,time_of_use,0
site_esvkso5p9a,216,2024-08-04,0,8,8.126,2.324,73.403,7.731,0.000,0.683,0.140,0.816,212.335,87.393,17.991,25.445,flat,0
site_cyoy81mba2,161,2024-06-10,1,6,8.959,0.565,52.692,2.084,0.000,0.697,0.207,0.594,155.009,67.727,22.986,22.483,critical_peak,0
site_lpvyddf2dp,191,2024-07-10,3,7,10.742,2.530,80.565,8.127,1.432,0.677,0.158,0.738,180.727,70.795,17.482,31.964,flat,0
site_8ttmv07z34,100,2024-04-10,3,4,26.946,2.700,67.064,9.461,0.000,0.702,0.198,0.486,168.543,55.421,27.480,24.125,flat,0
site_i72zb352li,131,2024-05-11,6,5,15.469,2.816,62.012,13.863,0.000,0.681,0.257,0.588,152.541,75.834,18.689,20.365,time_of_use,0
site_i72zb352li,221,2024-08-09,5,8,8.144,2.070,77.496,12.038,0.000,0.633,0.189,0.342,191.058,68.205,12.785,28.280,time_of_use,0
site_l7o5bnkp2o,89,2024-03-30,6,3,26.057,4.234,75.030,5.511,0.000,0.785,0.297,0.704,224.432,,25.340,19.094,critical_peak,0
site_wb8fh6amr3,23,2024-01-24,3,1,6.264,3.535,55.064,10.348,0.000,0.617,,0.807,198.997,55.334,21.490,21.781,time_of_use,0
site_esvkso5p9a,89,2024-03-30,6,3,22.624,3.091,57.306,7.103,0.000,0.763,0.199,0.785,194.605,80.844,16.984,9.397,critical_peak,0
site_pyswc8o9g8,156,2024-06-05,3,6,10.962,2.214,94.935,10.626,0.000,0.593,0.125,0.640,222.294,66.538,21.196,16.497,time_of_use,0
site_hv02xi47qd,235,2024-08-23,5,8,12.531,3.438,57.474,14.523,0.000,0.538,0.372,0.773,187.706,64.989,29.722,24.245,flat,0
site_azlkiez3zd,136,2024-05-16,4,5,,2.131,70.757,12.658,0.119,0.703,0.301,0.844,181.390,63.903,29.703,33.984,flat,0
site_8ttmv07z34,184,2024-07-03,3,7,7.731,1.545,60.159,9.900,0.000,0.661,0.232,0.365,211.759,70.058,18.690,19.421,time_of_use,0
site_lpvyddf2dp,204,2024-07-23,2,7,1.786,2.396,83.506,13.815,0.000,0.744,0.097,0.748,204.830,65.568,9.107,23.150,critical_peak,0
site_wb8fh6amr3,159,2024-06-08,6,6,12.506,1.057,69.020,15.181,0.000,0.638,0.311,0.616,199.444,60.201,30.413,18.097,critical_peak,0
site_unn79reovm,160,2024-06-09,0,6,13.771,2.027,82.310,10.085,0.000,0.694,0.198,0.461,194.063,71.911,17.828,23.088,critical_peak,0
site_jby3v59n6p,238,2024-08-26,1,8,7.427,3.295,67.482,5.478,1.938,,0.131,0.434,221.676,63.984,22.668,20.630,time_of_use,0
site_cyoy81mba2,228,2024-08-16,5,8,10.475,0.578,63.937,12.048,0.000,0.523,0.130,0.524,198.189,56.783,22.164,26.771,time_of_use,0
site_pyswc8o9g8,212,2024-07-31,3,7,10.962,1.208,85.682,13.433,0.000,0.614,0.019,0.719,225.188,61.288,12.076,19.001,time_of_use,0
site_lpvyddf2dp,90,2024-03-31,0,3,22.800,3.266,66.178,12.261,0.000,0.815,0.337,0.682,223.760,91.684,33.875,30.111,flat,0
site_esvkso5p9a,61,2024-03-02,6,3,28.375,4.224,67.096,4.735,0.000,0.564,0.222,0.662,210.586,69.497,22.332,23.044,critical_peak,0
site_653fbtaxzy,83,2024-03-24,0,3,26.989,3.805,57.971,16.243,0.000,0.716,0.265,0.775,239.342,77.372,26.942,26.322,flat,0
site_12sjsgd733,239,2024-08-27,2,8,7.442,1.604,69.536,11.107,0.000,0.743,0.201,0.333,193.812,52.226,16.319,17.468,time_of_use,0
site_esvkso5p9a,124,2024-05-04,6,5,15.824,3.500,67.588,7.198,0.000,0.530,0.124,0.715,193.774,73.580,20.997,16.782,critical_peak,1
site_cyoy81mba2,25,2024-01-26,5,1,14.145,3.666,63.426,10.796,0.000,0.595,0.068,0.613,185.388,73.197,7.486,16.921,critical_peak,0
site_l7o5bnkp2o,76,2024-03-17,0,3,19.721,4.853,67.137,7.542,0.000,0.855,0.187,0.867,160.468,63.715,19.194,17.640,time_of_use,0
site_653fbtaxzy,202,2024-07-21,0,7,8.790,0.958,73.551,9.583,0.000,0.578,0.297,0.402,219.303,79.051,20.582,21.010,time_of_use,0
site_mmvs0z732r,146,2024-05-26,0,5,10.597,4.004,60.507,7.479,0.000,0.636,0.175,0.776,165.491,77.147,19.411,20.364,flat,0
site_q96oxsn6t7,166,2024-06-15,6,6,6.727,1.728,74.629,12.409,0.000,0.551,0.037,0.715,163.414,52.067,8.972,24.605,time_of_use,0
site_esvkso5p9a,234,2024-08-22,4,8,10.591,2.257,76.607,10.171,0.000,0.548,0.239,0.566,201.828,75.050,22.608,23.066,flat,0
site_jby3v59n6p,118,2024-04-28,0,4,20.114,3.050,70.242,10.256,0.000,0.539,0.276,0.434,215.866,72.337,20.408,23.722,flat,0
site_mmvs0z732r,56,2024-02-26,1,2,22.585,5.268,69.704,14.779,0.000,0.543,0.071,0.799,176.706,77.678,12.190,26.671,flat,0
site_hv02xi47qd,16,2024-01-17,3,1,15.314,3.275,63.345,15.433,0.000,0.494,0.276,0.804,194.965,71.426,20.893,26.692,critical_peak,0
site_l7o5bnkp2o,86,2024-03-27,3,3,23.544,4.397,68.744,20.618,0.000,0.703,0.060,0.980,162.991,70.288,22.676,14.510,time_of_use,0
site_8ttmv07z34,203,2024-07-22,1,7,8.634,0.762,76.392,5.598,0.000,0.789,0.291,0.410,182.822,62.687,19.414,23.747,time_of_use,0
site_azlkiez3zd,214,2024-08-02,5,8,7.933,1.264,73.596,15.095,0.000,0.597,0.128,0.797,195.956,90.106,11.063,18.753,critical_peak,0
site_i72zb352li,171,2024-06-20,4,6,7.418,2.045,75.882,9.691,0.000,0.766,0.289,0.721,182.277,71.753,20.629,20.339,flat,0
site_jby3v59n6p,83,2024-03-24,0,3,25.675,3.708,67.304,9.308,0.000,0.702,0.265,0.700,,62.453,20.861,32.369,flat,0
site_l7o5bnkp2o,118,2024-04-28,0,4,19.611,3.591,57.672,12.204,0.000,0.653,0.264,0.520,197.975,58.959,17.417,19.025,flat,0
site_q96oxsn6t7,31,2024-02-01,4,2,11.408,4.240,60.194,7.176,0.000,0.658,0.125,0.899,175.809,65.769,14.533,21.648,time_of_use,0
site_oqtmdxfv99,106,2024-04-16,2,4,18.046,3.990,54.814,1.932,0.000,0.710,0.109,0.659,167.513,78.548,9.317,22.869,critical_peak,0
site_ruqwbu08ys,68,2024-03-09,6,3,19.926,4.740,72.925,18.008,0.000,0.584,0.365,0.649,203.899,55.881,19.927,33.395,time_of_use,0
site_owpbo6i70y,19,2024-01-20,6,1,12.606,3.634,75.690,17.695,1.877,0.658,0.197,0.668,148.154,80.649,13.409,13.760,flat,0
site_mmvs0z732r,155,2024-06-04,2,6,12.470,2.609,66.334,5.698,0.000,0.613,0.123,0.587,206.227,62.128,26.208,,flat,0
site_jby3v59n6p,152,2024-06-01,6,6,13.908,2.166,62.432,12.997,0.000,0.637,0.068,0.402,181.863,71.636,,31.020,critical_peak,0
site_esvkso5p9a,177,2024-06-26,3,6,12.869,1.267,,8.597,0.000,0.759,0.235,0.541,205.710,95.317,17.601,21.459,critical_peak,0
site_l7o5bnkp2o,149,2024-05-29,3,5,10.316,2.237,66.977,6.921,0.000,0.517,0.328,0.850,207.426,33.038,26.630,28.190,time_of_use,0
site_653fbtaxzy,198,2024-07-17,3,7,9.367,0.485,77.971,13.604,0.000,0.651,0.174,0.399,235.898,72.704,6.852,18.829,flat,0
site_wkoe2l3dl1,3,2024-01-04,4,1,11.326,2.475,66.611,8.598,0.000,0.584,0.181,0.636,201.617,63.979,19.618,27.552,time_of_use,0
site_lh13qhdxr8,112,2024-04-22,1,4,20.186,3.630,58.805,0.901,0.000,0.618,0.091,0.757,190.545,72.118,20.591,22.016,time_of_use,0
site_8ttmv07z34,169,2024-06-18,2,6,9.201,1.366,70.976,7.591,0.000,0.666,0.336,0.399,209.647,53.607,24.958,25.173,critical_peak,0
site_pyswc8o9g8,2,2024-01-03,3,1,8.846,2.207,64.905,17.516,0.000,0.625,0.032,0.488,213.607,57.816,9.783,13.775,flat,0
site_ruqwbu08ys,43,2024-02-13,2,2,19.484,2.887,52.130,8.030,0.000,0.565,0.338,0.631,217.414,47.615,23.079,25.270,critical_peak,0
site_lh13qhdxr8,5,2024-01-06,6,1,3.534,2.275,65.352,7.121,0.754,0.712,0.290,0.886,189.469,79.042,25.886,,time_of_use,0
site_8ttmv07z34,126,2024-05-06,1,5,18.796,2.601,57.439,12.259,0.000,0.568,0.137,0.487,201.643,73.088,27.143,20.386,flat,0
site_mmvs0z732r,13,2024-01-14,0,1,10.377,3.561,74.786,10.926,1.312,0.705,0.015,0.577,185.135,73.897,11.399,19.825,time_of_use,0
site_esvkso5p9a,9,2024-01-10,3,1,13.327,2.224,85.169,5.753,0.000,0.514,0.266,0.870,196.313,74.072,15.146,23.871,flat,0
site_653fbtaxzy,218,2024-08-06,2,8,4.695,1.211,80.078,4.061,0.000,0.567,0.228,0.535,229.989,53.451,15.030,21.075,flat,0
site_unn79reovm,167,2024-06-16,0,6,10.872,2.217,77.575,12.620,0.000,0.660,0.187,0.582,193.078,72.285,11.064,27.170,time_of_use,0
site_lh13qhdxr8,21,2024-01-22,1,1,16.770,2.734,86.576,12.351,0.000,0.575,0.200,0.949,183.152,57.124,23.677,18.454,time_of_use,0
site_lpvyddf2dp,51,2024-02-21,3,2,17.760,4.085,55.211,12.113,5.209,0.668,0.215,0.848,167.450,66.959,20.746,11.244,critical_peak,0
site_esvkso5p9a,225,2024-08-13,2,8,16.698,1.646,72.828,11.478,0.000,0.593,0.080,0.627,186.811,58.553,12.639,23.709,flat,0
site_q96oxsn6t7,102,2024-04-12,5,4,23.896,4.950,68.119,11.369,0.000,0.510,0.139,0.980,185.952,75.317,20.448,24.839,time_of_use,0
site_wkoe2l3dl1,143,2024-05-23,4,5,17.284,2.790,70.614,11.037,3.187,0.654,0.374,0.735,204.714,79.325,14.553,19.385,critical_peak,0
site_esvkso5p9a,220,2024-08-08,4,8,9.485,,76.896,13.493,0.000,0.793,0.208,0.776,214.236,84.610,17.068,21.268,time_of_use,0
site_xms2f2z823,198,2024-07-17,3,7,4.401,3.257,70.998,10.333,0.000,0.753,0.273,0.616,223.156,75.997,29.043,6.668,flat,0
site_cyoy81mba2,63,2024-03-04,1,3,23.354,4.592,64.172,12.110,0.000,0.608,0.083,0.796,150.258,84.321,25.751,35.745,flat,0
site_wkoe2l3dl1,9,2024-01-10,3,1,12.995,1.731,66.126,7.901,0.000,0.529,0.222,0.655,220.573,42.275,11.899,32.836,flat,0
site_azlkiez3zd,194,2024-07-13,6,7,9.365,2.286,92.741,8.675,0.000,0.760,0.319,0.720,181.270,94.319,21.151,12.139,time_of_use,0
site_hv02xi47qd,193,2024-07-12,5,7,7.588,0.367,83.410,12.954,0.000,0.618,0.498,0.801,203.190,67.825,34.402,18.381,time_of_use,0
site_xms2f2z823,37,2024-02-07,3,2,16.328,4.550,77.581,10.843,0.000,0.763,0.380,0.683,178.956,73.287,26.663,22.797,flat,0
site_azlkiez3zd,54,2024-02-24,6,2,25.190,3.696,64.568,7.532,0.000,0.675,0.111,0.740,184.179,53.336,18.737,29.917,flat,0
site_lh13qhdxr8,82,2024-03-23,6,3,25.655,4.332,63.972,16.068,0.000,0.665,0.319,0.759,204.938,62.245,25.943,18.515,flat,0
site_cyoy81mba2,147,2024-05-27,1,5,12.380,2.518,77.648,9.090,0.000,0.717,0.161,0.610,198.991,62.107,,27.451,time_of_use,0
site_cyoy81mba2,11,2024-01-12,5,1,6.125,3.826,,14.992,0.000,0.680,0.194,0.734,201.370,71.103,8.839,21.848,flat,0
site_9ueuoqbp8k,115,2024-04-25,4,4,21.546,3.383,53.406,12.490,0.000,0.499,0.355,0.468,219.018,56.858,30.697,22.881,critical_peak,0
site_653fbtaxzy,59,2024-02-29,4,2,21.106,4.200,72.271,14.910,0.000,0.756,0.266,0.654,198.757,63.334,21.764,27.218,time_of_use,0
site_i72zb352li,121,2024-05-01,3,5,24.488,2.574,,4.238,7.153,0.866,0.300,0.495,208.739,69.562,18.651,20.317,time_of_use,0
site_q96oxsn6t7,73,2024-03-14,4,3,24.114,3.506,68.364,13.071,0.000,0.736,0.015,0.688,172.016,58.572,13.886,29.763,flat,0
site_12sjsgd733,149,2024-05-29,3,5,15.449,1.905,74.701,9.992,0.000,0.676,0.015,0.337,199.059,46.957,7.774,17.438,time_of_use,0
site_653fbtaxzy,221,2024-08-09,5,8,4.858,1.699,77.122,10.561,0.000,0.732,0.104,0.257,221.395,91.697,18.906,22.410,time_of_use,0
site_12sjsgd733,137,2024-05-17,5,5,16.190,2.990,66.663,9.877,0.000,0.560,0.015,0.582,197.817,75.300,17.272,26.806,flat,0
site_owpbo6i70y,94,2024-04-04,4,4,26.396,4.900,54.982,15.795,0.000,0.603,0.015,0.862,188.601,68.357,13.257,25.914,time_of_use,0
site_oqtmdxfv99,203,2024-07-22,1,7,4.408,1.456,79.303,17.568,0.000,0.779,0.042,0.627,202.198,66.087,10.462,20.785,time_of_use,0
site_jby3v59n6p,78,2024-03-19,2,3,18.635,3.213,59.532,16.768,2.045,0.612,0.195,0.529,188.421,58.060,15.880,22.587,critical_peak,1
site_mmvs0z732r,64,2024-03-05,2,3,22.535,4.281,64.124,15.152,1.902,0.528,0.200,0.483,190.028,83.147,12.494,17.621,flat,0
site_q96oxsn6t7,49,2024-02-19,1,2,22.461,4.227,54.130,8.710,0.000,0.572,0.188,0.971,163.294,68.213,17.830,18.761,time_of_use,0
site_pyswc8o9g8,164,2024-06-13,4,6,5.675,3.259,76.614,11.207,1.570,0.676,0.089,0.525,229.234,39.001,16.719,19.105,flat,0
site_mmvs0z732r,50,2024-02-20,2,2,22.835,2.613,64.873,4.158,0.000,0.720,0.157,0.591,153.796,79.625,17.015,0.465,time_of_use,0
site_8ttmv07z34,174,2024-06-23,0,6,9.104,2.445,77.997,9.887,0.000,0.616,0.176,0.369,204.344,73.026,20.803,26.006,time_of_use,0
site_q96oxsn6t7,121,2024-05-01,3,5,16.968,2.729,66.125,14.038,0.000,0.453,0.293,0.826,163.982,,19.435,27.268,time_of_use,0
site_unn79reovm,12,2024-01-13,6,1,13.153,2.286,80.298,7.087,0.000,0.605,0.162,0.429,181.359,82.664,15.333,23.822,time_of_use,0
site_q96oxsn6t7,80,2024-03-21,4,3,23.547,5.343,58.700,11.738,0.000,0.550,0.274,0.860,178.393,70.845,20.413,17.710,critical_peak,0
site_jby3v59n6p,72,2024-03-13,3,3,22.700,3.390,66.067,13.889,0.000,0.639,0.127,0.578,184.237,60.882,18.326,22.718,flat,0
site_jby3v59n6p,1,2024-01-02,2,1,7.649,2.090,74.238,13.938,0.000,0.633,0.274,0.546,218.764,55.021,17.532,17.405,flat,0
site_unn79reovm,41,2024-02-11,0,2,20.104,4.739,61.361,12.322,0.000,0.721,0.238,0.348,187.503,82.761,8.211,21.380,time_of_use,0
site_i72zb352li,12,2024-01-13,6,1,11.048,2.374,54.705,4.323,0.000,0.690,0.234,0.452,194.124,79.703,13.876,22.468,time_of_use,0
site_pyswc8o9g8,132,2024-05-12,0,5,20.482,1.989,56.784,10.367,0.000,0.699,0.015,0.572,192.394,48.255,17.928,17.879,critical_peak,0
site_pyswc8o9g8,21,2024-01-22,1,1,13.282,2.384,71.074,11.402,0.000,0.568,0.015,0.477,189.264,59.338,15.243,18.310,time_of_use,0
site_i72zb352li,66,2024-03-07,4,3,22.963,2.964,60.910,14.546,0.000,0.713,0.263,0.516,170.654,72.903,21.460,26.650,time_of_use,0
site_l7o5bnkp2o,91,2024-04-01,1,4,26.979,4.985,52.426,11.794,0.000,0.578,0.255,0.759,209.117,51.488,13.735,16.804,flat,0
site_wb8fh6amr3,92,2024-04-02,2,4,25.459,4.595,58.921,12.263,0.000,0.642,0.276,0.856,196.068,82.465,25.347,26.030,flat,0
site_lh13qhdxr8,50,2024-02-20,2,2,14.573,3.466,62.531,12.255,1.576,0.609,0.207,0.897,154.175,71.814,,12.862,time_of_use,0
site_esvkso5p9a,21,2024-01-22,1,1,12.146,2.252,70.452,10.965,0.000,0.591,0.166,0.640,185.596,66.746,26.446,20.111,time_of_use,0
site_12sjsgd733,50,2024-02-20,2,2,21.114,4.086,66.430,10.978,0.000,0.571,0.117,0.283,185.639,70.770,4.861,29.362,time_of_use,0
site_9ueuoqbp8k,128,2024-05-08,3,5,20.446,3.431,76.426,15.347,0.000,0.499,0.254,0.641,179.359,49.181,18.393,22.313,flat,0
site_q96oxsn6t7,220,2024-08-08,4,8,2.507,1.882,81.678,14.948,0.000,0.402,0.065,0.568,195.672,63.495,12.716,24.494,time_of_use,0
site_mmvs0z732r,46,2024-02-16,5,2,21.291,4.288,70.366,5.539,0.000,0.496,0.098,0.659,160.026,51.493,13.218,19.511,flat,0
site_azlkiez3zd,96,2024-04-06,6,4,25.735,4.098,52.093,11.528,0.000,0.771,0.283,0.866,242.533,69.925,21.855,34.960,critical_peak,0
site_oqtmdxfv99,73,2024-03-14,4,3,25.712,4.509,49.525,14.334,1.780,,0.034,0.900,204.891,78.516,8.307,22.234,flat,0
site_8ttmv07z34,221,2024-08-09,5,8,5.356,0.887,59.770,13.194,0.000,0.415,0.124,0.520,230.934,47.362,22.035,29.075,time_of_use,0
site_mmvs0z732r,191,2024-07-10,3,7,7.342,0.231,73.099,9.639,0.000,0.708,0.072,0.604,208.020,48.806,8.395,15.990,flat,0
site_lh13qhdxr8,238,2024-08-26,1,8,9.659,2.414,73.086,16.495,0.000,0.665,0.200,0.685,162.003,88.048,19.476,13.049,time_of_use,1
site_cyoy81mba2,190,2024-07-09,2,7,8.508,1.876,83.507,6.527,0.000,0.710,0.114,0.547,162.537,64.180,12.090,27.771,flat,0
site_q96oxsn6t7,226,2024-08-14,3,8,7.104,1.036,67.708,17.049,0.000,0.547,0.073,0.742,201.853,63.797,14.950,19.321,flat,0
site_owpbo6i70y,167,2024-06-16,0,6,10.248,2.482,63.524,7.869,0.000,0.626,0.247,0.646,186.565,53.789,8.326,27.906,time_of_use,0
site_azlkiez3zd,133,2024-05-13,1,5,18.799,2.412,49.754,15.535,0.000,0.671,0.181,0.804,187.779,78.990,12.795,19.275,critical_peak,0
site_hv02xi47qd,23,2024-01-24,3,1,14.797,3.967,80.139,11.762,0.000,0.690,0.410,0.852,214.507,61.492,31.448,26.788,time_of_use,0
site_9ueuoqbp8k,237,2024-08-25,0,8,10.938,0.845,68.950,11.673,0.000,0.686,0.234,0.430,162.409,68.242,17.788,21.481,time_of_use,0
site_cyoy81mba2,104,2024-04-14,0,4,28.188,3.861,56.355,10.888,0.000,0.565,0.301,0.627,187.139,58.239,29.907,24.515,time_of_use,0
site_8ttmv07z34,25,2024-01-26,5,1,17.484,3.118,54.845,15.444,0.000,0.427,0.063,0.517,189.698,63.716,17.684,18.678,critical_peak,0
site_q96oxsn6t7,193,2024-07-12,5,7,10.418,1.840,77.750,16.465,0.100,0.574,0.051,0.776,164.120,72.841,4.453,27.540,time_of_use,0
site_xms2f2z823,158,2024-06-07,5,6,14.368,2.968,81.346,15.786,0.000,0.713,0.296,0.514,162.045,73.097,29.645,16.141,time_of_use,0
site_653fbtaxzy,95,2024-04-05,5,4,21.593,3.778,69.785,18.325,0.000,0.700,0.324,0.413,212.846,,24.461,17.025,time_of_use,0
site_mmvs0z732r,141,2024-05-21,2,5,14.516,2.876,81.274,11.547,0.000,0.699,0.088,0.803,185.890,60.016,14.328,16.568,critical_peak,0
site_oqtmdxfv99,204,2024-07-23,2,7,4.401,1.617,79.717,14.741,0.000,0.786,0.180,0.581,227.987,101.820,14.139,17.719,critical_peak,0
site_cyoy81mba2,16,2024-01-17,3,1,14.990,1.898,67.086,12.248,0.000,0.613,0.262,0.852,187.081,47.574,30.038,26.717,critical_peak,0
site_8ttmv07z34,24,2024-01-25,4,1,14.849,3.906,73.504,8.619,0.000,0.626,0.233,0.604,163.645,65.500,26.964,24.386,critical_peak,0
site_pyswc8o9g8,91,2024-04-01,1,4,22.814,4.554,71.337,3.141,0.000,0.650,0.015,0.690,191.814,61.970,15.265,20.515,flat,0
site_lpvyddf2dp,133,2024-05-13,1,5,19.908,2.925,62.253,15.710,0.000,0.723,0.071,0.757,180.030,70.745,17.058,30.691,critical_peak,0
site_12sjsgd733,181,2024-06-30,0,6,10.403,1.594,80.299,12.664,0.000,0.690,0.024,0.339,153.744,71.656,17.720,12.578,flat,0
site_pyswc8o9g8,159,2024-06-08,6,6,11.519,1.938,75.101,10.320,0.000,0.676,0.272,0.768,221.771,83.973,24.830,17.108,critical_peak,0
site_lh13qhdxr8,143,2024-05-23,4,5,16.210,3.031,62.904,12.413,0.000,0.646,0.161,0.576,165.407,75.207,16.084,10.128,critical_peak,0
site_8a103kt75c,66,2024-03-07,4,3,20.879,4.676,60.699,14.583,0.000,0.664,0.402,0.546,220.391,90.600,23.018,21.840,time_of_use,0
site_9ueuoqbp8k,41,2024-02-11,0,2,20.303,4.084,66.465,6.246,0.000,0.773,0.179,0.667,177.439,71.693,20.267,27.811,time_of_use,0
site_653fbtaxzy,100,2024-04-10,3,4,23.713,3.713,54.972,9.489,0.000,0.701,0.165,0.605,199.938,81.695,8.029,12.875,flat,0
site_azlkiez3zd,219,2024-08-07,3,8,8.335,1.389,75.594,16.893,0.000,0.696,0.245,0.646,181.386,80.914,18.669,23.190,time_of_use,0
site_8a103kt75c,170,2024-06-19,3,6,11.294,1.478,89.522,14.991,0.000,0.814,0.366,0.523,208.014,58.071,21.388,18.014,critical_peak,0
site_ruqwbu08ys,131,2024-05-11,6,5,19.021,,64.374,17.140,0.000,0.513,0.369,0.452,185.368,59.456,7.857,12.849,time_of_use,0
site_lh13qhdxr8,167,2024-06-16,0,6,4.248,1.747,73.493,9.037,0.000,0.653,0.108,0.705,159.314,56.747,13.511,19.395,time_of_use,0
site_oqtmdxfv99,1,2024-01-02,2,1,11.256,1.977,78.078,,0.000,0.711,0.015,0.553,192.101,59.042,17.985,28.750,flat,0
site_i72zb352li,200,2024-07-19,5,7,5.150,1.944,66.796,11.934,2.610,0.773,0.232,0.403,203.664,94.982,24.113,18.402,flat,0
site_lh13qhdxr8,64,2024-03-05,2,3,18.716,4.794,61.533,18.750,0.000,0.509,0.052,0.707,140.197,62.094,18.584,19.417,flat,0
site_q96oxsn6t7,1,2024-01-02,2,1,6.689,2.011,75.942,6.791,0.000,0.520,0.149,0.919,168.758,69.790,19.355,38.602,flat,0
site_653fbtaxzy,230,2024-08-18,0,8,8.320,0.542,68.986,27.964,0.000,0.650,0.356,0.369,227.520,71.078,30.974,,time_of_use,0
site_oqtmdxfv99,117,2024-04-27,6,4,22.735,3.517,64.059,7.915,0.000,0.652,0.254,0.762,224.451,86.522,14.431,22.299,flat,0
site_pyswc8o9g8,173,2024-06-22,6,6,11.284,1.747,71.635,8.399,0.000,0.652,0.216,0.789,223.112,62.884,30.447,27.391,flat,0
site_l7o5bnkp2o,218,2024-08-06,2,8,7.129,1.115,83.022,6.799,0.000,0.677,0.361,0.645,216.646,72.668,23.351,12.486,flat,0
site_lpvyddf2dp,70,2024-03-11,1,3,21.907,5.164,69.871,13.726,0.000,0.793,0.285,0.815,192.461,86.628,16.093,31.613,critical_peak,1
site_9ueuoqbp8k,118,2024-04-28,0,4,16.833,3.662,63.855,13.173,2.931,0.583,0.382,0.601,189.485,60.823,20.834,22.366,flat,0
site_unn79reovm,86,2024-03-27,3,3,24.526,4.672,55.865,5.459,0.000,0.674,0.276,0.474,187.928,66.777,17.708,31.383,time_of_use,0
site_9ueuoqbp8k,66,2024-03-07,4,3,23.675,5.009,55.869,11.222,0.000,0.729,0.219,0.774,223.474,46.897,18.648,29.026,time_of_use,0
site_q96oxsn6t7,122,2024-05-02,4,5,20.226,3.905,74.288,8.537,0.000,0.627,0.100,0.591,186.097,68.503,13.084,26.275,time_of_use,0
site_l7o5bnkp2o,234,2024-08-22,4,8,7.524,1.033,71.490,9.192,0.000,0.714,0.155,0.569,226.131,60.372,23.737,25.830,flat,0
site_8ttmv07z34,105,2024-04-15,1,4,21.593,3.906,54.494,12.099,0.000,0.598,0.357,0.564,204.478,61.376,28.937,28.594,critical_peak,0
site_pyswc8o9g8,190,2024-07-09,2,7,3.221,0.968,78.520,10.364,0.000,0.736,0.241,0.753,215.116,59.231,25.994,25.813,flat,0
site_lh13qhdxr8,174,2024-06-23,0,6,8.623,1.825,70.057,11.524,0.000,0.717,0.226,0.729,167.766,73.867,21.701,3.046,time_of_use,0
site_lh13qhdxr8,108,2024-04-18,4,4,21.193,4.626,56.284,11.583,0.000,0.428,0.274,0.967,167.726,66.380,17.864,13.441,flat,0
site_9ueuoqbp8k,29,2024-01-30,2,1,14.265,3.436,72.654,5.124,6.759,0.574,0.173,0.486,187.647,50.692,18.001,17.226,flat,0
site_xms2f2z823,137,2024-05-17,5,5,13.388,2.519,65.816,14.065,0.000,0.710,0.338,0.403,192.992,83.557,25.373,20.005,flat,0
site_wkoe2l3dl1,40,2024-02-10,6,2,15.904,3.595,54.448,6.259,0.000,0.637,0.084,0.821,160.592,60.876,19.882,29.260,time_of_use,0
site_hv02xi47qd,15,2024-01-16,2,1,9.416,2.688,69.504,10.318,0.000,0.658,0.223,0.603,192.992,86.223,19.751,15.904,critical_peak,0
site_ruqwbu08ys,159,2024-06-08,6,6,11.922,2.011,81.523,8.539,0.000,0.709,0.406,0.542,206.719,72.899,27.228,17.603,critical_peak,0
site_653fbtaxzy,120,2024-04-30,2,4,19.830,2.357,64.103,19.316,0.000,0.753,0.055,0.695,212.805,76.532,12.988,15.397,time_of_use,0
site_esvkso5p9a,115,2024-04-25,4,4,24.589,3.705,65.377,10.173,4.799,0.520,0.170,0.755,215.021,65.703,15.734,17.541,critical_peak,0
site_lh13qhdxr8,62,2024-03-03,0,3,22.151,4.142,62.782,10.729,0.169,0.512,0.263,0.766,168.578,51.734,19.677,12.999,critical_peak,0
site_l7o5bnkp2o,161,2024-06-10,1,6,7.661,2.351,87.492,9.504,0.000,0.678,0.023,0.489,208.938,63.553,21.068,21.434,critical_peak,0
site_esvkso5p9a,11,2024-01-12,5,1,17.225,0.985,67.523,13.479,0.000,0.632,0.269,0.580,180.704,86.009,23.240,17.661,flat,0
site_wb8fh6amr3,40,2024-02-10,6,2,14.304,2.833,73.575,9.329,0.000,0.594,0.138,0.733,183.093,88.209,23.758,15.522,time_of_use,0
site_q96oxsn6t7,163,2024-06-12,3,6,9.243,2.231,57.045,7.915,0.000,0.585,0.178,0.509,193.329,64.534,18.637,35.513,flat,0
site_q96oxsn6t7,157,2024-06-06,4,6,7.049,2.247,75.374,9.396,0.000,0.570,0.145,0.713,210.667,57.920,11.787,23.386,time_of_use,0
site_wkoe2l3dl1,126,2024-05-06,1,5,14.633,3.485,60.621,15.668,0.000,0.600,0.214,0.670,171.537,61.364,15.309,32.081,flat,0
site_hv02xi47qd,223,2024-08-11,0,8,6.311,0.678,77.816,10.667,0.000,0.766,0.304,0.406,197.408,72.004,26.513,29.130,critical_peak,0
site_653fbtaxzy,96,2024-04-06,6,4,23.292,3.477,57.848,9.308,0.000,0.666,0.294,0.629,192.135,76.837,18.213,12.043,critical_peak,0
site_9ueuoqbp8k,25,2024-01-26,5,1,19.668,3.357,72.119,15.505,0.000,0.530,0.287,0.642,188.915,65.239,24.387,18.160,critical_peak,0
site_jby3v59n6p,177,2024-06-26,3,6,9.387,1.197,75.410,15.701,0.000,,0.095,0.497,195.483,58.245,12.301,24.890,critical_peak,0
site_oqtmdxfv99,70,2024-03-11,1,3,23.739,4.936,53.473,9.679,0.373,0.627,0.122,0.616,221.747,78.121,23.314,22.399,critical_peak,0
site_lpvyddf2dp,128,2024-05-08,3,5,16.248,3.508,54.458,12.839,0.000,0.643,0.174,0.763,180.984,73.590,22.604,29.947,flat,0
site_653fbtaxzy,60,2024-03-01,5,3,22.371,5.415,59.937,11.559,0.000,0.614,0.190,0.963,203.634,65.427,15.848,20.409,critical_peak,0
site_9ueuoqbp8k,228,2024-08-16,5,8,9.860,2.809,98.000,9.466,0.000,0.727,0.264,0.578,192.496,62.498,22.785,17.235,time_of_use,0
site_unn79reovm,2,2024-01-03,3,1,5.006,2.124,72.247,12.511,0.000,0.858,0.146,0.424,231.317,77.959,13.021,17.898,flat,0
site_unn79reovm,117,2024-04-27,6,4,19.119,5.684,59.955,14.741,0.000,0.687,0.060,0.649,197.338,63.856,6.721,38.849,flat,1
site_i72zb352li,209,2024-07-28,0,7,7.456,1.561,67.295,8.948,0.000,0.727,0.311,0.180,199.741,86.280,18.835,18.732,flat,0
site_pyswc8o9g8,86,2024-03-27,3,3,25.491,3.936,67.339,12.915,0.000,0.639,0.080,0.631,199.351,72.488,21.658,19.288,time_of_use,0
site_i72zb352li,197,2024-07-16,2,7,4.466,1.471,,10.256,0.000,0.743,0.263,0.406,223.196,74.520,17.879,20.914,critical_peak,0
site_lh13qhdxr8,57,2024-02-27,2,2,22.439,,53.438,8.741,0.000,0.701,0.115,0.891,152.985,66.792,13.433,19.740,time_of_use,0
site_oqtmdxfv99,99,2024-04-09,2,4,22.227,2.520,73.532,3.005,0.000,0.691,0.015,0.761,194.515,48.123,3.811,13.793,flat,0
site_l7o5bnkp2o,99,2024-04-09,2,4,20.921,4.080,63.543,15.363,0.000,0.778,0.194,0.704,204.281,55.554,19.406,10.962,flat,0
site_653fbtaxzy,136,2024-05-16,4,5,15.795,3.116,64.660,11.907,0.000,0.696,0.173,0.527,202.242,70.377,18.612,24.285,flat,0
site_jby3v59n6p,103,2024-04-13,6,4,25.111,5.193,50.625,8.490,0.000,0.611,0.235,0.563,207.279,61.263,25.460,22.392,time_of_use,1
site_653fbtaxzy,131,2024-05-11,6,5,13.705,2.533,60.183,17.180,0.000,0.660,0.331,0.717,176.630,81.712,28.737,19.193,time_of_use,0
site_unn79reovm,235,2024-08-23,5,8,11.135,3.430,70.862,6.061,0.000,0.696,0.053,0.241,197.371,69.997,19.768,26.923,flat,0
site_esvkso5p9a,116,2024-04-26,5,4,20.364,4.367,65.119,10.909,0.000,0.620,0.267,0.948,194.628,65.245,25.297,22.255,critical_peak,0
site_q96oxsn6t7,127,2024-05-07,2,5,17.847,4.041,54.608,20.573,0.000,0.585,0.090,0.856,210.274,66.971,19.215,22.652,flat,0
site_wkoe2l3dl1,8,2024-01-09,2,1,3.522,3.234,80.285,7.205,2.857,0.705,0.176,0.881,,55.935,22.429,29.634,critical_peak,0
site_owpbo6i70y,175,2024-06-24,1,6,10.256,0.893,73.562,7.434,0.626,0.713,0.135,0.492,217.178,,16.671,20.516,time_of_use,0
site_owpbo6i70y,239,2024-08-27,2,8,13.659,1.588,81.277,,0.000,0.570,0.233,0.726,175.734,53.722,16.663,19.180,time_of_use,0
site_653fbtaxzy,87,2024-03-28,4,3,25.923,4.979,39.070,5.266,0.000,0.791,0.324,0.670,221.269,79.857,18.703,19.384,critical_peak,0
site_q96oxsn6t7,128,2024-05-08,3,5,19.513,1.836,73.157,4.488,0.000,0.616,0.029,0.563,195.267,53.753,15.487,23.190,flat,0
site_hv02xi47qd,214,2024-08-02,5,8,14.089,1.466,80.938,7.053,0.000,0.761,0.279,0.492,198.921,78.455,31.733,29.346,critical_peak,0
site_mmvs0z732r,32,2024-02-02,5,2,20.830,3.614,75.963,16.128,0.000,0.609,0.015,0.757,180.072,51.187,12.160,21.042,time_of_use,0
site_mmvs0z732r,169,2024-06-18,2,6,13.196,1.316,87.241,19.774,0.000,0.515,0.160,0.825,197.654,56.989,16.438,17.834,critical_peak,0
site_pyswc8o9g8,150,2024-05-30,4,5,13.231,1.741,59.701,6.720,1.432,0.672,0.179,0.665,225.176,54.096,15.592,21.630,critical_peak,0
site_wb8fh6amr3,4,2024-01-05,5,1,8.531,2.296,66.076,13.744,1.516,0.753,0.330,0.730,204.030,70.989,24.290,21.198,time_of_use,0
site_8ttmv07z34,194,2024-07-13,6,7,6.212,0.916,69.394,7.652,0.000,0.665,0.103,0.188,191.766,50.010,13.440,28.948,time_of_use,0
site_ruqwbu08ys,128,2024-05-08,3,5,18.724,3.242,53.421,12.543,0.000,0.652,0.150,0.630,196.323,62.883,17.264,22.796,flat,0
site_l7o5bnkp2o,226,2024-08-14,3,8,6.911,2.151,71.644,9.403,2.065,0.558,0.172,0.730,240.361,54.629,12.209,32.757,flat,0
site_l7o5bnkp2o,73,2024-03-14,4,3,21.327,5.252,49.700,6.221,2.406,0.599,0.165,0.597,176.519,65.318,19.384,6.732,flat,0
site_i72zb352li,148,2024-05-28,2,5,14.498,2.357,63.631,10.440,0.000,0.682,0.250,0.456,198.678,74.244,16.523,31.374,time_of_use,0
site_unn79reovm,87,2024-03-28,4,3,28.224,4.116,52.155,15.045,0.000,0.603,0.118,0.342,189.566,84.136,15.339,24.881,critical_peak,0
site_l7o5bnkp2o,51,2024-02-21,3,2,,4.572,69.498,14.526,0.000,0.612,0.168,0.787,184.883,35.239,7.111,17.559,critical_peak,0
site_mmvs0z732r,89,2024-03-30,6,3,21.746,3.294,55.678,10.237,0.000,0.617,0.222,0.752,175.638,62.014,23.644,26.239,critical_peak,0
site_8a103kt75c,108,2024-04-18,4,4,26.842,3.385,48.759,11.568,0.000,0.767,0.341,0.735,225.857,,21.349,19.460,flat,0
site_pyswc8o9g8,160,2024-06-09,0,6,15.039,2.152,62.115,10.052,0.000,0.664,0.102,0.444,216.066,46.305,23.627,16.346,critical_peak,0
site_12sjsgd733,84,2024-03-25,1,3,26.500,4.014,62.489,11.449,0.000,0.442,0.112,0.543,210.776,63.550,16.805,20.136,time_of_use,0
site_i72zb352li,3,2024-01-04,4,1,12.073,2.885,64.589,16.532,0.000,0.605,0.305,0.489,197.137,75.164,21.088,25.336,time_of_use,0
site_653fbtaxzy,41,2024-02-11,0,2,22.297,3.767,70.799,14.721,0.000,0.755,0.387,0.755,192.287,87.962,28.285,23.969,time_of_use,0
site_owpbo6i70y,40,2024-02-10,6,2,19.228,4.528,62.339,12.170,0.000,0.709,0.210,0.980,152.690,57.836,20.584,23.332,time_of_use,0
site_9ueuoqbp8k,74,2024-03-15,5,3,29.688,4.711,60.419,7.845,0.000,0.599,0.201,0.672,188.917,63.589,21.489,24.605,flat,0
site_mmvs0z732r,113,2024-04-23,2,4,19.979,3.750,67.990,6.806,0.000,0.611,0.082,0.656,148.335,48.548,18.449,21.432,time_of_use,0
site_xms2f2z823,91,2024-04-01,1,4,23.290,3.884,64.175,19.122,0.000,0.518,0.285,0.744,186.637,55.598,17.267,22.048,flat,0
site_oqtmdxfv99,237,2024-08-25,0,8,11.171,2.409,81.567,13.866,0.000,0.789,0.234,0.733,183.395,67.584,18.748,12.715,time_of_use,0
site_653fbtaxzy,103,2024-04-13,6,4,22.995,4.026,62.921,12.860,0.000,0.746,0.245,0.802,211.817,72.353,20.370,19.047,time_of_use,0
site_i72zb352li,33,2024-02-03,6,2,14.865,4.645,71.490,8.413,0.000,0.770,0.385,,214.578,64.828,16.052,22.146,critical_peak,0
site_owpbo6i70y,230,2024-08-18,0,8,9.770,3.229,68.271,17.952,0.000,0.588,0.185,0.644,161.713,65.937,9.276,18.439,time_of_use,0
site_unn79reovm,6,2024-01-07,0,1,9.998,2.250,71.192,18.629,0.000,0.786,0.106,0.314,198.531,64.660,13.114,18.435,critical_peak,0
site_wb8fh6amr3,14,2024-01-15,1,1,13.263,3.282,70.159,17.518,0.000,0.631,0.172,0.758,181.643,80.487,24.324,17.884,time_of_use,0
site_wb8fh6amr3,198,2024-07-17,3,7,10.988,2.312,78.596,9.410,0.000,0.474,0.201,0.776,186.941,51.501,24.787,21.652,flat,0
site_wkoe2l3dl1,125,2024-05-05,0,5,20.384,4.180,59.541,12.743,,0.657,0.382,0.752,,67.531,17.730,24.713,critical_peak,0
site_owpbo6i70y,189,2024-07-08,1,7,8.593,0.450,66.446,7.385,0.000,0.630,0.015,0.658,146.874,76.702,6.070,22.144,flat,0
site_8a103kt75c,145,2024-05-25,6,5,12.281,2.082,65.026,14.365,0.000,0.566,0.272,0.615,215.911,53.709,17.515,17.796,flat,0
site_jby3v59n6p,36,2024-02-06,2,2,15.916,2.860,80.811,12.714,0.000,0.622,0.172,0.751,194.178,64.867,18.010,26.167,flat,0
site_ruqwbu08ys,107,2024-04-17,3,4,24.926,3.619,71.635,11.750,0.000,0.649,0.140,0.643,185.752,53.714,21.665,12.197,critical_peak,0
site_cyoy81mba2,210,2024-07-29,1,7,4.311,3.103,59.659,5.920,0.000,0.534,0.126,0.788,207.400,62.843,19.433,34.308,time_of_use,0
site_pyswc8o9g8,81,2024-03-22,5,3,,3.719,63.621,13.029,0.000,0.657,0.015,0.628,212.681,64.368,7.666,22.401,flat,0
site_pyswc8o9g8,239,2024-08-27,2,8,11.130,1.554,68.597,10.256,0.000,0.757,0.230,0.322,196.134,65.646,19.207,14.328,time_of_use,0
site_wb8fh6amr3,129,2024-05-09,4,5,17.580,3.231,60.839,11.049,0.000,0.639,0.220,0.572,167.761,64.644,27.840,25.495,time_of_use,0
site_jby3v59n6p,156,2024-06-05,3,6,11.739,1.298,64.191,7.788,0.000,,0.029,0.502,194.208,47.775,17.609,20.580,time_of_use,0
site_653fbtaxzy,187,2024-07-06,6,7,7.708,1.057,73.773,11.152,0.000,0.612,0.239,0.641,244.640,65.451,16.231,14.063,critical_peak,0
site_wb8fh6amr3,138,2024-05-18,6,5,20.635,2.351,72.235,4.815,0.000,0.628,0.379,0.883,188.969,80.687,24.235,15.723,time_of_use,0
site_lpvyddf2dp,57,2024-02-27,2,2,23.437,3.269,57.071,12.263,0.000,0.688,0.265,0.980,194.651,72.697,20.942,18.740,time_of_use,0
site_xms2f2z823,212,2024-07-31,3,7,7.524,0.656,68.940,14.126,0.000,0.621,0.332,0.484,191.029,71.618,21.292,10.074,time_of_use,0
site_l7o5bnkp2o,15,2024-01-16,2,1,11.032,3.508,67.352,5.544,0.000,0.619,0.266,0.765,205.911,70.833,19.113,19.795,critical_peak,0
site_oqtmdxfv99,109,2024-04-19,5,4,18.598,3.140,70.350,14.577,0.000,0.645,0.151,0.745,180.338,75.453,19.861,13.470,flat,0
site_8ttmv07z34,109,2024-04-19,5,4,23.506,3.090,56.044,12.457,0.000,0.464,0.015,0.724,161.357,49.676,26.460,32.364,flat,0
site_i72zb352li,6,2024-01-07,0,1,7.700,1.149,70.738,15.183,0.000,0.696,0.443,0.516,195.725,62.857,28.130,25.770,critical_peak,0
site_8a103kt75c,62,2024-03-03,0,3,24.970,3.427,47.982,8.851,0.000,0.800,0.240,0.514,207.604,69.448,14.740,23.089,critical_peak,0
site_8a103kt75c,47,2024-02-17,6,2,18.460,4.167,75.590,11.808,0.000,0.760,0.532,0.609,229.867,84.732,25.865,18.522,flat,0
site_12sjsgd733,186,2024-07-05,5,7,7.001,0.479,67.644,14.185,0.000,0.752,0.022,0.186,189.273,72.712,3.636,23.484,critical_peak,0
site_8ttmv07z34,55,2024-02-25,0,2,21.662,3.539,63.267,10.687,0.000,0.581,0.307,0.551,187.914,59.431,22.310,24.042,flat,0
site_wkoe2l3dl1,164,2024-06-13,4,6,6.017,2.057,69.349,20.620,0.000,0.619,0.232,0.836,214.765,54.692,21.232,34.719,flat,0
site_ruqwbu08ys,101,2024-04-11,4,4,23.025,4.710,60.489,14.173,0.000,0.568,0.222,0.676,215.710,56.087,16.443,11.482,flat,0
site_9ueuoqbp8k,96,2024-04-06,6,4,21.204,3.837,62.540,12.896,0.100,0.728,0.166,0.781,173.313,70.511,20.264,28.472,critical_peak,0
site_ruqwbu08ys,119,2024-04-29,1,4,21.889,4.722,67.286,8.394,0.000,0.593,0.242,0.754,176.265,60.848,24.025,11.919,flat,0
site_oqtmdxfv99,213,2024-08-01,4,8,10.289,1.244,76.410,9.026,0.000,0.656,0.217,0.557,206.354,76.665,13.268,25.332,critical_peak,0
site_653fbtaxzy,53,2024-02-23,5,2,21.151,4.162,55.754,9.732,0.000,0.773,0.359,0.598,196.216,85.198,14.770,24.504,critical_peak,0
site_9ueuoqbp8k,225,2024-08-13,2,8,6.144,3.305,60.869,15.435,4.259,0.665,0.263,0.747,197.019,52.627,26.861,19.491,flat,0
site_lpvyddf2dp,5,2024-01-06,6,1,10.295,1.191,64.621,12.669,0.000,0.733,0.135,0.847,188.378,72.733,17.748,34.350,time_of_use,0
site_wkoe2l3dl1,93,2024-04-03,3,4,24.628,4.654,64.613,17.463,0.000,0.634,0.335,0.723,194.383,72.128,23.838,19.709,time_of_use,0
site_mmvs0z732r,190,2024-07-09,2,7,8.682,0.050,62.387,12.763,0.000,0.669,0.070,0.757,202.449,50.043,11.931,22.576,flat,0
site_9ueuoqbp8k,10,2024-01-11,4,1,9.702,3.297,58.126,,0.000,0.586,0.275,0.647,194.557,63.328,17.852,24.401,flat,0
site_8a103kt75c,228,2024-08-16,5,8,7.045,2.793,83.194,13.023,0.000,0.711,0.104,0.769,240.970,72.541,25.978,22.398,time_of_use,0
site_owpbo6i70y,190,2024-07-09,2,7,13.100,1.012,89.000,6.713,0.000,0.686,0.197,0.459,169.971,70.176,14.426,,flat,0
site_653fbtaxzy,162,2024-06-11,2,6,13.159,2.728,70.280,18.804,,0.690,0.337,0.460,211.151,94.087,21.129,17.299,flat,0
site_l7o5bnkp2o,208,2024-07-27,6,7,7.264,2.652,58.973,7.765,0.000,0.524,0.299,0.638,214.480,62.437,22.228,22.729,flat,0
site_12sjsgd733,42,2024-02-12,1,2,20.135,4.023,77.101,12.877,0.000,0.718,0.015,0.461,161.740,76.469,9.921,26.018,critical_peak,0
site_i72zb352li,78,2024-03-19,2,3,23.413,4.306,62.224,6.544,0.000,0.793,0.152,0.499,178.796,78.798,12.619,18.252,critical_peak,0
site_12sjsgd733,126,2024-05-06,1,5,18.675,2.751,65.685,14.633,0.000,0.695,0.015,0.425,,82.409,10.246,18.863,flat,0
site_pyswc8o9g8,83,2024-03-24,0,3,23.133,5.155,54.433,12.653,0.000,0.724,0.029,0.581,191.444,53.919,11.917,29.148,flat,0
site_esvkso5p9a,143,2024-05-23,4,5,12.660,2.123,69.598,10.474,0.000,0.539,0.154,0.635,189.258,83.077,9.790,21.883,critical_peak,1
site_esvkso5p9a,179,2024-06-28,5,6,10.221,2.547,71.890,4.178,0.000,0.631,0.205,0.619,228.071,,19.894,9.274,critical_peak,0
site_oqtmdxfv99,140,2024-05-20,1,5,13.472,3.060,62.799,7.534,0.000,0.743,0.061,0.737,213.219,73.739,20.630,13.386,time_of_use,0
site_owpbo6i70y,58,2024-02-28,3,2,23.380,3.687,67.748,18.763,0.000,0.543,0.048,0.584,152.175,74.156,10.659,21.336,time_of_use,0
site_xms2f2z823,110,2024-04-20,6,4,25.189,2.483,57.832,17.687,0.000,0.706,0.351,0.541,187.576,76.659,32.490,16.764,flat,0
site_esvkso5p9a,30,2024-01-31,3,1,13.514,3.462,78.888,18.504,0.000,0.728,,0.732,185.346,84.382,20.730,16.947,time_of_use,0
site_owpbo6i70y,106,2024-04-16,2,4,23.192,4.899,53.845,6.231,0.000,0.642,0.048,0.657,143.793,56.144,-2.155,20.772,critical_peak,0
site_653fbtaxzy,169,2024-06-18,2,6,8.750,1.561,66.793,12.816,0.000,0.808,0.244,0.251,187.251,81.249,19.294,22.475,critical_peak,0
site_oqtmdxfv99,21,2024-01-22,1,1,15.553,2.504,57.790,16.273,0.000,0.763,0.176,0.747,206.896,74.959,14.497,25.744,time_of_use,0
site_l7o5bnkp2o,125,2024-05-05,0,5,19.847,3.270,62.753,11.293,3.213,0.617,0.165,0.871,192.605,56.146,15.845,22.603,critical_peak,0
site_8ttmv07z34,67,2024-03-08,5,3,28.188,3.010,72.408,12.373,0.000,0.562,0.194,0.500,197.216,63.971,23.963,15.653,time_of_use,0
site_8ttmv07z34,222,2024-08-10,6,8,8.859,2.422,65.356,,0.000,0.639,0.277,0.528,196.709,72.214,27.094,25.957,critical_peak,0
site_hv02xi47qd,144,2024-05-24,5,5,16.335,1.092,53.824,15.608,0.000,0.632,0.289,0.553,191.953,86.934,26.068,22.152,flat,0
site_azlkiez3zd,225,2024-08-13,2,8,6.647,2.767,74.932,4.929,0.000,0.778,0.236,0.771,166.673,68.004,11.099,28.237,flat,0
site_cyoy81mba2,98,2024-04-08,1,4,21.162,3.047,65.475,10.045,0.000,0.680,0.015,0.863,189.288,67.433,23.242,24.898,critical_peak,0
site_lh13qhdxr8,199,2024-07-18,4,7,4.744,2.339,60.643,12.030,0.000,0.605,0.264,0.624,159.150,66.426,30.985,,flat,0
site_8ttmv07z34,57,2024-02-27,2,2,18.733,4.556,77.027,10.088,0.000,0.587,0.137,0.634,190.175,62.000,18.998,18.719,time_of_use,0
site_q96oxsn6t7,201,2024-07-20,6,7,6.903,1.418,77.716,7.159,0.000,0.723,0.036,0.697,188.522,,15.312,18.073,time_of_use,0
site_wb8fh6amr3,17,2024-01-18,4,1,11.528,3.541,72.094,11.085,0.000,0.662,0.141,0.539,160.168,83.939,20.085,15.774,critical_peak,0
site_cyoy81mba2,193,2024-07-12,5,7,7.904,0.050,81.011,11.431,0.000,0.518,0.238,0.363,198.145,59.073,22.348,12.984,time_of_use,0
site_l7o5bnkp2o,232,2024-08-20,2,8,10.514,2.345,84.573,17.025,0.000,0.670,0.209,0.428,195.526,72.313,12.103,9.604,critical_peak,0
site_653fbtaxzy,141,2024-05-21,2,5,17.575,1.411,76.693,6.232,0.000,0.616,0.189,0.411,196.670,76.775,11.717,20.936,critical_peak,0
site_esvkso5p9a,54,2024-02-24,6,2,20.927,4.395,51.613,7.143,0.000,0.675,0.067,0.730,189.859,77.766,20.345,24.507,flat,0
site_pyswc8o9g8,106,2024-04-16,2,4,26.603,3.968,69.333,11.139,1.919,0.642,0.047,0.922,222.672,55.144,17.349,22.805,critical_peak,0
site_unn79reovm,16,2024-01-17,3,1,13.376,4.363,73.290,10.533,0.000,0.596,0.015,0.565,190.220,59.525,12.381,21.026,critical_peak,0
site_ruqwbu08ys,208,2024-07-27,6,7,7.867,1.109,72.759,13.256,0.000,0.676,0.269,0.322,171.780,47.416,23.056,10.880,flat,1
site_esvkso5p9a,70,2024-03-11,1,3,24.128,4.433,43.939,12.345,3.632,0.630,0.110,0.683,179.572,85.324,19.565,18.290,critical_peak,0
site_lh13qhdxr8,188,2024-07-07,0,7,5.409,2.413,83.476,16.549,0.000,0.616,0.396,0.876,182.315,81.612,26.675,22.496,critical_peak,0
site_i72zb352li,81,2024-03-22,5,3,26.604,4.026,58.134,15.650,0.000,0.709,0.320,0.602,207.199,74.733,17.022,12.617,flat,0
site_lpvyddf2dp,148,2024-05-28,2,5,16.120,1.266,66.153,6.618,0.000,0.688,0.292,0.729,166.560,72.962,26.932,17.880,time_of_use,0
site_pyswc8o9g8,210,2024-07-29,1,7,6.988,2.131,92.322,9.263,0.000,0.597,0.169,0.536,247.457,54.822,17.624,14.216,time_of_use,0
site_lh13qhdxr8,15,2024-01-16,2,1,10.343,1.642,62.927,15.267,1.072,0.666,0.254,0.485,197.274,70.156,20.814,23.744,critical_peak,1
site_i72zb352li,4,2024-01-05,5,1,5.979,3.912,89.107,17.395,0.000,0.731,0.353,0.622,190.808,79.232,16.247,20.427,time_of_use,0
site_lpvyddf2dp,117,2024-04-27,6,4,24.785,2.678,56.526,11.553,,0.810,0.215,0.839,188.153,80.967,16.557,26.085,flat,0
site_owpbo6i70y,5,2024-01-06,6,1,7.404,2.025,64.667,7.247,0.000,0.653,0.214,0.705,166.821,64.173,11.479,12.910,time_of_use,0
site_653fbtaxzy,5,2024-01-06,6,1,12.141,2.949,97.778,18.115,0.000,0.640,0.259,0.663,173.948,73.977,14.066,21.838,time_of_use,0
site_8a103kt75c,151,2024-05-31,5,5,14.443,2.752,77.419,8.216,0.000,0.771,0.420,0.749,208.195,72.345,30.985,29.344,critical_peak,0
site_cyoy81mba2,123,2024-05-03,5,5,23.848,3.954,48.780,12.570,0.000,0.541,0.162,0.754,171.030,45.181,16.367,26.658,critical_peak,0
site_wkoe2l3dl1,132,2024-05-12,0,5,19.202,3.046,57.006,12.647,0.000,0.557,0.314,0.980,159.230,67.712,19.064,32.065,critical_peak,0
site_jby3v59n6p,145,2024-05-25,6,5,14.407,2.836,78.992,11.027,3.513,0.616,0.208,0.576,179.950,66.380,20.122,28.237,flat,0
site_q96oxsn6t7,184,2024-07-03,3,7,5.776,1.721,70.732,11.719,0.000,0.587,0.023,0.791,204.192,66.858,15.231,26.730,time_of_use,0
site_wb8fh6amr3,55,2024-02-25,0,2,23.685,5.995,57.230,6.026,1.892,0.639,0.353,0.949,159.417,54.640,25.857,13.963,flat,0
site_owpbo6i70y,171,2024-06-20,4,6,10.747,2.295,70.763,14.234,0.000,0.774,0.086,0.784,168.637,63.719,11.763,17.046,flat,0
site_jby3v59n6p,212,2024-07-31,3,7,3.804,2.102,71.430,7.195,0.000,0.559,0.063,0.472,229.907,50.533,16.416,22.684,time_of_use,0
site_q96oxsn6t7,6,2024-01-07,0,1,5.734,2.432,,9.688,0.000,0.582,0.178,0.686,192.523,50.528,12.798,26.685,critical_peak,0
site_lh13qhdxr8,228,2024-08-16,5,8,8.013,1.721,66.973,8.342,0.000,0.602,0.299,0.677,172.752,75.232,22.101,11.054,time_of_use,0
site_wb8fh6amr3,235,2024-08-23,5,8,11.769,2.042,67.275,11.160,0.000,0.677,0.526,0.813,183.108,66.307,31.080,23.275,flat,0
site_8a103kt75c,3,2024-01-04,4,1,8.659,,83.353,2.675,0.000,0.682,0.146,0.849,207.200,72.183,20.651,22.611,time_of_use,0
site_9ueuoqbp8k,1,2024-01-02,2,1,6.965,3.069,70.175,10.795,0.000,0.735,0.388,0.596,197.081,68.583,30.715,22.088,flat,0
site_hv02xi47qd,147,2024-05-27,1,5,11.119,2.635,68.882,5.112,0.000,0.643,0.272,0.504,184.352,73.588,26.797,29.259,time_of_use,0
site_jby3v59n6p,107,2024-04-17,3,4,24.181,4.728,71.549,10.421,0.000,0.495,0.296,0.891,223.561,64.173,17.268,25.686,critical_peak,0
site_i72zb352li,95,2024-04-05,5,4,23.538,3.541,56.885,14.957,0.000,0.677,0.287,0.522,193.396,58.687,16.267,19.305,time_of_use,0
site_wkoe2l3dl1,194,2024-07-13,6,7,4.890,1.558,72.056,15.045,0.000,0.585,0.339,0.507,172.072,64.776,16.112,26.495,time_of_use,0
site_jby3v59n6p,236,2024-08-24,6,8,13.371,1.597,81.794,13.770,0.000,0.642,0.347,0.489,213.637,53.110,17.753,31.115,flat,0
site_lpvyddf2dp,124,2024-05-04,6,5,20.298,2.522,64.976,15.309,0.000,0.636,0.346,0.539,193.291,69.345,24.838,21.058,critical_peak,0
site_hv02xi47qd,159,2024-06-08,6,6,12.171,1.651,67.160,13.137,0.000,0.770,0.258,0.787,181.619,70.837,25.014,24.488,critical_peak,0
site_jby3v59n6p,5,2024-01-06,6,1,,3.306,70.518,8.533,0.000,0.512,0.308,0.706,225.532,53.841,18.281,22.752,time_of_use,0
site_i72zb352li,61,2024-03-02,6,3,20.421,5.591,58.782,16.177,0.000,0.731,0.516,0.877,202.362,82.469,29.442,28.095,critical_peak,0
site_ruqwbu08ys,217,2024-08-05,1,8,2.920,2.426,67.083,9.477,0.000,0.525,0.015,0.498,203.922,66.894,21.019,18.186,flat,0
site_esvkso5p9a,135,2024-05-15,3,5,16.107,1.581,71.223,9.840,0.000,0.661,0.252,0.578,194.136,74.826,18.278,14.185,flat,0
site_q96oxsn6t7,65,2024-03-06,3,3,23.777,5.350,71.574,,0.000,0.637,0.023,0.808,139.569,65.798,14.789,26.597,flat,0
site_653fbtaxzy,107,2024-04-17,3,4,25.908,3.350,56.195,6.366,0.000,0.606,0.281,0.620,239.306,75.666,17.336,21.044,critical_peak,0
site_mmvs0z732r,127,2024-05-07,2,5,19.858,2.498,53.854,2.652,0.000,0.498,0.020,0.593,193.447,68.808,17.407,17.638,flat,0
site_lpvyddf2dp,12,2024-01-13,6,1,8.126,2.632,62.828,4.966,0.000,0.699,0.212,0.696,222.538,82.177,24.862,19.829,time_of_use,0
site_mmvs0z732r,233,2024-08-21,3,8,12.673,1.545,77.992,3.489,0.000,0.528,0.114,0.637,183.538,53.504,10.158,16.403,critical_peak,0
site_jby3v59n6p,160,2024-06-09,0,6,14.853,2.485,76.581,15.816,0.000,0.563,0.118,0.606,178.011,65.859,,25.057,critical_peak,0
site_8ttmv07z34,218,2024-08-06,2,8,11.024,1.696,70.255,11.521,0.000,0.682,0.197,0.539,215.662,66.795,16.136,17.842,flat,0
site_ruqwbu08ys,76,2024-03-17,0,3,25.847,4.344,63.664,10.404,0.000,0.642,0.294,0.796,219.186,57.978,32.456,22.582,time_of_use,0
site_jby3v59n6p,183,2024-07-02,2,7,6.042,0.852,67.554,22.280,0.000,0.659,0.224,0.289,221.326,71.049,28.022,27.229,time_of_use,0
site_cyoy81mba2,43,2024-02-13,2,2,17.656,3.880,61.922,17.495,0.000,0.574,0.150,0.664,169.819,53.169,18.589,20.292,critical_peak,0
site_wkoe2l3dl1,235,2024-08-23,5,8,8.953,1.472,72.481,16.675,0.000,0.682,0.281,0.731,216.634,59.780,16.273,25.028,flat,0
site_9ueuoqbp8k,166,2024-06-15,6,6,9.347,1.238,72.690,10.284,0.000,0.458,0.287,0.455,213.292,38.212,20.875,30.641,time_of_use,0
site_q96oxsn6t7,30,2024-01-31,3,1,16.057,3.747,62.098,7.094,0.000,0.621,0.056,0.617,182.823,64.768,7.465,31.443,time_of_use,0
site_i72zb352li,139,2024-05-19,0,5,16.502,0.948,51.149,11.874,0.000,0.554,0.405,0.404,182.716,76.510,11.832,16.745,time_of_use,0
site_8ttmv07z34,211,2024-07-30,2,7,10.084,1.681,78.862,13.993,0.148,0.611,0.209,0.523,154.964,74.871,24.861,27.895,time_of_use,0
site_pyswc8o9g8,181,2024-06-30,0,6,10.675,1.955,68.601,10.191,0.000,0.703,0.052,0.496,223.249,46.996,14.410,21.887,flat,0
site_esvkso5p9a,8,2024-01-09,2,1,11.281,2.650,74.090,18.037,0.000,0.741,0.259,0.852,197.726,78.425,16.798,11.964,critical_peak,0
site_8ttmv07z34,58,2024-02-28,3,2,22.035,5.688,60.216,3.887,0.000,0.510,0.195,0.686,175.502,62.730,25.223,23.815,time_of_use,0
site_owpbo6i70y,117,2024-04-27,6,4,25.421,3.988,55.562,5.461,0.000,0.683,0.015,0.678,147.727,57.598,11.711,27.326,flat,0
site_jby3v59n6p,90,2024-03-31,0,3,26.539,3.535,47.346,11.223,0.000,0.626,0.259,0.687,,60.686,16.607,22.781,flat,0
site_653fbtaxzy,160,2024-06-09,0,6,12.746,1.035,71.568,6.613,0.000,0.745,0.239,0.590,199.008,70.987,22.160,19.966,critical_peak,0
site_12sjsgd733,39,2024-02-09,5,2,20.863,2.897,76.080,10.078,4.974,0.649,0.022,0.377,167.997,53.470,13.248,18.436,time_of_use,0
site_jby3v59n6p,120,2024-04-30,2,4,22.005,4.389,60.593,8.722,0.000,,0.154,0.511,213.785,64.906,10.308,23.918,time_of_use,0
site_jby3v59n6p,142,2024-05-22,3,5,17.761,2.805,68.311,9.237,0.000,0.636,0.141,0.618,217.183,58.924,15.493,25.315,critical_peak,0
site_653fbtaxzy,67,2024-03-08,5,3,26.157,4.118,52.332,3.715,0.000,0.730,0.311,0.629,207.802,90.450,25.245,27.881,time_of_use,0
site_lpvyddf2dp,115,2024-04-25,4,4,21.424,4.722,58.723,15.183,0.000,0.520,0.310,0.499,166.969,77.680,12.130,27.373,critical_peak,0
site_9ueuoqbp8k,200,2024-07-19,5,7,9.625,3.554,73.508,9.726,0.000,0.615,0.335,0.701,190.943,60.193,20.031,17.007,flat,0
site_pyswc8o9g8,64,2024-03-05,2,3,19.847,4.141,62.267,8.159,0.000,0.665,0.015,0.409,197.759,77.701,4.949,19.338,flat,0
site_esvkso5p9a,64,2024-03-05,2,3,18.271,3.848,44.433,,0.000,0.657,0.044,0.799,170.595,91.523,16.764,14.097,flat,0
site_jby3v59n6p,39,2024-02-09,5,2,23.804,3.034,61.515,12.704,0.000,0.642,0.258,0.629,221.712,56.697,22.881,13.790,time_of_use,0
site_q96oxsn6t7,146,2024-05-26,0,5,16.549,2.174,47.532,12.674,0.000,0.585,0.040,0.448,165.406,55.161,12.123,27.890,flat,0
site_wb8fh6amr3,218,2024-08-06,2,8,7.066,0.998,64.762,4.977,4.678,0.640,0.244,0.485,163.119,68.344,23.971,19.023,flat,0
site_esvkso5p9a,109,2024-04-19,5,4,23.347,4.402,75.702,18.237,0.000,0.637,0.257,0.979,194.496,77.463,26.294,18.480,flat,0
site_owpbo6i70y,219,2024-08-07,3,8,9.807,1.128,68.672,15.687,,0.689,0.151,0.477,151.972,71.367,20.660,26.736,time_of_use,0
site_azlkiez3zd,203,2024-07-22,1,7,,1.450,78.083,9.281,0.000,0.669,0.351,0.693,186.257,69.298,17.769,22.309,time_of_use,0
site_l7o5bnkp2o,50,2024-02-20,2,2,19.880,4.749,56.041,16.391,0.000,0.612,0.292,0.847,168.091,59.955,18.634,35.559,time_of_use,1
site_ruqwbu08ys,120,2024-04-30,2,4,19.112,2.905,60.066,15.858,0.000,0.632,0.317,0.532,188.151,46.869,30.261,26.807,time_of_use,0
site_l7o5bnkp2o,171,2024-06-20,4,6,9.331,2.166,71.947,13.768,0.000,0.526,0.225,0.636,221.735,39.644,10.239,22.741,flat,0
site_ruqwbu08ys,95,2024-04-05,5,4,22.773,3.149,59.596,12.029,0.000,0.566,0.370,0.709,248.004,51.042,25.021,16.461,time_of_use,0
site_esvkso5p9a,105,2024-04-15,1,4,23.776,3.119,68.888,14.704,0.000,0.626,0.161,0.835,206.287,73.967,21.154,,critical_peak,0
site_pyswc8o9g8,43,2024-02-13,2,2,19.261,3.015,47.414,6.995,0.000,0.712,0.156,0.718,214.839,44.199,13.061,15.486,critical_peak,0
site_lpvyddf2dp,138,2024-05-18,6,5,18.458,1.902,75.567,15.111,0.000,0.680,0.275,0.840,185.246,65.633,23.377,21.297,time_of_use,1
site_oqtmdxfv99,202,2024-07-21,0,7,9.929,1.369,76.978,8.738,0.000,0.778,0.249,0.453,198.049,67.041,17.359,27.014,time_of_use,0
site_12sjsgd733,151,2024-05-31,5,5,11.523,1.998,74.302,18.991,0.000,0.551,0.059,0.487,155.083,77.569,8.580,31.815,critical_peak,0
site_oqtmdxfv99,64,2024-03-05,2,3,20.621,3.365,46.511,12.638,0.000,0.780,0.015,0.885,,85.867,16.528,24.391,flat,0
site_owpbo6i70y,162,2024-06-11,2,6,13.778,0.883,62.155,13.628,0.000,0.635,0.148,0.458,161.571,65.072,19.814,10.416,flat,0
site_wb8fh6amr3,98,2024-04-08,1,4,24.329,3.750,56.944,9.246,0.000,0.606,0.390,0.580,187.488,80.704,21.754,18.436,critical_peak,0
site_q96oxsn6t7,91,2024-04-01,1,4,27.437,3.199,52.095,5.018,0.000,0.643,0.185,0.764,166.912,63.134,23.817,25.739,flat,0
site_8a103kt75c,152,2024-06-01,6,6,11.925,1.098,90.821,15.875,0.000,0.653,0.370,0.427,191.634,78.505,24.663,20.320,critical_peak,1
site_ruqwbu08ys,58,2024-02-28,3,2,20.071,3.855,74.547,10.086,0.000,0.591,0.370,0.630,226.891,79.590,31.674,21.513,time_of_use,0
site_unn79reovm,145,2024-05-25,6,5,15.587,1.656,59.927,3.797,0.000,0.747,0.241,0.366,196.289,67.122,14.486,24.667,flat,0
site_mmvs0z732r,167,2024-06-16,0,6,10.243,0.807,81.630,12.125,0.000,0.601,0.114,0.620,169.692,54.718,14.908,29.596,time_of_use,0
site_653fbtaxzy,122,2024-05-02,4,5,20.810,2.303,72.740,6.870,2.200,0.710,0.116,0.339,202.938,75.168,16.044,16.339,time_of_use,0
site_8ttmv07z34,213,2024-08-01,4,8,4.966,2.010,58.614,8.678,0.000,0.646,0.251,0.629,221.840,66.962,30.557,19.747,critical_peak,0
site_owpbo6i70y,194,2024-07-13,6,7,4.857,0.897,72.712,14.254,0.000,0.706,0.155,0.557,201.281,75.559,14.528,21.059,time_of_use,0
site_mmvs0z732r,129,2024-05-09,4,5,17.328,2.717,62.799,14.205,0.000,0.609,0.079,0.539,193.930,62.528,18.521,19.848,time_of_use,0
site_hv02xi47qd,133,2024-05-13,1,5,,2.576,81.756,9.348,0.000,0.693,0.245,0.756,215.484,59.483,24.232,15.495,critical_peak,0
site_ruqwbu08ys,190,2024-07-09,2,7,11.032,1.051,70.481,22.145,0.000,0.712,0.308,0.608,231.148,66.716,28.099,,flat,0
site_lh13qhdxr8,203,2024-07-22,1,7,7.658,1.474,73.973,7.259,0.000,0.453,0.156,0.510,201.441,67.143,25.633,14.051,time_of_use,0
site_wb8fh6amr3,219,2024-08-07,3,8,7.556,1.634,57.420,8.018,0.000,0.631,0.293,0.654,172.849,56.058,23.827,17.350,time_of_use,0
site_unn79reovm,133,2024-05-13,1,5,18.285,3.494,56.772,11.325,0.000,0.657,0.157,0.453,179.379,68.639,20.873,15.747,critical_peak,0
site_9ueuoqbp8k,90,2024-03-31,0,3,24.351,4.350,49.741,6.731,0.000,0.573,0.299,0.587,179.541,68.776,20.163,23.887,flat,0
site_owpbo6i70y,166,2024-06-15,6,6,10.246,0.777,63.614,7.107,0.000,0.609,0.234,0.594,154.843,66.345,20.430,18.743,time_of_use,0
site_hv02xi47qd,75,2024-03-16,6,3,27.153,4.715,57.951,9.093,6.632,0.659,0.279,0.874,212.756,73.973,30.969,27.601,time_of_use,0
site_oqtmdxfv99,63,2024-03-04,1,3,21.257,2.573,63.854,10.140,0.000,0.750,0.145,0.644,177.207,58.652,17.156,22.693,flat,0
site_azlkiez3zd,143,2024-05-23,4,5,17.455,2.591,64.108,13.612,0.000,0.594,0.158,0.613,155.601,75.679,28.564,27.924,critical_peak,1
site_jby3v59n6p,26,2024-01-27,6,1,11.487,3.937,71.286,9.122,0.000,0.582,0.225,0.395,190.646,52.637,17.821,25.495,critical_peak,0
site_l7o5bnkp2o,56,2024-02-26,1,2,24.978,4.301,56.681,8.070,0.000,0.475,0.204,0.911,181.905,60.402,17.694,16.352,flat,0
site_wb8fh6amr3,236,2024-08-24,6,8,6.623,1.725,60.391,8.527,0.000,0.634,0.354,0.525,198.068,55.163,29.238,27.334,flat,0
site_9ueuoqbp8k,197,2024-07-16,2,7,9.175,0.401,83.979,13.852,0.000,0.725,0.310,0.409,181.758,55.446,23.992,19.052,critical_peak,0
site_lpvyddf2dp,224,2024-08-12,1,8,9.887,1.874,91.969,12.849,0.000,0.743,0.328,0.955,226.278,84.360,26.229,19.630,critical_peak,0
site_lpvyddf2dp,180,2024-06-29,6,6,8.803,3.205,73.108,8.740,0.000,0.730,0.356,0.610,218.124,61.652,20.322,23.883,flat,0
site_unn79reovm,25,2024-01-26,5,1,14.342,2.838,61.856,12.823,0.000,0.541,0.118,0.528,191.206,79.466,7.958,28.567,critical_peak,0
site_azlkiez3zd,148,2024-05-28,2,5,13.144,1.299,79.674,7.879,0.000,0.590,0.231,0.698,217.161,68.964,18.009,31.602,time_of_use,0
site_azlkiez3zd,40,2024-02-10,6,2,17.118,3.870,64.931,16.096,0.000,0.679,0.180,0.864,194.859,58.801,22.283,30.825,time_of_use,0
site_9ueuoqbp8k,27,2024-01-28,0,1,14.045,2.848,67.709,10.458,0.000,0.685,0.279,0.559,208.312,64.427,15.411,23.593,flat,0
site_wb8fh6amr3,49,2024-02-19,1,2,18.405,4.748,68.304,13.985,0.000,0.630,0.388,0.713,188.622,52.686,23.911,16.836,time_of_use,0
