zone_id,district_type,day_index,date,weekday,month,forecast_high_c,forecast_low_c,humidity_pct,solar_irradiance_kwh_m2,wind_kph,rain_mm,occupancy_ratio,ev_charge_share,roof_albedo_pct,tree_canopy_pct,cooling_system_age_yr,tariff_plan,community_event,peak_demand_kw
Z01,compact_urban,0,2024-01-01,0,1,21.102,12.902,,2.601,,2.000,,0.160,23,9,13,flat,1,244.595
Z02,tree_rich,0,2024-01-01,0,1,19.943,11.960,66.399,3.848,16.881,0.000,0.707,0.200,42,43,7,flat,0,197.567
Z03,industrial_edge,0,2024-01-01,0,1,22.471,15.059,65.586,3.732,15.327,0.000,0.730,0.220,18,12,17,flat,0,257.736
Z04,older_residential,0,2024-01-01,0,1,22.630,15.937,66.699,2.380,9.011,0.000,0.744,0.209,27,19,21,flat,0,220.166
Z05,mixed_use,0,2024-01-01,0,1,19.807,13.724,70.209,1.268,5.058,0.000,0.748,0.173,36,28,10,flat,0,215.980
Z06,coastal,0,2024-01-01,0,1,13.815,8.010,76.259,1.613,8.523,0.000,0.744,0.131,49,39,6,flat,0,187.721
Z07,campus,0,2024-01-01,0,1,16.523,10.565,71.877,3.037,15.350,0.000,0.734,0.103,39,31,8,flat,0,205.808
Z08,suburban,0,2024-01-01,0,1,16.371,9.885,70.002,3.984,16.073,0.000,0.722,0.105,45,47,11,flat,0,202.041
Z01,compact_urban,1,2024-01-02,1,1,22.842,14.654,61.353,3.535,13.022,0.000,0.685,0.167,23,9,13,time_of_use,0,222.756
Z02,tree_rich,1,2024-01-02,1,1,19.721,11.843,67.078,3.955,16.987,0.000,0.712,0.205,42,43,7,time_of_use,0,195.814
Z03,industrial_edge,1,2024-01-02,1,1,21.045,13.794,67.475,2.896,13.843,0.000,0.732,0.220,18,12,17,time_of_use,0,253.242
Z04,older_residential,1,2024-01-02,1,1,20.388,13.855,69.321,1.515,7.252,0.000,0.744,0.205,27,19,21,time_of_use,0,214.968
Z05,mixed_use,1,2024-01-02,1,1,17.852,11.867,72.328,1.322,4.647,0.000,0.746,0.167,36,28,10,time_of_use,0,212.194
Z06,coastal,1,2024-01-02,1,1,13.979,8.178,75.862,2.527,9.847,0.000,0.740,0.125,49,39,6,time_of_use,0,184.864
Z07,campus,1,2024-01-02,1,1,18.491,12.440,69.346,3.814,16.787,2.188,0.728,0.101,39,31,8,time_of_use,0,201.620
Z08,suburban,1,2024-01-02,1,1,18.350,11.708,67.366,3.776,16.112,0.000,0.717,0.108,45,47,11,time_of_use,0,195.064
Z01,compact_urban,2,2024-01-03,2,1,21.251,13.098,63.580,3.995,13.316,0.000,0.690,0.173,23,9,13,critical_peak,0,221.199
Z02,tree_rich,2,2024-01-03,2,1,17.673,9.918,69.747,3.373,16.178,8.992,0.716,0.209,42,43,7,critical_peak,0,191.166
Z03,industrial_edge,2,2024-01-03,2,1,20.268,13.183,68.621,1.910,12.538,0.000,0.734,0.220,18,12,17,critical_peak,0,246.573
Z04,older_residential,2,2024-01-03,2,1,20.730,14.347,69.064,1.205,6.680,0.000,0.743,0.200,27,19,21,critical_peak,1,231.043
Z05,mixed_use,2,2024-01-03,2,1,19.044,13.139,70.944,2.029,5.703,0.000,0.743,0.160,36,28,10,critical_peak,0,208.031
Z06,coastal,2,2024-01-03,2,1,15.874,10.053,,3.480,11.860,0.000,0.735,0.120,49,39,6,critical_peak,0,180.713
Z07,campus,2,2024-01-03,2,1,19.482,13.319,67.866,3.974,17.604,0.000,0.723,0.100,39,31,8,critical_peak,0,195.482
Z08,suburban,2,2024-01-03,2,1,17.437,10.631,67.903,2.970,14.804,0.000,0.713,0.111,45,47,11,critical_peak,0,187.069
Z01,compact_urban,3,2024-01-04,3,1,20.551,12.455,64.820,3.746,13.901,0.000,0.695,0.179,23,9,13,flat,0,228.014
Z02,tree_rich,3,2024-01-04,3,1,18.586,10.968,69.139,2.399,16.368,0.000,0.719,0.212,42,43,7,flat,0,195.355
Z03,industrial_edge,3,2024-01-04,3,1,22.457,15.540,66.472,1.278,12.377,0.000,0.735,0.219,18,12,17,flat,0,250.984
Z04,older_residential,3,2024-01-04,3,1,22.150,15.904,67.583,1.608,6.717,0.000,0.742,0.195,27,19,21,flat,0,216.026
Z05,mixed_use,3,2024-01-04,3,1,18.996,13.149,70.888,3.029,6.449,0.000,,0.154,36,28,10,flat,0,216.756
Z06,coastal,3,2024-01-04,3,1,14.867,9.003,74.352,3.987,12.665,0.000,0.730,0.115,49,39,6,flat,0,188.440
Z07,campus,3,2024-01-04,3,1,17.553,11.263,69.576,3.436,17.011,0.000,0.718,0.100,39,31,8,flat,0,201.026
Z08,suburban,3,2024-01-04,3,1,15.635,8.662,69.410,1.978,12.984,8.980,0.709,0.115,45,47,11,flat,0,191.947
Z01,compact_urban,4,2024-01-05,4,1,22.629,14.612,62.996,2.917,15.499,0.000,0.700,0.186,23,9,13,time_of_use,0,219.958
Z02,tree_rich,4,2024-01-05,4,1,20.443,12.975,67.469,1.531,16.757,0.000,0.722,0.215,42,43,7,time_of_use,0,187.303
Z03,industrial_edge,4,2024-01-05,4,1,22.916,16.166,66.193,1.324,11.516,2.688,0.736,0.217,18,12,17,time_of_use,0,245.750
Z04,older_residential,4,2024-01-05,4,1,20.282,14.158,69.683,2.521,5.635,0.000,0.740,0.189,27,19,21,time_of_use,0,213.788
Z05,mixed_use,4,2024-01-05,4,1,16.353,10.541,73.650,3.814,6.315,0.000,0.735,0.147,36,28,10,time_of_use,0,214.651
Z06,coastal,4,2024-01-05,4,1,13.390,7.461,75.664,3.791,13.188,0.000,0.725,0.111,49,39,6,time_of_use,0,183.887
Z07,campus,4,2024-01-05,4,1,17.489,11.056,69.218,2.476,16.912,0.000,0.713,0.100,39,31,8,time_of_use,1,216.631
Z08,suburban,4,2024-01-05,4,1,17.133,9.992,67.283,1.307,12.368,0.000,0.705,0.120,45,47,11,time_of_use,0,186.467
Z01,compact_urban,5,2024-01-06,5,1,22.704,14.786,63.362,1.931,16.173,0.000,0.584,0.371,23,9,13,critical_peak,0,213.731
Z02,tree_rich,5,2024-01-06,5,1,19.114,11.805,69.278,1.214,15.706,0.000,0.605,0.397,42,43,7,critical_peak,0,183.517
Z03,industrial_edge,5,2024-01-06,5,1,20.736,14.147,68.783,2.025,9.630,0.000,0.616,0.394,18,12,17,critical_peak,0,245.194
Z04,older_residential,5,2024-01-06,5,1,18.084,12.066,72.105,3.479,4.629,0.000,0.617,0.363,27,19,21,critical_peak,0,214.275
Z05,mixed_use,5,2024-01-06,5,1,16.050,10.250,73.801,3.986,7.240,0.000,0.611,0.321,36,28,10,critical_peak,0,212.995
Z06,coastal,5,2024-01-06,5,1,15.244,9.228,73.285,2.993,14.910,0.000,0.600,0.288,49,39,6,critical_peak,0,179.515
Z07,campus,5,2024-01-06,5,1,19.685,13.100,66.356,1.584,17.472,0.000,0.589,0.281,39,31,8,critical_peak,0,190.199
Z08,suburban,5,2024-01-06,5,1,18.664,11.358,65.119,1.300,,0.000,0.582,0.305,45,47,11,critical_peak,0,184.671
Z01,compact_urban,6,2024-01-07,6,1,20.469,12.668,66.254,1.294,15.777,0.000,0.588,0.377,23,9,13,flat,0,221.349
Z02,tree_rich,6,2024-01-07,6,1,17.916,10.771,70.917,1.610,,0.000,0.606,0.399,42,43,7,flat,0,193.887
Z03,industrial_edge,6,2024-01-07,6,1,20.833,14.397,68.832,3.027,8.719,0.000,0.615,0.391,18,12,17,flat,0,257.060
Z04,older_residential,6,2024-01-07,6,1,19.090,13.159,70.966,3.996,5.114,8.924,0.614,0.357,27,19,21,flat,0,224.822
Z05,mixed_use,6,2024-01-07,6,1,17.963,12.152,71.479,3.459,9.136,0.000,0.606,0.315,36,28,10,flat,0,220.681
Z06,coastal,6,2024-01-07,6,1,16.712,10.591,71.303,2.002,16.309,0.000,0.594,0.285,49,39,6,flat,0,186.074
Z07,campus,6,2024-01-07,6,1,19.232,12.485,66.396,1.217,16.736,0.000,0.584,0.283,39,31,8,flat,0,198.692
Z08,suburban,6,2024-01-07,6,1,17.128,9.663,66.332,1.963,9.769,0.000,0.580,0.311,45,47,11,flat,0,195.820
Z01,compact_urban,7,2024-01-08,0,1,20.876,13.208,66.223,1.331,16.273,0.000,0.712,0.202,23,9,13,time_of_use,0,218.080
Z02,tree_rich,7,2024-01-08,0,1,19.890,12.913,69.036,2.520,14.560,0.000,0.727,0.220,42,43,7,time_of_use,0,192.404
Z03,industrial_edge,7,2024-01-08,0,1,22.518,16.224,,3.820,8.542,0.000,0.734,0.207,18,12,17,time_of_use,0,255.136
Z04,older_residential,7,2024-01-08,0,1,19.347,13.481,70.611,3.811,5.505,0.000,0.731,0.171,27,19,21,time_of_use,0,220.438
Z05,mixed_use,7,2024-01-08,0,1,17.245,11.398,72.019,2.503,10.021,0.000,0.721,0.129,36,28,10,time_of_use,0,214.226
Z06,coastal,7,2024-01-08,0,1,15.083,8.839,72.705,1.325,16.270,0.000,0.709,0.103,49,39,6,time_of_use,0,180.211
Z07,campus,7,2024-01-08,0,1,17.315,10.402,68.037,1.564,15.200,0.000,0.700,0.106,39,31,8,time_of_use,0,195.139
Z08,suburban,7,2024-01-08,0,1,16.800,9.185,66.220,2.960,8.352,0.000,0.698,0.136,45,47,11,time_of_use,0,193.090
Z01,compact_urban,8,2024-01-09,1,1,22.731,15.208,64.579,2.027,17.174,0.000,0.714,0.206,23,9,13,critical_peak,0,217.072
Z02,tree_rich,8,2024-01-09,1,1,20.698,13.889,68.406,3.483,13.996,0.000,0.728,0.220,42,43,7,critical_peak,0,191.732
Z03,industrial_edge,8,2024-01-09,1,1,21.084,14.919,68.756,4.004,7.244,0.000,0.732,0.203,18,12,17,critical_peak,0,252.360
Z04,older_residential,8,2024-01-09,1,1,16.714,10.892,73.399,3.021,4.933,0.000,0.727,0.164,27,19,21,critical_peak,0,214.879
Z05,mixed_use,8,2024-01-09,1,1,15.561,9.657,73.589,1.609,10.520,3.369,0.716,0.123,36,28,10,critical_peak,0,207.737
Z06,coastal,8,2024-01-09,1,1,14.846,8.465,72.555,1.310,16.568,0.000,0.704,0.101,49,39,6,critical_peak,0,175.316
Z07,campus,8,2024-01-09,1,1,18.514,11.433,66.244,2.451,14.724,0.000,0.697,0.109,39,31,8,critical_peak,0,191.947
Z08,suburban,8,2024-01-09,1,1,19.419,11.667,62.875,3.786,8.186,0.000,0.697,0.143,45,47,11,critical_peak,0,189.126
Z01,compact_urban,9,2024-01-10,2,1,21.519,14.152,66.285,3.030,16.665,0.000,0.717,0.210,23,9,13,flat,0,228.269
Z02,tree_rich,9,2024-01-10,2,1,18.605,11.959,70.935,4.011,12.207,0.000,0.728,0.219,42,43,7,flat,0,201.051
Z03,industrial_edge,9,2024-01-10,2,1,18.746,12.692,71.372,3.487,5.737,0.000,0.729,0.198,18,12,17,flat,0,258.322
Z04,older_residential,9,2024-01-10,2,1,15.956,10.154,74.087,2.031,5.287,0.000,0.722,0.158,27,19,21,flat,0,218.794
Z05,mixed_use,9,2024-01-10,2,1,17.197,11.215,71.477,1.235,12.304,0.000,0.711,0.118,36,28,10,flat,0,212.515
Z06,coastal,9,2024-01-10,2,1,17.220,10.690,69.513,1.967,17.675,0.000,0.700,0.100,49,39,6,flat,0,182.650
Z07,campus,9,2024-01-10,2,1,20.249,13.002,63.855,3.429,14.313,0.000,0.694,0.113,39,31,8,flat,0,200.430
Z08,suburban,9,2024-01-10,2,1,20.118,12.242,,4.022,7.368,0.000,0.696,0.149,45,47,11,flat,0,196.130
Z01,compact_urban,10,2024-01-11,3,1,19.900,12.696,68.414,3.832,15.813,0.000,0.719,0.213,23,9,13,time_of_use,0,225.554
Z02,tree_rich,10,2024-01-11,3,1,18.428,11.938,71.321,3.838,11.151,0.000,0.727,0.218,42,43,7,time_of_use,0,194.760
Z03,industrial_edge,10,2024-01-11,3,1,19.576,13.616,70.464,2.536,5.667,0.000,0.726,0.193,18,12,17,time_of_use,0,249.370
Z04,older_residential,10,2024-01-11,3,1,17.817,12.012,71.857,1.349,6.839,0.000,0.717,0.151,27,19,21,time_of_use,0,210.283
Z05,mixed_use,10,2024-01-11,3,1,19.059,12.978,69.088,1.574,14.093,0.000,0.706,0.114,36,28,10,time_of_use,0,207.009
Z06,coastal,10,2024-01-11,3,1,17.283,10.594,68.999,2.965,17.619,8.789,0.696,0.100,49,39,6,time_of_use,0,179.865
Z07,campus,10,2024-01-11,3,1,18.819,11.410,64.949,4.002,12.525,0.000,0.691,0.117,39,31,8,time_of_use,0,197.539
Z08,suburban,10,2024-01-11,3,1,18.626,10.644,62.857,3.552,5.830,0.000,0.696,0.156,45,47,11,time_of_use,0,191.104
Z01,compact_urban,11,2024-01-12,4,1,21.553,14.516,66.916,4.027,16.094,3.856,0.720,0.216,23,9,13,critical_peak,0,219.959
Z02,tree_rich,11,2024-01-12,4,1,20.317,13.974,69.399,3.055,10.924,0.000,0.725,0.216,42,43,7,critical_peak,0,186.284
Z03,industrial_edge,11,2024-01-12,4,1,20.171,14.285,69.776,1.639,5.687,0.000,0.722,0.187,18,12,17,critical_peak,0,240.950
Z04,older_residential,11,2024-01-12,4,1,17.379,11.548,72.122,1.326,7.591,0.000,0.712,0.145,27,19,21,critical_peak,0,204.806
Z05,mixed_use,11,2024-01-12,4,1,17.750,11.552,70.161,2.458,14.492,0.000,0.701,0.110,36,28,10,critical_peak,0,204.835
Z06,coastal,11,2024-01-12,4,1,15.357,8.504,70.659,3.799,16.531,0.000,0.692,0.101,49,39,6,critical_peak,0,178.581
Z07,campus,11,2024-01-12,4,1,18.023,10.461,65.347,3.882,10.926,0.000,0.690,0.122,39,31,8,critical_peak,0,194.302
Z08,suburban,11,2024-01-12,4,1,19.795,11.727,61.149,2.618,5.549,0.000,0.697,0.162,45,47,11,critical_peak,0,185.835
Z01,compact_urban,12,2024-01-13,5,1,22.635,15.766,66.017,3.521,15.984,0.000,0.600,0.398,23,9,13,flat,0,226.598
Z02,tree_rich,12,2024-01-13,5,1,19.369,13.160,70.561,2.067,9.596,0.000,0.603,0.393,42,43,7,flat,0,192.185
Z03,industrial_edge,12,2024-01-13,5,1,17.661,11.826,72.466,1.258,,0.000,0.598,0.361,18,12,17,flat,0,249.062
Z04,older_residential,12,2024-01-13,5,1,15.499,9.619,73.939,1.978,7.852,0.000,0.587,0.318,27,19,21,flat,0,215.987
Z05,mixed_use,12,2024-01-13,5,1,17.338,11.008,70.225,3.440,15.095,0.000,0.576,0.287,36,28,10,flat,0,217.255
Z06,coastal,12,2024-01-13,5,1,16.275,9.254,69.181,4.046,16.357,0.000,0.568,0.282,49,39,6,flat,0,189.524
Z07,campus,12,2024-01-13,5,1,20.390,12.685,62.271,3.134,10.574,4.037,0.568,0.307,39,31,8,flat,0,202.862
Z08,suburban,12,2024-01-13,5,1,22.240,14.106,58.058,1.701,5.996,0.000,0.578,0.349,45,47,11,flat,0,194.140
Z01,compact_urban,13,2024-01-14,6,1,20.641,13.937,68.469,2.575,14.501,0.000,0.600,0.399,23,9,13,time_of_use,0,221.292
Z02,tree_rich,13,2024-01-14,6,1,16.983,10.892,73.267,1.379,7.762,8.650,0.601,0.390,42,43,7,time_of_use,0,187.613
Z03,industrial_edge,13,2024-01-14,6,1,16.492,10.686,73.643,1.590,4.349,0.000,0.593,0.355,18,12,17,time_of_use,0,246.914
Z04,older_residential,13,2024-01-14,6,1,16.823,10.871,72.201,2.976,9.444,0.000,,0.312,27,19,21,time_of_use,0,215.213
Z05,mixed_use,13,2024-01-14,6,1,19.828,13.352,67.075,4.023,16.676,0.000,0.571,0.284,36,28,10,time_of_use,0,215.493
Z06,coastal,13,2024-01-14,6,1,18.215,11.027,66.572,3.587,16.388,0.000,0.565,0.284,49,39,6,time_of_use,0,185.530
Z07,campus,13,2024-01-14,6,1,21.315,13.482,60.789,2.144,9.675,0.000,0.568,0.313,39,31,8,time_of_use,0,197.865
Z08,suburban,13,2024-01-14,6,1,21.426,13.248,58.574,1.271,5.377,0.000,0.580,0.355,45,47,11,time_of_use,0,190.812
Z01,compact_urban,14,2024-01-15,0,1,20.154,13.609,69.232,1.676,13.498,0.000,0.719,0.220,23,9,13,critical_peak,0,215.697
Z02,tree_rich,14,2024-01-15,0,1,17.648,11.657,72.579,1.348,7.245,0.000,0.717,0.206,42,43,7,critical_peak,0,183.565
Z03,industrial_edge,14,2024-01-15,0,1,18.252,12.451,71.561,2.471,5.398,0.000,0.709,0.168,18,12,17,critical_peak,0,244.587
Z04,older_residential,14,2024-01-15,0,1,18.977,12.933,69.519,3.817,11.379,0.000,0.697,0.127,27,19,21,critical_peak,0,212.465
Z05,mixed_use,14,2024-01-15,0,1,20.430,13.799,,3.915,17.299,0.000,0.687,0.102,36,28,10,critical_peak,0,210.596
Z06,coastal,14,2024-01-15,0,1,16.974,9.622,67.458,2.659,14.971,0.000,0.683,0.107,49,39,6,critical_peak,0,178.937
Z07,campus,14,2024-01-15,0,1,19.700,11.754,62.114,1.420,7.835,0.000,0.688,0.139,39,31,8,critical_peak,0,191.771
Z08,suburban,14,2024-01-15,0,1,20.067,11.868,59.714,1.553,4.789,8.589,0.703,0.182,45,47,11,critical_peak,0,186.921
Z01,compact_urban,15,2024-01-16,1,1,22.162,15.768,67.214,1.287,13.401,0.000,0.717,0.220,23,9,13,flat,0,223.634
Z02,tree_rich,15,2024-01-16,1,1,18.605,12.695,71.532,1.994,6.969,0.000,0.714,0.201,42,43,7,flat,0,193.580
Z03,industrial_edge,15,2024-01-16,1,1,18.098,12.279,71.548,3.457,5.850,4.511,0.704,0.162,18,12,17,flat,0,254.988
Z04,older_residential,15,2024-01-16,1,1,17.988,11.834,70.266,4.077,12.028,0.000,0.692,0.121,27,19,21,flat,0,220.676
Z05,mixed_use,15,2024-01-16,1,1,18.596,11.802,67.555,3.176,16.732,0.000,0.683,0.101,36,28,10,flat,0,216.199
Z06,coastal,15,2024-01-16,1,1,15.762,8.253,68.312,1.739,13.424,0.000,0.681,0.110,49,39,6,flat,0,183.897
Z07,campus,15,2024-01-16,1,1,20.432,12.393,60.869,1.337,7.053,0.000,0.689,0.145,39,31,8,flat,0,198.442
Z08,suburban,15,2024-01-16,1,1,21.749,13.554,57.535,2.408,5.667,0.000,0.706,0.188,45,47,11,flat,0,195.712
Z01,compact_urban,16,2024-01-17,2,1,21.716,15.460,67.861,1.612,12.259,0.000,0.715,0.219,23,9,13,time_of_use,0,220.649
Z02,tree_rich,16,2024-01-17,2,1,16.335,10.484,73.996,2.993,5.549,0.000,0.709,0.196,42,43,7,time_of_use,0,191.786
Z03,industrial_edge,16,2024-01-17,2,1,16.054,10.194,73.579,4.050,5.696,0.000,0.698,0.155,18,12,17,time_of_use,0,251.306
Z04,older_residential,16,2024-01-17,2,1,17.386,11.105,70.562,3.628,12.766,0.000,0.687,0.117,27,19,21,time_of_use,0,213.544
Z05,mixed_use,16,2024-01-17,2,1,19.257,12.296,66.369,2.187,16.941,0.000,0.680,0.100,36,28,10,time_of_use,0,207.377
Z06,coastal,16,2024-01-17,2,1,17.815,10.159,65.576,1.303,13.080,0.000,0.680,0.114,49,39,6,time_of_use,0,176.495
Z07,campus,16,2024-01-17,2,1,22.973,14.860,57.653,1.941,7.153,0.000,0.691,0.151,39,31,8,time_of_use,0,194.066
Z08,suburban,16,2024-01-17,2,1,22.572,14.403,56.331,3.405,6.442,0.000,,0.193,45,47,11,time_of_use,0,193.157
Z01,compact_urban,17,2024-01-18,3,1,19.360,13.228,70.572,2.490,10.322,0.000,0.712,0.217,23,9,13,critical_peak,0,218.147
Z02,tree_rich,17,2024-01-18,3,1,14.827,9.013,75.584,3.841,4.598,0.000,0.705,0.191,42,43,7,critical_peak,0,188.277
Z03,industrial_edge,17,2024-01-18,3,1,16.990,11.066,72.299,3.954,6.860,0.000,0.693,0.149,18,12,17,critical_peak,1,266.339
Z04,older_residential,17,2024-01-18,3,1,19.906,13.484,67.399,2.705,14.652,8.403,0.682,0.112,27,19,21,critical_peak,0,204.073
Z05,mixed_use,17,2024-01-18,3,1,21.397,14.269,63.546,1.459,17.524,0.000,0.677,0.100,36,28,10,critical_peak,0,198.966
Z06,coastal,17,2024-01-18,3,1,18.930,11.141,63.877,1.577,12.301,0.000,0.680,0.119,49,39,6,critical_peak,0,171.694
Z07,campus,17,2024-01-18,3,1,22.499,14.334,57.773,2.931,6.237,0.000,0.693,0.158,39,31,8,critical_peak,0,192.343
Z08,suburban,17,2024-01-18,3,1,20.176,12.056,58.698,4.041,6.154,0.000,0.714,0.199,45,47,11,critical_peak,0,191.692
Z01,compact_urban,18,2024-01-19,4,1,19.861,13.836,70.102,3.479,9.533,0.000,0.709,0.215,23,9,13,flat,0,226.865
Z02,tree_rich,18,2024-01-19,4,1,16.459,10.659,73.679,4.112,5.077,0.000,0.700,0.185,42,43,7,flat,0,194.630
Z03,industrial_edge,18,2024-01-19,4,1,19.328,13.320,69.445,3.223,8.681,0.000,0.688,0.142,18,12,17,flat,0,247.982
Z04,older_residential,18,2024-01-19,4,1,21.038,14.464,65.743,1.784,,0.000,0.678,0.109,27,19,21,flat,0,207.944
Z05,mixed_use,18,2024-01-19,4,1,20.435,13.141,64.130,1.367,16.657,0.000,0.675,0.101,36,28,10,flat,0,206.255
Z06,coastal,18,2024-01-19,4,1,17.214,9.306,65.301,2.428,10.374,0.000,0.680,0.124,49,39,6,flat,0,182.543
Z07,campus,18,2024-01-19,4,1,20.971,12.777,59.074,3.808,5.116,0.000,0.696,0.165,39,31,8,flat,0,204.099
Z08,suburban,18,2024-01-19,4,1,19.247,11.198,59.485,3.998,6.651,0.000,0.719,0.203,45,47,11,flat,0,201.561
Z01,compact_urban,19,2024-01-20,5,1,21.186,15.249,68.688,4.083,9.112,0.000,0.585,0.392,23,9,13,time_of_use,0,224.398
Z02,tree_rich,19,2024-01-20,5,1,16.606,10.796,,3.674,5.142,0.000,0.575,0.359,42,43,7,time_of_use,0,189.887
Z03,industrial_edge,19,2024-01-20,5,1,18.646,12.534,69.882,2.236,9.360,0.000,0.563,0.316,18,12,17,time_of_use,0,242.312
Z04,older_residential,19,2024-01-20,5,1,19.376,12.640,67.142,1.341,15.775,0.000,0.555,0.286,27,19,21,time_of_use,0,204.426
Z05,mixed_use,19,2024-01-20,5,1,18.885,11.431,65.356,1.966,15.366,5.140,0.553,0.283,36,28,10,time_of_use,0,206.078
Z06,coastal,19,2024-01-20,5,1,17.450,9.441,64.589,3.428,9.256,0.000,0.561,0.309,49,39,6,time_of_use,1,205.663
Z07,campus,19,2024-01-20,5,1,22.491,14.292,57.047,4.131,5.449,0.000,0.579,0.351,39,31,8,time_of_use,0,203.681
Z08,suburban,19,2024-01-20,5,1,20.734,12.777,57.648,3.305,8.281,0.000,0.604,0.388,45,47,11,time_of_use,0,198.745
Z01,compact_urban,20,2024-01-21,6,1,19.266,13.397,70.804,3.998,7.463,0.000,0.581,0.389,23,9,13,critical_peak,0,221.361
Z02,tree_rich,20,2024-01-21,6,1,14.455,8.612,75.556,2.757,4.468,0.000,0.570,0.353,42,43,7,critical_peak,0,184.876
Z03,industrial_edge,20,2024-01-21,6,1,17.834,11.600,70.435,1.503,10.017,0.000,0.558,0.310,18,12,17,critical_peak,0,237.595
Z04,older_residential,20,2024-01-21,6,1,19.801,12.899,66.229,1.607,16.355,0.000,0.551,0.283,27,19,21,critical_peak,0,202.202
Z05,mixed_use,20,2024-01-21,6,1,20.591,12.986,63.000,2.955,15.212,0.000,0.552,0.285,36,28,10,critical_peak,0,205.652
Z06,coastal,20,2024-01-21,6,1,19.966,11.876,61.383,4.074,9.124,0.000,0.563,0.315,49,39,6,critical_peak,0,182.330
Z07,campus,20,2024-01-21,6,1,23.723,15.542,55.364,3.741,5.910,0.000,0.583,0.358,39,31,8,critical_peak,0,199.997
Z08,suburban,20,2024-01-21,6,1,19.761,11.913,58.554,2.320,9.054,0.000,0.609,0.391,45,47,11,critical_peak,0,193.835
Z01,compact_urban,21,2024-01-22,0,1,17.509,11.685,72.704,3.276,5.980,0.000,0.696,0.204,23,9,13,flat,0,228.442
Z02,tree_rich,21,2024-01-22,0,1,14.954,9.055,74.789,1.834,5.025,0.000,0.684,0.166,42,43,7,flat,0,190.691
Z03,industrial_edge,21,2024-01-22,0,1,20.283,13.913,67.375,1.403,11.974,0.000,0.674,0.125,18,12,17,flat,0,244.819
Z04,older_residential,21,2024-01-22,0,1,22.129,15.060,63.210,2.454,17.504,0.000,0.669,0.101,27,19,21,flat,0,211.664
Z05,mixed_use,21,2024-01-22,0,1,21.873,14.130,61.112,3.839,14.753,0.000,0.672,0.108,36,28,10,flat,0,215.236
Z06,coastal,21,2024-01-22,0,1,19.801,11.652,61.142,4.044,8.032,8.094,0.685,0.141,49,39,6,flat,0,189.662
Z07,campus,21,2024-01-22,0,1,21.581,13.440,,2.845,5.263,0.000,0.707,0.184,39,31,8,flat,0,205.282
Z08,suburban,21,2024-01-22,0,1,17.053,9.332,61.403,1.553,9.216,0.000,0.734,0.214,45,47,11,flat,0,199.226
Z01,compact_urban,22,2024-01-23,1,1,19.005,13.202,70.988,2.291,5.927,5.580,0.691,0.200,23,9,13,time_of_use,0,222.685
Z02,tree_rich,22,2024-01-23,1,1,17.375,11.399,71.876,1.384,6.510,0.000,0.679,0.159,42,43,7,time_of_use,0,185.555
Z03,industrial_edge,22,2024-01-23,1,1,21.900,15.381,65.207,1.995,13.560,0.000,0.670,0.120,18,12,17,time_of_use,0,242.041
Z04,older_residential,22,2024-01-23,1,1,21.529,14.294,63.401,3.458,17.281,0.000,0.666,0.100,27,19,21,time_of_use,0,210.016
Z05,mixed_use,22,2024-01-23,1,1,20.100,12.233,62.590,4.173,12.973,0.000,0.672,0.111,36,28,10,time_of_use,0,211.761
Z06,coastal,22,2024-01-23,1,1,18.111,9.925,62.600,3.359,6.480,0.000,0.688,0.147,49,39,6,time_of_use,0,183.252
Z07,campus,22,2024-01-23,1,1,20.378,12.301,58.477,1.906,5.226,0.000,0.712,0.190,39,31,8,time_of_use,0,197.905
Z08,suburban,22,2024-01-23,1,1,17.395,9.815,60.935,1.401,10.635,0.000,0.739,0.217,45,47,11,time_of_use,0,193.393
Z01,compact_urban,23,2024-01-24,2,1,19.478,13.674,70.358,1.553,5.615,0.000,0.686,0.194,23,9,13,critical_peak,0,216.336
Z02,tree_rich,23,2024-01-24,2,1,16.980,10.907,72.028,1.642,7.009,0.000,0.674,0.153,42,43,7,critical_peak,0,181.429
Z03,industrial_edge,23,2024-01-24,2,1,20.465,13.788,66.374,2.985,13.853,0.000,,0.115,18,12,17,critical_peak,0,239.611
Z04,older_residential,23,2024-01-24,2,1,19.740,12.343,64.894,4.113,16.384,0.000,0.665,0.100,27,19,21,critical_peak,0,206.513
Z05,mixed_use,23,2024-01-24,2,1,19.808,11.833,62.448,3.794,11.725,0.000,0.674,0.116,36,28,10,critical_peak,0,205.095
Z06,coastal,23,2024-01-24,2,1,19.395,11.195,60.808,2.377,6.297,0.000,0.691,0.154,49,39,6,critical_peak,0,174.683
Z07,campus,23,2024-01-24,2,1,21.875,13.882,56.595,1.410,6.486,5.740,0.716,0.195,39,31,8,critical_peak,0,190.730
Z08,suburban,23,2024-01-24,2,1,18.672,11.245,59.477,1.950,12.417,0.000,0.744,0.219,45,47,11,critical_peak,0,189.271
Z01,compact_urban,24,2024-01-25,3,1,17.300,11.471,72.608,1.445,4.410,0.000,0.681,0.189,23,9,13,flat,0,222.857
Z02,tree_rich,24,2024-01-25,3,1,15.941,9.752,72.859,2.486,7.367,7.832,0.670,0.146,42,43,7,flat,0,189.929
Z03,industrial_edge,24,2024-01-25,3,1,20.665,13.824,65.724,3.875,14.698,0.000,0.663,0.111,18,12,17,flat,0,247.926
Z04,older_residential,24,2024-01-25,3,1,21.091,13.539,62.930,4.094,16.549,0.000,0.664,0.100,27,19,21,flat,0,212.370
Z05,mixed_use,24,2024-01-25,3,1,22.186,14.123,59.379,2.904,,0.000,0.675,0.120,36,28,10,flat,0,208.770
Z06,coastal,24,2024-01-25,3,1,20.986,12.795,58.703,1.605,6.441,0.000,0.695,0.160,49,39,6,flat,0,179.290
Z07,campus,24,2024-01-25,3,1,21.281,13.392,57.047,1.617,7.099,0.000,0.722,0.200,39,31,8,flat,0,198.902
Z08,suburban,24,2024-01-25,3,1,16.877,9.611,61.435,2.927,12.911,0.000,0.749,0.220,45,47,11,flat,0,200.253
Z01,compact_urban,25,2024-01-26,4,1,17.348,11.472,72.373,2.031,4.275,0.000,0.676,0.183,23,9,13,time_of_use,0,218.342
Z02,tree_rich,25,2024-01-26,4,1,18.207,11.887,70.025,3.493,9.137,0.000,0.665,0.140,42,43,7,time_of_use,0,186.290
Z03,industrial_edge,25,2024-01-26,4,1,23.151,16.142,62.544,4.220,16.327,0.000,0.660,0.107,18,12,17,time_of_use,0,243.023
Z04,older_residential,25,2024-01-26,4,1,22.532,14.837,60.865,3.419,16.571,0.000,0.664,0.102,27,19,21,time_of_use,0,205.670
Z05,mixed_use,25,2024-01-26,4,1,22.289,14.159,58.827,1.964,10.433,0.000,0.678,0.125,36,28,10,time_of_use,0,202.313
Z06,coastal,25,2024-01-26,4,1,19.164,11.006,60.379,1.445,5.440,0.000,0.700,0.167,49,39,6,time_of_use,0,175.873
Z07,campus,25,2024-01-26,4,1,18.469,10.701,59.975,2.430,6.983,0.000,0.727,0.205,39,31,8,time_of_use,0,198.706
Z08,suburban,25,2024-01-26,4,1,15.471,8.370,63.005,3.842,13.455,7.726,0.754,0.220,45,47,11,time_of_use,0,200.336
Z01,compact_urban,26,2024-01-27,5,1,19.763,13.817,69.499,3.020,5.272,0.000,0.551,0.357,23,9,13,critical_peak,0,216.376
Z02,tree_rich,26,2024-01-27,5,1,20.233,13.768,67.430,4.157,10.868,0.000,0.541,0.314,42,43,7,critical_peak,0,184.248
Z03,industrial_edge,26,2024-01-27,5,1,22.981,15.805,62.273,3.853,16.742,6.153,0.538,0.285,18,12,17,critical_peak,0,239.573
Z04,older_residential,26,2024-01-27,5,1,20.766,12.942,,2.439,15.151,0.000,0.545,0.283,27,19,21,critical_peak,0,201.690
Z05,mixed_use,26,2024-01-27,5,1,20.440,12.265,60.440,1.461,8.621,0.000,0.561,0.311,36,28,10,critical_peak,0,200.086
Z06,coastal,26,2024-01-27,5,1,17.742,9.640,61.644,1.987,4.827,0.000,0.584,0.353,49,39,6,critical_peak,0,176.516
Z07,campus,26,2024-01-27,5,1,18.402,10.771,59.919,3.443,8.084,0.000,,0.389,39,31,8,critical_peak,0,200.281
Z08,suburban,26,2024-01-27,5,1,17.397,10.464,60.947,4.237,15.187,0.000,0.638,0.400,45,47,11,critical_peak,0,199.696
Z01,compact_urban,27,2024-01-28,6,1,19.639,13.603,69.385,3.916,5.437,0.000,0.546,0.350,23,9,13,flat,0,227.175
Z02,tree_rich,27,2024-01-28,6,1,19.056,12.437,68.334,4.150,11.345,0.000,0.537,0.308,42,43,7,flat,0,193.574
Z03,industrial_edge,27,2024-01-28,6,1,21.061,13.720,63.917,2.969,16.287,0.000,0.537,0.282,18,12,17,flat,0,247.369
Z04,older_residential,27,2024-01-28,6,1,19.947,12.008,62.759,1.663,13.976,0.000,0.546,0.286,27,19,21,flat,0,209.873
Z05,mixed_use,27,2024-01-28,6,1,21.407,13.209,58.974,1.660,8.032,0.000,0.564,0.317,36,28,10,flat,0,210.445
Z06,coastal,27,2024-01-28,6,1,19.236,11.211,59.733,2.963,5.609,0.000,0.589,0.360,49,39,6,flat,0,188.523
Z07,campus,27,2024-01-28,6,1,19.774,12.292,58.318,4.148,9.838,0.000,0.617,0.393,39,31,8,flat,0,211.127
Z08,suburban,27,2024-01-28,6,1,18.258,11.491,60.100,3.920,16.310,0.000,0.643,0.398,45,47,11,flat,0,207.408
Z01,compact_urban,28,2024-01-29,0,1,18.366,12.221,70.503,4.273,5.318,0.000,0.661,0.164,23,9,13,time_of_use,0,224.528
Z02,tree_rich,28,2024-01-29,0,1,19.030,12.248,67.951,3.483,12.275,0.000,0.654,0.123,42,43,7,time_of_use,0,188.217
Z03,industrial_edge,28,2024-01-29,0,1,22.068,14.570,62.334,2.027,16.824,0.000,0.656,0.101,18,12,17,time_of_use,0,241.220
Z04,older_residential,28,2024-01-29,0,1,22.091,14.057,59.936,1.495,13.882,7.423,0.668,0.109,27,19,21,time_of_use,0,205.423
Z05,mixed_use,28,2024-01-29,0,1,23.277,15.080,56.538,2.469,7.937,0.000,0.688,0.143,36,28,10,time_of_use,0,208.271
Z06,coastal,28,2024-01-29,0,1,19.079,11.151,59.670,3.884,5.949,0.000,0.714,0.186,49,39,6,time_of_use,0,186.526
Z07,campus,28,2024-01-29,0,1,18.165,10.840,60.034,4.195,10.431,0.000,0.742,0.215,39,31,8,time_of_use,0,206.446
Z08,suburban,28,2024-01-29,0,1,16.460,9.856,62.213,3.061,16.159,0.000,0.766,0.217,45,47,11,time_of_use,0,199.673
Z01,compact_urban,29,2024-01-30,1,1,20.342,14.071,68.017,3.916,6.662,0.000,0.656,0.157,23,9,13,critical_peak,0,219.741
Z02,tree_rich,29,2024-01-30,1,1,21.621,14.672,64.673,2.506,14.210,0.000,0.652,0.118,42,43,7,critical_peak,0,181.554
Z03,industrial_edge,29,2024-01-30,1,1,23.667,16.022,60.096,1.517,17.412,0.000,0.656,0.100,18,12,17,critical_peak,0,235.915
Z04,older_residential,29,2024-01-30,1,1,22.421,14.313,59.120,2.030,12.992,0.000,0.670,0.113,27,19,21,critical_peak,0,202.933
Z05,mixed_use,29,2024-01-30,1,1,21.813,13.641,57.793,3.484,6.667,0.000,0.692,0.150,36,28,10,critical_peak,0,207.063
Z06,coastal,29,2024-01-30,1,1,16.288,8.476,62.539,4.291,5.438,0.000,0.719,0.192,49,39,6,critical_peak,0,183.485
Z07,campus,29,2024-01-30,1,1,16.390,9.229,61.971,3.568,10.943,0.000,0.747,0.218,39,31,8,critical_peak,0,199.851
Z08,suburban,29,2024-01-30,1,1,16.837,10.387,61.971,2.106,16.644,0.000,0.769,0.214,45,47,11,critical_peak,0,191.211
Z01,compact_urban,30,2024-01-31,2,1,22.680,16.268,65.105,3.038,8.292,0.000,0.652,0.151,23,9,13,flat,0,223.996
Z02,tree_rich,30,2024-01-31,2,1,21.923,14.806,63.895,1.726,15.157,0.000,0.650,0.113,42,43,7,flat,0,186.397
Z03,industrial_edge,30,2024-01-31,2,1,21.992,14.212,61.459,1.709,16.507,0.000,0.657,0.100,18,12,17,flat,0,243.769
Z04,older_residential,30,2024-01-31,2,1,20.420,12.259,60.882,3.005,11.134,0.000,0.673,0.117,27,19,21,flat,0,212.924
Z05,mixed_use,30,2024-01-31,2,1,20.214,12.090,59.224,4.198,5.525,6.687,0.697,0.156,36,28,10,flat,0,216.202
Z06,coastal,30,2024-01-31,2,1,15.854,8.172,62.851,3.985,,0.000,0.725,0.197,49,39,6,flat,0,189.498
Z07,campus,30,2024-01-31,2,1,18.048,11.056,60.170,2.597,12.768,0.000,0.751,0.219,39,31,8,flat,0,203.416
Z08,suburban,30,2024-01-31,2,1,19.358,13.051,59.406,1.553,17.741,0.000,0.772,0.211,45,47,11,flat,0,195.571
Z01,compact_urban,31,2024-02-01,3,2,21.769,15.205,,2.096,8.742,0.000,0.649,0.144,23,9,13,time_of_use,0,215.560
Z02,tree_rich,31,2024-02-01,3,2,19.976,12.694,65.578,1.550,15.101,0.000,0.649,0.110,42,43,7,time_of_use,0,180.377
Z03,industrial_edge,31,2024-02-01,3,2,20.682,12.782,62.422,2.513,15.573,0.000,0.658,0.101,18,12,17,time_of_use,0,240.579
Z04,older_residential,31,2024-02-01,3,2,20.992,12.799,59.832,3.932,10.307,0.000,0.677,0.122,27,19,21,time_of_use,0,210.097
Z05,mixed_use,31,2024-02-01,3,2,21.676,13.621,57.317,4.256,5.806,0.000,0.702,0.163,36,28,10,time_of_use,0,211.297
Z06,coastal,31,2024-02-01,3,2,17.310,9.772,61.121,3.132,7.563,0.000,0.730,0.202,49,39,6,time_of_use,0,182.455
Z07,campus,31,2024-02-01,3,2,19.215,12.390,58.947,1.787,14.292,0.000,0.755,0.220,39,31,8,time_of_use,0,196.672
Z08,suburban,31,2024-02-01,3,2,19.107,12.930,59.923,1.692,17.480,0.000,0.774,0.207,45,47,11,time_of_use,0,191.780
Z01,compact_urban,32,2024-02-02,4,2,21.503,14.779,65.643,1.579,9.539,0.000,0.646,0.138,23,9,13,critical_peak,0,207.962
Z02,tree_rich,32,2024-02-02,4,2,20.663,13.220,64.355,2.078,15.971,0.000,0.648,0.106,42,43,7,critical_peak,1,197.901
Z03,industrial_edge,32,2024-02-02,4,2,22.521,14.519,59.927,3.531,15.737,0.000,0.660,0.102,18,12,17,critical_peak,0,237.976
Z04,older_residential,32,2024-02-02,4,2,23.040,14.840,57.178,4.349,10.108,0.000,0.681,0.127,27,19,21,critical_peak,0,206.758
Z05,mixed_use,32,2024-02-02,4,2,21.991,14.027,56.702,3.639,5.836,0.000,0.707,0.169,36,28,10,critical_peak,0,206.352
Z06,coastal,32,2024-02-02,4,2,15.949,8.567,62.526,2.177,8.064,6.962,0.735,0.207,49,39,6,critical_peak,0,177.396
Z07,campus,32,2024-02-02,4,2,17.524,10.863,60.906,1.560,14.531,0.000,0.759,0.220,39,31,8,critical_peak,0,193.681
Z08,suburban,32,2024-02-02,4,2,17.585,11.522,61.872,2.463,16.466,0.000,0.775,0.203,45,47,11,critical_peak,0,191.313
Z01,compact_urban,33,2024-02-03,5,2,24.122,17.233,62.350,1.762,11.547,7.047,0.524,0.312,23,9,13,flat,0,215.983
Z02,tree_rich,33,2024-02-03,5,2,22.423,14.830,61.943,3.052,17.119,0.000,,0.284,42,43,7,flat,0,186.808
Z03,industrial_edge,33,2024-02-03,5,2,23.043,14.959,58.889,4.253,15.232,0.000,0.542,0.284,18,12,17,flat,0,249.534
Z04,older_residential,33,2024-02-03,5,2,21.942,13.759,58.006,4.054,8.723,0.000,0.565,0.313,27,19,21,flat,0,216.935
Z05,mixed_use,33,2024-02-03,5,2,19.345,11.489,59.378,2.672,4.889,0.000,0.592,0.356,36,28,10,flat,0,215.683
Z06,coastal,33,2024-02-03,5,2,13.857,6.638,,1.617,8.346,0.000,0.619,0.390,49,39,6,flat,0,187.748
Z07,campus,33,2024-02-03,5,2,17.600,11.096,60.959,2.042,15.298,0.000,0.642,0.399,39,31,8,flat,0,205.941
Z08,suburban,33,2024-02-03,5,2,19.164,13.197,60.439,3.483,16.463,0.000,0.656,0.378,45,47,11,flat,0,204.129
Z01,compact_urban,34,2024-02-04,6,2,24.906,17.849,61.059,2.562,12.843,0.000,0.522,0.306,23,9,13,time_of_use,0,215.908
Z02,tree_rich,34,2024-02-04,6,2,20.931,13.198,63.105,3.985,16.800,0.000,0.529,0.282,42,43,7,time_of_use,0,186.689
Z03,industrial_edge,34,2024-02-04,6,2,20.912,12.767,60.780,4.323,13.548,0.000,0.546,0.287,18,12,17,time_of_use,0,248.043
Z04,older_residential,34,2024-02-04,6,2,20.194,12.050,59.573,3.208,7.183,0.000,0.570,0.319,27,19,21,time_of_use,0,213.466
Z05,mixed_use,34,2024-02-04,6,2,18.598,10.868,59.998,1.858,4.904,0.000,0.597,0.362,36,28,10,time_of_use,1,234.154
Z06,coastal,34,2024-02-04,6,2,15.182,8.129,63.300,1.748,10.026,0.000,0.624,0.394,49,39,6,time_of_use,0,185.820
Z07,campus,34,2024-02-04,6,2,20.260,13.904,58.205,2.998,16.896,7.175,0.644,0.398,39,31,8,time_of_use,0,205.121
Z08,suburban,34,2024-02-04,6,2,20.916,15.023,58.845,4.243,16.322,0.000,0.656,0.373,45,47,11,time_of_use,0,202.148
Z01,compact_urban,35,2024-02-05,0,2,23.025,15.801,62.682,3.582,13.061,0.000,0.641,0.121,23,9,13,critical_peak,0,213.152
Z02,tree_rich,35,2024-02-05,0,2,19.199,11.340,64.531,4.413,16.207,6.597,0.650,0.101,42,43,7,critical_peak,0,184.521
Z03,industrial_edge,35,2024-02-05,0,2,21.022,12.838,60.221,3.716,12.671,0.000,0.669,0.110,18,12,17,critical_peak,0,242.966
Z04,older_residential,35,2024-02-05,0,2,21.577,13.495,57.725,2.252,7.027,0.000,0.695,0.146,27,19,21,critical_peak,0,207.213
Z05,mixed_use,35,2024-02-05,0,2,20.134,12.544,58.143,1.622,6.021,0.000,0.723,0.188,36,28,10,critical_peak,0,207.449
Z06,coastal,35,2024-02-05,0,2,16.589,9.704,61.775,2.514,11.728,0.000,0.748,0.216,49,39,6,critical_peak,0,183.112
Z07,campus,35,2024-02-05,0,2,20.519,14.297,58.129,3.952,17.309,0.000,0.766,0.216,39,31,8,critical_peak,0,202.306
Z08,suburban,35,2024-02-05,0,2,19.382,13.544,60.892,4.366,14.690,0.000,0.775,0.187,45,47,11,critical_peak,0,196.704
Z01,compact_urban,36,2024-02-06,1,2,23.415,16.029,61.795,4.313,14.140,0.000,0.640,0.116,23,9,13,flat,0,223.499
Z02,tree_rich,36,2024-02-06,1,2,20.690,12.723,62.413,4.129,16.721,0.000,0.652,0.100,42,43,7,flat,0,191.795
Z03,industrial_edge,36,2024-02-06,1,2,23.136,14.936,57.474,2.751,12.536,0.000,0.673,0.114,18,12,17,flat,0,248.218
Z04,older_residential,36,2024-02-06,1,2,22.369,14.369,56.555,1.686,6.791,0.000,0.700,0.152,27,19,21,flat,0,213.654
Z05,mixed_use,36,2024-02-06,1,2,19.095,11.657,59.157,2.097,6.276,0.000,0.727,0.194,36,28,10,flat,0,216.705
Z06,coastal,36,2024-02-06,1,2,15.014,8.295,63.568,3.536,12.183,0.000,,0.218,49,39,6,flat,0,193.397
Z07,campus,36,2024-02-06,1,2,19.029,12.928,60.009,4.429,,0.000,0.767,0.213,39,31,8,flat,0,210.534
Z08,suburban,36,2024-02-06,1,2,18.606,12.798,62.130,3.801,13.222,6.453,0.774,0.181,45,47,11,flat,1,223.509
Z01,compact_urban,37,2024-02-07,2,2,25.335,17.794,59.215,4.395,,0.000,0.640,0.112,23,9,13,time_of_use,0,221.173
Z02,tree_rich,37,2024-02-07,2,2,21.383,13.326,61.179,3.289,16.735,0.000,0.655,0.100,42,43,7,time_of_use,0,184.318
Z03,industrial_edge,37,2024-02-07,2,2,22.390,14.198,57.892,1.933,11.233,7.499,0.678,0.119,18,12,17,time_of_use,0,241.095
Z04,older_residential,37,2024-02-07,2,2,19.974,12.077,58.921,1.808,5.453,0.000,0.705,0.159,27,19,21,time_of_use,0,209.401
Z05,mixed_use,37,2024-02-07,2,2,16.769,9.490,61.624,3.052,6.159,0.000,0.732,0.199,36,28,10,time_of_use,0,214.587
Z06,coastal,37,2024-02-07,2,2,14.742,8.183,63.967,4.304,13.065,0.000,0.754,0.219,49,39,6,time_of_use,0,190.207
Z07,campus,37,2024-02-07,2,2,20.469,14.470,58.699,4.197,17.198,0.000,0.768,0.210,39,31,8,time_of_use,0,204.202
Z08,suburban,37,2024-02-07,2,2,20.801,15.000,60.121,2.847,12.844,0.000,0.772,0.175,45,47,11,time_of_use,0,193.070
Z01,compact_urban,38,2024-02-08,3,2,24.120,16.435,60.076,3.796,15.991,0.000,0.641,0.108,23,9,13,critical_peak,0,211.352
Z02,tree_rich,38,2024-02-08,3,2,19.161,11.035,63.159,2.333,15.410,0.000,0.658,0.101,42,43,7,critical_peak,0,176.440
Z03,industrial_edge,38,2024-02-08,3,2,20.508,12.347,,1.690,9.483,0.000,0.683,0.124,18,12,17,critical_peak,0,235.300
Z04,older_residential,38,2024-02-08,3,2,18.976,11.199,59.783,2.569,4.859,0.000,0.710,0.165,27,19,21,critical_peak,0,206.432
Z05,mixed_use,38,2024-02-08,3,2,17.723,10.610,60.521,4.011,7.467,0.000,0.736,0.204,36,28,10,critical_peak,0,212.083
Z06,coastal,38,2024-02-08,3,2,17.420,11.012,61.157,4.439,14.998,0.000,0.757,0.220,49,39,6,critical_peak,0,185.479
Z07,campus,38,2024-02-08,3,2,22.618,16.701,56.640,3.385,17.660,0.000,0.768,0.206,39,31,8,critical_peak,0,197.392
Z08,suburban,38,2024-02-08,3,2,21.275,15.459,60.024,2.002,11.727,0.000,0.769,0.168,45,47,11,critical_peak,0,186.802
Z01,compact_urban,39,2024-02-09,4,2,22.060,14.244,61.863,2.835,15.756,0.000,0.643,0.105,23,9,13,flat,0,215.239
Z02,tree_rich,39,2024-02-09,4,2,18.767,10.594,63.139,1.760,14.658,0.000,0.662,0.103,42,43,7,flat,0,181.670
Z03,industrial_edge,39,2024-02-09,4,2,21.747,13.640,57.865,2.157,9.024,0.000,0.688,0.130,18,12,17,flat,0,243.500
Z04,older_residential,39,2024-02-09,4,2,20.590,12.949,57.807,3.593,5.499,6.056,0.715,0.172,27,19,21,flat,0,216.687
Z05,mixed_use,39,2024-02-09,4,2,19.317,12.372,58.751,4.498,9.107,0.000,0.740,0.208,36,28,10,flat,0,221.558
Z06,coastal,39,2024-02-09,4,2,18.146,11.878,60.531,3.883,15.988,0.000,0.758,0.220,49,39,6,flat,0,192.890
Z07,campus,39,2024-02-09,4,2,21.445,15.590,58.263,2.421,16.577,0.000,0.767,0.201,39,31,8,flat,0,204.447
Z08,suburban,39,2024-02-09,4,2,19.359,13.504,62.573,1.709,9.648,0.000,0.766,0.161,45,47,11,flat,0,195.884
Z01,compact_urban,40,2024-02-10,5,2,23.189,15.258,60.142,2.013,16.634,0.000,0.525,0.283,23,9,13,time_of_use,0,209.403
Z02,tree_rich,40,2024-02-10,5,2,20.835,12.638,60.427,1.874,14.749,0.000,0.546,0.285,42,43,7,time_of_use,0,178.705
Z03,industrial_edge,40,2024-02-10,5,2,22.986,14.955,56.175,3.109,8.640,0.000,0.573,0.315,18,12,17,time_of_use,0,243.593
Z04,older_residential,40,2024-02-10,5,2,19.947,12.454,58.348,4.369,5.425,0.000,0.600,0.358,27,19,21,time_of_use,0,217.359
Z05,mixed_use,40,2024-02-10,5,2,17.879,11.101,60.356,4.277,9.574,0.000,0.624,0.392,36,28,10,time_of_use,0,220.214
Z06,coastal,40,2024-02-10,5,2,16.714,10.571,62.314,2.933,15.928,0.000,0.640,0.399,49,39,6,time_of_use,0,189.789
Z07,campus,40,2024-02-10,5,2,20.425,14.609,59.744,1.807,15.358,0.000,0.646,0.376,39,31,8,time_of_use,0,202.022
Z08,suburban,40,2024-02-10,5,2,20.004,14.087,,2.128,8.636,0.000,0.643,0.335,45,47,11,time_of_use,0,195.466
Z01,compact_urban,41,2024-02-11,6,2,24.043,16.016,58.725,1.762,17.222,0.000,0.527,0.281,23,9,13,critical_peak,0,205.733
Z02,tree_rich,41,2024-02-11,6,2,20.411,12.214,60.471,2.630,13.729,0.000,0.550,0.288,42,43,7,critical_peak,0,178.314
Z03,industrial_edge,41,2024-02-11,6,2,20.927,12.991,58.141,4.074,7.039,0.000,0.578,0.322,18,12,17,critical_peak,0,244.446
Z04,older_residential,41,2024-02-11,6,2,17.492,10.155,60.920,4.515,4.804,0.000,0.605,0.364,27,19,21,critical_peak,0,216.294
Z05,mixed_use,41,2024-02-11,6,2,17.230,10.614,61.131,3.472,10.358,7.898,0.627,0.395,36,28,10,critical_peak,0,216.132
Z06,coastal,41,2024-02-11,6,2,17.967,11.934,61.177,2.084,16.737,0.000,0.640,0.397,49,39,6,critical_peak,0,184.810
Z07,campus,41,2024-02-11,6,2,22.494,16.693,57.853,1.868,15.209,0.000,0.644,0.371,39,31,8,critical_peak,0,198.726
Z08,suburban,41,2024-02-11,6,2,22.339,16.340,60.216,3.060,8.388,0.000,0.638,0.328,45,47,11,critical_peak,0,193.788
Z01,compact_urban,42,2024-02-12,0,2,21.791,13.687,60.730,2.222,16.378,0.000,0.651,0.100,23,9,13,flat,0,216.107
Z02,tree_rich,42,2024-02-12,0,2,18.402,10.228,62.279,3.654,11.987,0.000,0.675,0.112,42,43,7,flat,0,190.156
Z03,industrial_edge,42,2024-02-12,0,2,19.736,11.915,59.183,4.571,5.915,0.000,0.703,0.148,18,12,17,flat,0,254.497
Z04,older_residential,42,2024-02-12,0,2,18.071,10.899,60.191,3.970,5.563,0.000,0.729,0.190,27,19,21,flat,0,222.810
Z05,mixed_use,42,2024-02-12,0,2,19.803,13.342,58.400,2.508,12.394,0.000,0.749,0.217,36,28,10,flat,0,220.549
Z06,coastal,42,2024-02-12,0,2,20.463,14.519,58.705,1.783,17.826,0.000,0.760,0.215,49,39,6,flat,0,190.377
Z07,campus,42,2024-02-12,0,2,23.280,17.472,57.395,2.587,14.415,0.000,0.761,0.185,39,31,8,flat,0,206.774
Z08,suburban,42,2024-02-12,0,2,21.694,15.592,61.399,4.041,,0.000,0.754,0.142,45,47,11,flat,0,202.351
Z01,compact_urban,43,2024-02-13,1,2,20.882,12.723,61.266,3.172,15.877,0.000,,0.100,23,9,13,time_of_use,0,215.946
Z02,tree_rich,43,2024-02-13,1,2,19.422,11.293,60.778,4.439,,0.000,0.680,0.116,42,43,7,time_of_use,0,188.683
Z03,industrial_edge,43,2024-02-13,1,2,21.420,13.729,57.095,4.361,6.092,0.000,0.708,0.154,18,12,17,time_of_use,0,249.734
Z04,older_residential,43,2024-02-13,1,2,19.813,12.808,58.222,3.023,6.931,0.000,0.733,0.196,27,19,21,time_of_use,0,215.509
Z05,mixed_use,43,2024-02-13,1,2,20.935,14.618,57.291,1.887,13.780,0.000,0.751,0.219,36,28,10,time_of_use,0,213.661
Z06,coastal,43,2024-02-13,1,2,19.719,13.844,59.829,2.195,17.399,5.475,0.759,0.212,49,39,6,time_of_use,0,186.159
Z07,campus,43,2024-02-13,1,2,21.286,15.447,60.013,3.610,12.419,0.000,0.758,0.179,39,31,8,time_of_use,0,204.157
Z08,suburban,43,2024-02-13,1,2,20.394,14.172,63.308,4.585,5.672,0.000,0.749,0.136,45,47,11,time_of_use,0,198.239
Z01,compact_urban,44,2024-02-14,2,2,22.803,14.612,58.701,4.141,16.315,8.153,0.659,0.100,23,9,13,critical_peak,0,213.727
Z02,tree_rich,44,2024-02-14,2,2,21.046,12.985,58.637,4.596,11.033,0.000,0.685,0.121,42,43,7,critical_peak,0,184.002
Z03,industrial_edge,44,2024-02-14,2,2,21.238,13.690,57.095,3.564,5.688,0.000,0.713,0.161,18,12,17,critical_peak,0,242.550
Z04,older_residential,44,2024-02-14,2,2,18.547,11.709,59.599,2.171,7.215,0.000,0.736,0.201,27,19,21,critical_peak,0,208.028
Z05,mixed_use,44,2024-02-14,2,2,19.568,13.383,58.966,1.940,14.059,0.000,0.752,0.220,36,28,10,critical_peak,0,208.280
Z06,coastal,44,2024-02-14,2,2,18.532,12.704,61.468,3.124,16.580,0.000,0.757,0.208,49,39,6,critical_peak,0,182.957
Z07,campus,44,2024-02-14,2,2,21.418,15.525,60.309,4.428,11.225,0.000,0.754,0.172,39,31,8,critical_peak,0,200.552
Z08,suburban,44,2024-02-14,2,2,22.320,15.963,61.668,4.428,5.756,0.000,0.744,0.130,45,47,11,critical_peak,0,192.091
Z01,compact_urban,45,2024-02-15,3,2,22.665,14.466,58.413,4.648,15.749,0.000,0.663,0.102,23,9,13,flat,0,221.794
Z02,tree_rich,45,2024-02-15,3,2,19.377,11.405,60.144,4.060,9.360,0.000,0.691,0.126,42,43,7,flat,0,189.662
Z03,industrial_edge,45,2024-02-15,3,2,18.772,11.378,59.641,2.599,4.547,0.000,0.717,0.168,18,12,17,flat,0,247.217
Z04,older_residential,45,2024-02-15,3,2,17.518,10.845,60.753,1.862,7.684,0.000,0.739,0.205,27,19,21,flat,0,214.026
Z05,mixed_use,45,2024-02-15,3,2,20.578,14.507,,2.653,15.152,0.000,0.752,0.220,36,28,10,flat,0,216.556
Z06,coastal,45,2024-02-15,3,2,20.466,14.662,59.700,4.109,16.807,0.000,0.755,0.204,49,39,6,flat,0,192.035
Z07,campus,45,2024-02-15,3,2,23.674,17.706,58.283,4.639,10.877,8.240,0.750,0.166,39,31,8,flat,0,208.069
Z08,suburban,45,2024-02-15,3,2,23.842,17.337,60.473,3.662,5.899,0.000,0.739,0.124,45,47,11,flat,0,197.926
Z01,compact_urban,46,2024-02-16,4,2,20.537,12.352,60.333,4.449,14.220,0.000,0.668,0.104,23,9,13,time_of_use,0,216.756
Z02,tree_rich,46,2024-02-16,4,2,18.040,10.176,61.316,3.117,7.864,5.032,0.696,0.132,42,43,7,time_of_use,0,182.880
Z03,industrial_edge,46,2024-02-16,4,2,18.998,11.767,59.263,1.973,4.663,0.000,0.722,0.174,18,12,17,time_of_use,0,241.160
Z04,older_residential,46,2024-02-16,4,2,19.876,13.361,58.221,2.266,9.566,0.000,0.741,0.209,27,19,21,time_of_use,0,210.353
Z05,mixed_use,46,2024-02-16,4,2,23.342,17.368,55.265,3.677,16.784,0.000,,0.220,36,28,10,time_of_use,0,214.635
Z06,coastal,46,2024-02-16,4,2,21.595,15.792,58.842,4.663,16.529,0.000,0.752,0.199,49,39,6,time_of_use,0,189.633
Z07,campus,46,2024-02-16,4,2,23.190,17.127,59.280,4.148,9.473,0.000,0.745,0.159,39,31,8,time_of_use,0,203.802
Z08,suburban,46,2024-02-16,4,2,22.141,15.479,62.818,2.693,4.990,0.000,0.734,0.119,45,47,11,time_of_use,0,193.222
Z01,compact_urban,47,2024-02-17,5,2,21.257,13.110,59.139,3.659,13.686,0.000,0.553,0.286,23,9,13,critical_peak,1,233.954
Z02,tree_rich,47,2024-02-17,5,2,19.771,12.032,59.144,2.262,7.674,0.000,0.581,0.318,42,43,7,critical_peak,0,178.230
Z03,industrial_edge,47,2024-02-17,5,2,20.863,13.798,57.120,2.017,5.613,0.000,0.605,0.360,18,12,17,critical_peak,0,239.117
Z04,older_residential,47,2024-02-17,5,2,21.339,14.973,56.710,3.192,11.113,0.000,0.623,0.393,27,19,21,critical_peak,0,210.776
Z05,mixed_use,47,2024-02-17,5,2,23.060,17.164,55.848,4.502,17.017,0.000,0.631,0.398,36,28,10,critical_peak,0,215.192
Z06,coastal,47,2024-02-17,5,2,19.634,13.809,61.405,4.517,14.858,0.000,0.629,0.374,49,39,6,critical_peak,0,188.055
Z07,campus,47,2024-02-17,5,2,21.530,15.353,61.580,3.219,7.683,0.000,0.620,0.333,39,31,8,critical_peak,0,200.177
Z08,suburban,47,2024-02-17,5,2,21.654,14.828,63.820,2.028,4.811,4.862,0.609,0.295,45,47,11,critical_peak,0,190.094
Z01,compact_urban,48,2024-02-18,6,2,23.178,15.091,56.646,2.695,13.515,0.000,0.558,0.289,23,9,13,flat,0,218.821
Z02,tree_rich,48,2024-02-18,6,2,20.095,12.495,58.552,1.944,7.029,0.000,0.586,0.324,42,43,7,flat,0,187.517
Z03,industrial_edge,48,2024-02-18,6,2,19.821,12.924,58.213,2.724,5.570,8.451,0.609,0.366,18,12,17,flat,0,251.347
Z04,older_residential,48,2024-02-18,6,2,20.041,13.811,58.274,4.181,11.544,0.000,0.624,0.396,27,19,21,flat,0,223.429
Z05,mixed_use,48,2024-02-18,6,2,21.772,15.930,57.571,4.724,16.653,0.000,0.629,0.396,36,28,10,flat,0,225.320
Z06,coastal,48,2024-02-18,6,2,19.289,13.418,62.209,3.759,13.708,0.000,0.625,0.368,49,39,6,flat,0,194.910
Z07,campus,48,2024-02-18,6,2,23.053,16.746,60.382,2.341,7.289,0.000,0.615,0.326,39,31,8,flat,0,205.909
Z08,suburban,48,2024-02-18,6,2,23.715,16.722,62.009,2.019,5.891,0.000,0.604,0.291,45,47,11,flat,0,197.747
Z01,compact_urban,49,2024-02-19,0,2,21.924,13.919,57.670,2.062,11.988,0.000,0.683,0.113,23,9,13,time_of_use,0,214.726
Z02,tree_rich,49,2024-02-19,0,2,17.741,10.291,60.941,2.341,5.446,0.000,0.710,0.150,42,43,7,time_of_use,0,186.270
Z03,industrial_edge,49,2024-02-19,0,2,18.441,11.710,59.716,3.748,,0.000,0.731,0.192,18,12,17,time_of_use,0,250.980
Z04,older_residential,49,2024-02-19,0,2,20.742,14.633,57.675,4.745,12.729,0.000,0.744,0.218,27,19,21,time_of_use,1,242.547
Z05,mixed_use,49,2024-02-19,0,2,23.557,17.748,55.940,4.243,17.321,0.000,0.747,0.214,36,28,10,time_of_use,0,218.563
Z06,coastal,49,2024-02-19,0,2,21.422,15.483,60.304,2.790,13.460,0.000,0.741,0.183,49,39,6,time_of_use,0,186.048
Z07,campus,49,2024-02-19,0,2,24.779,18.329,58.964,1.974,7.133,0.000,0.730,0.140,39,31,8,time_of_use,0,199.083
Z08,suburban,49,2024-02-19,0,2,23.414,16.253,62.783,2.687,6.255,0.000,0.719,0.107,45,47,11,time_of_use,0,193.110
Z01,compact_urban,50,2024-02-20,1,2,20.473,12.569,58.938,2.098,10.330,0.000,0.689,0.118,23,9,13,critical_peak,0,212.622
Z02,tree_rich,50,2024-02-20,1,2,17.656,10.366,,3.264,4.927,0.000,0.714,0.157,42,43,7,critical_peak,0,185.727
Z03,industrial_edge,50,2024-02-20,1,2,20.494,13.923,57.480,4.581,7.035,0.000,0.734,0.198,18,12,17,critical_peak,0,248.944
Z04,older_residential,50,2024-02-20,1,2,23.670,17.664,54.662,4.610,14.727,4.397,0.744,0.219,27,19,21,critical_peak,0,214.857
Z05,mixed_use,50,2024-02-20,1,2,25.048,19.248,54.660,3.319,17.673,0.000,0.744,0.211,36,28,10,critical_peak,0,211.571
Z06,coastal,50,2024-02-20,1,2,21.121,15.094,61.091,2.119,12.188,0.000,0.736,0.176,49,39,6,critical_peak,0,178.272
Z07,campus,50,2024-02-20,1,2,23.236,16.631,61.140,2.321,5.856,0.000,0.725,0.134,39,31,8,critical_peak,0,193.243
Z08,suburban,50,2024-02-20,1,2,20.952,13.627,65.918,3.704,5.965,0.000,0.714,0.104,45,47,11,critical_peak,0,190.308
Z01,compact_urban,51,2024-02-21,2,2,22.211,14.425,56.729,2.799,9.934,0.000,0.694,0.123,23,9,13,flat,0,221.921
Z02,tree_rich,51,2024-02-21,2,2,19.632,12.507,58.567,4.257,5.403,0.000,0.718,0.163,42,43,7,flat,0,195.371
Z03,industrial_edge,51,2024-02-21,2,2,22.216,15.797,55.647,4.814,8.501,0.000,0.735,0.202,18,12,17,flat,0,256.118
Z04,older_residential,51,2024-02-21,2,2,23.854,17.932,54.701,3.860,15.519,0.000,0.742,0.220,27,19,21,flat,0,219.220
Z05,mixed_use,51,2024-02-21,2,2,23.233,17.419,57.040,2.438,16.514,0.000,0.741,0.207,36,28,10,flat,0,214.301
Z06,coastal,51,2024-02-21,2,2,19.138,13.003,63.738,2.102,10.233,0.000,0.732,0.170,49,39,6,flat,0,184.403
Z07,campus,51,2024-02-21,2,2,22.433,15.666,62.497,3.219,5.083,0.000,0.720,0.128,39,31,8,flat,1,223.743
Z08,suburban,51,2024-02-21,2,2,21.198,13.714,66.055,4.568,6.940,0.000,0.710,0.102,45,47,11,flat,0,199.138
Z01,compact_urban,52,2024-02-22,3,2,23.060,15.408,55.527,3.822,9.205,0.000,0.698,0.128,23,9,13,time_of_use,0,219.235
Z02,tree_rich,52,2024-02-22,3,2,18.876,11.919,59.306,4.831,4.969,0.000,0.721,0.170,42,43,7,time_of_use,0,191.942
Z03,industrial_edge,52,2024-02-22,3,2,20.986,14.709,57.098,4.342,8.870,0.000,0.736,0.207,18,12,17,time_of_use,0,249.997
Z04,older_residential,52,2024-02-22,3,2,22.513,16.654,56.451,2.891,15.567,0.000,0.741,0.220,27,19,21,time_of_use,0,211.682
Z05,mixed_use,52,2024-02-22,3,2,22.473,16.621,58.282,2.063,15.603,8.687,0.737,0.202,36,28,10,time_of_use,0,208.110
Z06,coastal,52,2024-02-22,3,2,20.183,13.924,63.062,2.763,9.519,0.000,0.727,0.163,49,39,6,time_of_use,0,180.669
Z07,campus,52,2024-02-22,3,2,24.495,17.562,,4.226,5.678,0.000,0.715,0.122,39,31,8,time_of_use,0,199.728
Z08,suburban,52,2024-02-22,3,2,22.463,14.831,65.049,4.853,8.470,0.000,0.706,0.101,45,47,11,time_of_use,0,195.724
Z01,compact_urban,53,2024-02-23,4,2,20.928,13.424,57.636,4.663,7.344,0.000,0.703,0.134,23,9,13,critical_peak,0,217.048
Z02,tree_rich,53,2024-02-23,4,2,17.203,10.414,61.092,4.706,4.354,0.000,0.724,0.176,42,43,7,critical_peak,0,187.618
Z03,industrial_edge,53,2024-02-23,4,2,21.320,15.169,56.867,3.423,9.917,0.000,0.736,0.211,18,12,17,critical_peak,0,243.417
Z04,older_residential,53,2024-02-23,4,2,24.124,18.305,54.984,2.214,16.640,0.000,0.738,0.219,27,19,21,critical_peak,0,205.773
Z05,mixed_use,53,2024-02-23,4,2,24.459,18.547,56.523,2.402,15.638,0.000,0.732,0.197,36,28,10,critical_peak,0,205.215
Z06,coastal,53,2024-02-23,4,2,22.020,15.622,61.519,3.780,9.192,0.000,0.721,0.157,49,39,6,critical_peak,0,179.233
Z07,campus,53,2024-02-23,4,2,24.673,17.572,60.955,4.843,5.748,0.000,0.710,0.118,39,31,8,critical_peak,0,198.245
Z08,suburban,53,2024-02-23,4,2,20.509,12.741,67.560,4.429,8.821,0.000,0.703,0.100,45,47,11,critical_peak,0,192.403
Z01,compact_urban,54,2024-02-24,5,2,20.585,13.237,57.813,4.906,6.292,0.000,0.587,0.320,23,9,13,flat,0,227.281
Z02,tree_rich,54,2024-02-24,5,2,18.893,12.266,59.218,3.964,5.268,0.000,0.606,0.363,42,43,7,flat,0,195.417
Z03,industrial_edge,54,2024-02-24,5,2,24.290,18.250,53.772,2.538,12.038,0.000,0.615,0.394,18,12,17,flat,0,251.459
Z04,older_residential,54,2024-02-24,5,2,25.973,20.172,53.282,2.188,17.638,0.000,0.615,0.398,27,19,21,flat,0,218.865
Z05,mixed_use,54,2024-02-24,5,2,24.373,18.380,57.058,3.296,14.718,0.000,0.608,0.372,36,28,10,flat,0,217.862
Z06,coastal,54,2024-02-24,5,2,20.633,14.084,63.525,4.651,7.680,3.740,0.596,0.330,49,39,6,flat,0,192.112
Z07,campus,54,2024-02-24,5,2,22.302,15.035,64.007,4.772,5.023,0.000,0.586,0.293,39,31,8,flat,0,208.157
Z08,suburban,54,2024-02-24,5,2,18.489,10.600,70.117,3.528,9.210,0.000,0.580,0.280,45,47,11,flat,0,200.850
Z01,compact_urban,55,2024-02-25,6,2,22.663,15.479,55.361,4.445,6.336,8.818,0.590,0.326,23,9,13,time_of_use,0,223.342
Z02,tree_rich,55,2024-02-25,6,2,20.806,14.335,57.136,2.996,6.446,0.000,0.607,0.369,42,43,7,time_of_use,0,190.559
Z03,industrial_edge,55,2024-02-25,6,2,24.911,18.961,53.298,2.156,13.204,0.000,0.614,0.396,18,12,17,time_of_use,0,249.692
Z04,older_residential,55,2024-02-25,6,2,24.409,18.602,55.363,2.843,,0.000,0.612,0.396,27,19,21,time_of_use,0,216.109
Z05,mixed_use,55,2024-02-25,6,2,22.133,16.039,59.977,4.306,12.840,0.000,0.603,0.366,36,28,10,time_of_use,0,217.822
Z06,coastal,55,2024-02-25,6,2,19.488,12.780,65.262,4.947,6.403,0.000,0.591,0.324,49,39,6,time_of_use,0,189.854
Z07,campus,55,2024-02-25,6,2,22.325,14.897,64.407,4.065,5.470,0.000,0.581,0.289,39,31,8,time_of_use,0,202.569
Z08,suburban,55,2024-02-25,6,2,19.774,11.781,69.011,2.624,10.941,0.000,0.578,0.281,45,47,11,time_of_use,0,194.163
Z01,compact_urban,56,2024-02-26,0,2,22.264,15.247,55.671,3.530,5.542,0.000,0.714,0.153,23,9,13,critical_peak,0,217.998
Z02,tree_rich,56,2024-02-26,0,2,19.656,13.329,58.463,2.313,6.558,0.000,0.728,0.194,42,43,7,critical_peak,0,185.883
Z03,industrial_edge,56,2024-02-26,0,2,23.548,17.669,55.038,2.486,13.529,0.000,0.732,0.218,18,12,17,critical_peak,0,245.409
Z04,older_residential,56,2024-02-26,0,2,23.308,17.472,56.958,3.860,16.543,0.000,,0.213,27,19,21,critical_peak,0,214.040
Z05,mixed_use,56,2024-02-26,0,2,22.656,16.444,59.867,4.933,12.005,0.000,0.718,0.180,36,28,10,critical_peak,0,214.244
Z06,coastal,56,2024-02-26,0,2,21.447,14.574,63.582,4.533,6.532,0.000,0.706,0.137,49,39,6,critical_peak,0,182.513
Z07,campus,56,2024-02-26,0,2,23.860,16.280,63.126,3.097,6.719,8.858,0.698,0.106,39,31,8,critical_peak,0,193.390
Z08,suburban,56,2024-02-26,0,2,20.276,12.199,68.735,2.194,12.331,0.000,0.697,0.102,45,47,11,critical_peak,0,186.393
Z01,compact_urban,57,2024-02-27,1,2,20.385,13.536,57.646,2.643,4.333,0.000,0.716,0.159,23,9,13,flat,0,225.102
Z02,tree_rich,57,2024-02-27,1,2,19.575,13.381,58.650,2.278,7.237,3.250,0.728,0.199,42,43,7,flat,0,194.321
Z03,industrial_edge,57,2024-02-27,1,2,24.943,19.113,53.777,3.376,14.879,0.000,0.730,0.220,18,12,17,flat,0,257.213
Z04,older_residential,57,2024-02-27,1,2,25.137,19.249,,4.737,16.986,0.000,0.724,0.209,27,19,21,flat,0,224.990
Z05,mixed_use,57,2024-02-27,1,2,24.520,18.174,58.290,4.873,11.680,0.000,0.713,0.174,36,28,10,flat,0,220.845
Z06,coastal,57,2024-02-27,1,2,22.070,15.028,63.363,3.636,6.313,0.000,0.701,0.131,49,39,6,flat,0,186.149
Z07,campus,57,2024-02-27,1,2,22.299,14.578,65.229,2.378,6.899,0.000,0.695,0.104,39,31,8,flat,0,197.847
Z08,suburban,57,2024-02-27,1,2,18.037,9.897,71.442,2.473,12.553,0.000,0.696,0.104,45,47,11,flat,0,193.743
Z01,compact_urban,58,2024-02-28,2,2,21.681,14.996,56.167,2.252,4.585,0.000,0.718,0.166,23,9,13,time_of_use,0,219.111
Z02,tree_rich,58,2024-02-28,2,2,22.461,16.383,55.612,2.926,9.216,0.000,0.727,0.204,42,43,7,time_of_use,0,190.250
Z03,industrial_edge,58,2024-02-28,2,2,27.120,21.316,51.687,4.389,16.433,0.000,0.727,0.220,18,12,17,time_of_use,0,258.329
Z04,older_residential,58,2024-02-28,2,2,25.309,19.348,55.587,5.043,16.595,0.000,0.719,0.205,27,19,21,time_of_use,0,220.292
Z05,mixed_use,58,2024-02-28,2,2,23.288,16.794,60.125,4.173,10.126,0.000,0.707,0.167,36,28,10,time_of_use,0,212.784
Z06,coastal,58,2024-02-28,2,2,19.845,12.636,66.267,2.729,5.155,0.000,0.697,0.126,49,39,6,time_of_use,0,178.479
Z07,campus,58,2024-02-28,2,2,20.074,12.226,68.038,2.290,6.953,0.000,0.692,0.102,39,31,8,time_of_use,0,192.611
Z08,suburban,58,2024-02-28,2,2,17.854,9.673,71.853,3.335,13.484,3.065,0.696,0.107,45,47,11,time_of_use,0,191.009
Z01,compact_urban,59,2024-02-29,3,2,23.734,17.208,53.892,2.574,5.342,0.000,0.719,0.172,23,9,13,critical_peak,0,213.810
Z02,tree_rich,59,2024-02-29,3,2,23.464,17.484,54.681,3.942,10.525,0.000,0.726,0.208,42,43,7,critical_peak,0,186.989
Z03,industrial_edge,59,2024-02-29,3,2,25.891,20.089,53.372,5.025,16.492,8.941,0.723,0.220,18,12,17,critical_peak,0,252.200
Z04,older_residential,59,2024-02-29,3,2,22.904,16.848,58.674,4.639,15.015,0.000,0.714,0.201,27,19,21,critical_peak,0,212.268
Z05,mixed_use,59,2024-02-29,3,2,21.787,15.137,62.255,3.206,8.511,0.000,0.702,0.161,36,28,10,critical_peak,0,205.595
Z06,coastal,59,2024-02-29,3,2,19.648,12.276,66.926,2.292,5.015,0.000,0.693,0.121,49,39,6,critical_peak,0,172.811
Z07,campus,59,2024-02-29,3,2,21.136,13.178,67.206,2.896,8.425,0.000,0.690,0.100,39,31,8,critical_peak,0,189.915
Z08,suburban,59,2024-02-29,3,2,20.216,12.016,69.431,4.358,15.280,0.000,,0.111,45,47,11,critical_peak,0,189.696
Z01,compact_urban,60,2024-03-01,4,3,22.685,16.308,55.069,3.460,5.061,0.000,0.720,0.179,23,9,13,flat,0,223.097
Z02,tree_rich,60,2024-03-01,4,3,22.095,16.193,56.395,4.826,10.935,0.000,0.724,0.212,42,43,7,flat,0,196.703
Z03,industrial_edge,60,2024-03-01,4,3,24.531,18.708,55.229,4.976,16.344,0.000,0.719,0.219,18,12,17,flat,0,257.146
Z04,older_residential,60,2024-03-01,4,3,22.897,16.728,59.137,3.747,14.258,0.000,0.709,0.196,27,19,21,flat,0,217.959
Z05,mixed_use,60,2024-03-01,4,3,23.534,16.720,60.812,2.482,8.275,0.000,0.697,0.154,36,28,10,flat,0,211.810
Z06,coastal,60,2024-03-01,4,3,21.427,13.900,65.395,2.562,5.871,0.000,0.689,0.116,49,39,6,flat,0,182.104
Z07,campus,60,2024-03-01,4,3,21.925,13.876,66.645,3.901,9.850,0.000,0.689,0.100,39,31,8,flat,0,201.789
Z08,suburban,60,2024-03-01,4,3,20.175,11.981,69.616,5.035,15.932,0.000,0.698,0.115,45,47,11,flat,0,201.224
Z01,compact_urban,61,2024-03-02,5,3,22.168,15.929,55.699,4.476,5.191,0.000,0.600,0.365,23,9,13,time_of_use,0,223.054
Z02,tree_rich,61,2024-03-02,5,3,23.222,17.377,55.397,5.143,12.359,0.000,0.602,0.395,42,43,7,time_of_use,0,194.860
Z03,industrial_edge,61,2024-03-02,5,3,26.199,20.332,53.778,4.284,17.238,0.000,0.595,0.397,18,12,17,time_of_use,0,256.350
Z04,older_residential,61,2024-03-02,5,3,24.720,18.422,57.598,2.838,14.121,2.567,0.584,0.370,27,19,21,time_of_use,0,214.726
Z05,mixed_use,61,2024-03-02,5,3,24.538,17.557,60.182,2.385,,0.000,0.573,0.328,36,28,10,time_of_use,0,210.640
Z06,coastal,61,2024-03-02,5,3,20.338,12.666,67.000,3.420,5.779,0.000,0.566,0.292,49,39,6,time_of_use,0,183.448
Z07,campus,61,2024-03-02,5,3,19.744,11.624,69.320,4.812,10.108,0.000,0.568,0.280,39,31,8,time_of_use,0,203.557
Z08,suburban,61,2024-03-02,5,3,18.774,10.610,71.257,5.040,15.831,0.000,0.580,0.299,45,47,11,time_of_use,0,200.276
Z01,compact_urban,62,2024-03-03,6,3,24.848,18.730,,5.120,6.785,0.000,0.599,0.371,23,9,13,critical_peak,0,223.271
Z02,tree_rich,62,2024-03-03,6,3,25.664,19.853,52.984,4.749,14.289,0.000,0.598,0.397,42,43,7,critical_peak,0,191.651
Z03,industrial_edge,62,2024-03-03,6,3,26.672,20.739,53.663,3.318,17.474,0.000,0.590,0.395,18,12,17,critical_peak,0,252.170
Z04,older_residential,62,2024-03-03,6,3,23.649,17.209,59.249,2.393,12.744,0.000,0.579,0.364,27,19,21,critical_peak,0,210.065
Z05,mixed_use,62,2024-03-03,6,3,22.493,15.344,62.897,2.983,6.347,0.000,0.568,0.321,36,28,10,critical_peak,0,209.377
Z06,coastal,62,2024-03-03,6,3,18.018,10.214,69.938,4.445,5.378,0.000,0.564,0.288,49,39,6,critical_peak,0,183.830
Z07,campus,62,2024-03-03,6,3,19.116,10.947,70.255,5.180,10.965,0.000,0.568,0.281,39,31,8,critical_peak,0,201.503
Z08,suburban,62,2024-03-03,6,3,20.554,12.441,69.364,4.385,16.774,0.000,0.582,0.304,45,47,11,critical_peak,0,194.517
Z01,compact_urban,63,2024-03-04,0,3,26.165,20.152,51.538,5.082,8.001,0.000,0.718,0.196,23,9,13,flat,0,234.121
Z02,tree_rich,63,2024-03-04,0,3,24.828,19.028,54.209,3.861,14.852,0.000,0.715,0.219,42,43,7,flat,0,197.131
Z03,industrial_edge,63,2024-03-04,0,3,24.212,18.192,56.794,2.588,16.355,0.000,0.705,0.212,18,12,17,flat,0,253.456
Z04,older_residential,63,2024-03-04,0,3,21.795,15.202,61.766,2.655,11.001,0.000,0.694,0.178,27,19,21,flat,0,218.413
Z05,mixed_use,63,2024-03-04,0,3,22.065,14.751,63.824,3.988,5.648,8.996,0.684,0.135,36,28,10,flat,0,218.997
Z06,coastal,63,2024-03-04,0,3,18.870,10.950,69.362,5.131,6.408,0.000,0.682,0.105,49,39,6,flat,0,192.032
Z07,campus,63,2024-03-04,0,3,21.385,13.190,67.969,4.835,12.917,0.000,0.689,0.103,39,31,8,flat,0,206.380
Z08,suburban,63,2024-03-04,0,3,22.926,14.886,66.781,3.423,17.719,0.000,0.705,0.130,45,47,11,flat,0,197.410
Z01,compact_urban,64,2024-03-05,1,3,24.794,18.867,53.218,4.398,8.283,0.000,0.716,0.201,23,9,13,time_of_use,0,226.244
Z02,tree_rich,64,2024-03-05,1,3,23.282,17.469,56.243,2.950,15.042,0.000,0.711,0.220,42,43,7,time_of_use,0,190.377
Z03,industrial_edge,64,2024-03-05,1,3,23.699,17.573,57.800,2.483,15.835,0.000,0.700,0.208,18,12,17,time_of_use,1,269.960
Z04,older_residential,64,2024-03-05,1,3,23.227,16.472,60.671,3.508,10.556,0.000,0.689,0.172,27,19,21,time_of_use,0,214.986
Z05,mixed_use,64,2024-03-05,1,3,24.036,16.564,62.099,4.904,6.084,0.000,0.681,0.129,36,28,10,time_of_use,0,215.504
Z06,coastal,64,2024-03-05,1,3,19.965,11.946,,5.146,7.671,0.000,0.681,0.103,49,39,6,time_of_use,0,186.391
Z07,campus,64,2024-03-05,1,3,21.643,13.445,67.861,3.970,13.962,0.000,0.690,0.105,39,31,8,time_of_use,0,198.742
Z08,suburban,64,2024-03-05,1,3,22.048,14.103,67.734,2.660,17.128,0.000,0.709,0.136,45,47,11,time_of_use,0,190.383
Z01,compact_urban,65,2024-03-06,2,3,25.589,19.727,52.551,3.434,9.543,0.000,0.713,0.206,23,9,13,critical_peak,0,220.147
Z02,tree_rich,65,2024-03-06,2,3,24.784,18.935,54.950,2.497,16.332,0.000,0.706,0.220,42,43,7,critical_peak,0,183.521
Z03,industrial_edge,65,2024-03-06,2,3,25.434,19.184,56.346,3.074,16.043,0.000,0.695,0.204,18,12,17,critical_peak,0,245.857
Z04,older_residential,65,2024-03-06,2,3,24.532,17.610,59.714,4.534,10.075,0.000,0.684,0.165,27,19,21,critical_peak,0,212.065
Z05,mixed_use,65,2024-03-06,2,3,23.471,15.850,63.146,5.282,5.692,0.000,0.678,0.124,36,28,10,critical_peak,0,210.741
Z06,coastal,65,2024-03-06,2,3,17.942,9.844,71.026,4.500,7.789,2.121,0.680,0.101,49,39,6,critical_peak,0,179.900
Z07,campus,65,2024-03-06,2,3,20.100,11.922,69.698,3.043,14.150,0.000,0.692,0.108,39,31,8,critical_peak,0,191.986
Z08,suburban,65,2024-03-06,2,3,21.603,13.770,68.173,2.503,16.482,0.000,0.713,0.142,45,47,11,critical_peak,0,185.843
Z01,compact_urban,66,2024-03-07,3,3,28.209,22.389,49.911,2.698,11.609,8.994,0.710,0.210,23,9,13,flat,0,229.282
Z02,tree_rich,66,2024-03-07,3,3,25.592,19.685,54.445,2.750,17.199,0.000,0.702,0.219,42,43,7,flat,0,190.286
Z03,industrial_edge,66,2024-03-07,3,3,24.547,18.159,57.788,4.077,15.047,0.000,,0.199,18,12,17,flat,0,252.766
Z04,older_residential,66,2024-03-07,3,3,22.683,15.594,62.222,5.229,8.382,0.000,0.680,0.158,27,19,21,flat,0,219.763
Z05,mixed_use,66,2024-03-07,3,3,21.158,13.399,66.099,4.947,4.790,0.000,0.675,0.119,36,28,10,flat,0,217.520
Z06,coastal,66,2024-03-07,3,3,16.909,8.755,72.439,3.539,8.372,0.000,0.680,0.100,49,39,6,flat,1,207.641
Z07,campus,66,2024-03-07,3,3,21.550,13.417,68.204,2.544,15.368,0.000,0.695,0.112,39,31,8,flat,0,199.149
Z08,suburban,66,2024-03-07,3,3,24.150,16.445,65.283,3.049,16.821,0.000,0.717,0.148,45,47,11,flat,0,196.078
Z01,compact_urban,67,2024-03-08,4,3,27.789,21.988,50.647,2.584,12.497,0.000,0.706,0.213,23,9,13,time_of_use,0,222.889
Z02,tree_rich,67,2024-03-08,4,3,23.198,17.211,57.484,3.598,16.617,0.000,0.697,0.218,42,43,7,time_of_use,0,186.975
Z03,industrial_edge,67,2024-03-08,4,3,22.366,15.828,60.660,4.998,13.397,0.000,0.685,0.194,18,12,17,time_of_use,0,249.713
Z04,older_residential,67,2024-03-08,4,3,22.002,14.747,63.437,5.255,7.237,0.000,0.676,0.152,27,19,21,time_of_use,0,215.769
Z05,mixed_use,67,2024-03-08,4,3,21.819,13.938,65.757,4.087,5.263,0.000,0.674,0.114,36,28,10,time_of_use,0,211.741
Z06,coastal,67,2024-03-08,4,3,19.023,10.834,70.358,2.771,,0.000,0.681,0.100,49,39,6,time_of_use,0,180.611
Z07,campus,67,2024-03-08,4,3,24.179,16.111,65.376,2.745,16.866,8.985,0.698,0.116,39,31,8,time_of_use,0,197.356
Z08,suburban,67,2024-03-08,4,3,25.107,17.545,64.104,4.037,16.337,0.000,0.722,0.155,45,47,11,time_of_use,0,197.163
Z01,compact_urban,68,2024-03-09,5,3,26.121,20.315,52.787,3.167,12.886,0.000,0.582,0.396,23,9,13,critical_peak,0,218.578
Z02,tree_rich,68,2024-03-09,5,3,22.233,16.146,58.971,4.626,16.424,2.621,0.571,0.396,42,43,7,critical_peak,0,187.309
Z03,industrial_edge,68,2024-03-09,5,3,23.399,16.703,60.002,5.387,12.924,0.000,0.560,0.368,18,12,17,critical_peak,0,248.149
Z04,older_residential,68,2024-03-09,5,3,24.088,16.671,61.599,4.617,7.308,0.000,0.552,0.325,27,19,21,critical_peak,0,211.850
Z05,mixed_use,68,2024-03-09,5,3,23.235,15.249,64.561,3.158,6.214,0.000,0.552,0.290,36,28,10,critical_peak,0,207.614
Z06,coastal,68,2024-03-09,5,3,19.561,11.361,69.977,2.605,11.478,0.000,0.562,0.281,49,39,6,critical_peak,0,179.156
Z07,campus,68,2024-03-09,5,3,23.652,15.671,65.982,3.561,16.894,0.000,0.581,0.301,39,31,8,critical_peak,0,198.740
Z08,suburban,68,2024-03-09,5,3,23.309,15.901,65.918,4.982,14.595,0.000,0.607,0.341,45,47,11,critical_peak,0,198.788
Z01,compact_urban,69,2024-03-10,6,3,27.442,21.609,51.667,4.168,14.430,0.000,0.578,0.398,23,9,13,flat,0,233.142
Z02,tree_rich,69,2024-03-10,6,3,23.853,17.649,57.630,5.329,17.073,0.000,0.566,0.394,42,43,7,flat,0,198.048
Z03,industrial_edge,69,2024-03-10,6,3,24.915,18.054,,5.062,12.562,0.000,0.555,0.362,18,12,17,flat,0,257.940
Z04,older_residential,69,2024-03-10,6,3,24.063,16.494,62.069,3.658,6.669,0.000,0.549,0.319,27,19,21,flat,0,218.414
Z05,mixed_use,69,2024-03-10,6,3,21.476,13.404,66.832,2.652,6.056,0.000,0.552,0.287,36,28,10,flat,0,215.882
Z06,coastal,69,2024-03-10,6,3,17.896,9.708,71.983,3.143,11.787,0.000,0.564,0.282,49,39,6,flat,0,190.172
Z07,campus,69,2024-03-10,6,3,23.028,15.153,66.656,4.594,16.667,0.000,,0.306,39,31,8,flat,0,210.669
Z08,suburban,69,2024-03-10,6,3,23.687,16.440,65.304,5.420,13.603,2.808,0.612,0.348,45,47,11,flat,0,208.503
Z01,compact_urban,70,2024-03-11,0,3,28.602,22.718,50.750,5.095,15.830,0.000,0.693,0.219,23,9,13,time_of_use,0,234.224
Z02,tree_rich,70,2024-03-11,0,3,23.184,16.847,58.821,5.366,16.611,0.000,0.681,0.210,42,43,7,time_of_use,0,194.170
Z03,industrial_edge,70,2024-03-11,0,3,23.266,16.237,61.106,4.207,10.886,8.933,0.671,0.176,18,12,17,time_of_use,0,249.515
Z04,older_residential,70,2024-03-11,0,3,21.844,14.133,64.936,2.885,5.306,0.000,0.667,0.133,27,19,21,time_of_use,0,211.689
Z05,mixed_use,70,2024-03-11,0,3,20.106,11.970,68.645,2.844,6.192,0.000,0.672,0.104,36,28,10,time_of_use,0,211.371
Z06,coastal,70,2024-03-11,0,3,18.940,10.788,70.974,4.129,13.097,0.000,0.687,0.104,49,39,6,time_of_use,0,187.069
Z07,campus,70,2024-03-11,0,3,25.537,17.785,63.845,5.336,17.476,0.000,0.710,0.132,39,31,8,time_of_use,0,208.115
Z08,suburban,70,2024-03-11,0,3,25.856,18.775,62.686,5.146,13.248,0.000,0.737,0.174,45,47,11,time_of_use,0,202.167
Z01,compact_urban,71,2024-03-12,1,3,26.391,20.435,53.566,5.493,15.768,0.000,0.688,0.220,23,9,13,critical_peak,0,227.564
Z02,tree_rich,71,2024-03-12,1,3,20.732,14.249,61.984,4.736,15.245,0.000,0.676,0.206,42,43,7,critical_peak,0,188.693
Z03,industrial_edge,71,2024-03-12,1,3,22.307,15.111,62.635,3.276,9.469,0.000,0.667,0.169,18,12,17,critical_peak,0,242.182
Z04,older_residential,71,2024-03-12,1,3,22.328,14.489,64.811,2.709,5.193,0.000,0.665,0.127,27,19,21,critical_peak,0,205.565
Z05,mixed_use,71,2024-03-12,1,3,22.027,13.848,66.809,3.655,7.758,0.000,0.673,0.102,36,28,10,critical_peak,0,207.398
Z06,coastal,71,2024-03-12,1,3,21.708,13.614,68.031,5.079,14.984,0.000,0.690,0.106,49,39,6,critical_peak,0,183.435
Z07,campus,71,2024-03-12,1,3,26.976,19.362,62.174,5.426,17.646,0.000,0.715,0.138,39,31,8,critical_peak,0,204.365
Z08,suburban,71,2024-03-12,1,3,25.051,18.139,,4.317,11.668,0.000,0.743,0.181,45,47,11,critical_peak,0,194.911
Z01,compact_urban,72,2024-03-13,2,3,25.048,19.000,55.449,5.178,15.907,0.000,0.683,0.220,23,9,13,flat,0,231.179
Z02,tree_rich,72,2024-03-13,2,3,21.309,14.670,61.823,3.779,14.910,0.000,0.671,0.202,42,43,7,flat,0,192.335
Z03,industrial_edge,72,2024-03-13,2,3,24.410,17.050,60.789,2.762,9.297,0.000,0.664,0.163,18,12,17,flat,0,247.021
Z04,older_residential,72,2024-03-13,2,3,24.068,16.117,63.283,3.239,5.760,3.303,0.664,0.122,27,19,21,flat,0,212.440
Z05,mixed_use,72,2024-03-13,2,3,22.839,14.640,66.160,4.689,8.964,0.000,0.675,0.101,36,28,10,flat,0,216.040
Z06,coastal,72,2024-03-13,2,3,21.510,13.495,68.313,5.527,15.542,0.000,0.694,0.110,49,39,6,flat,0,191.403
Z07,campus,72,2024-03-13,2,3,25.352,17.888,63.834,4.837,16.394,0.000,0.720,0.144,39,31,8,flat,0,208.922
Z08,suburban,72,2024-03-13,2,3,23.232,16.485,65.011,3.374,9.690,0.000,0.748,0.187,45,47,11,flat,0,200.504
Z01,compact_urban,73,2024-03-14,3,3,26.543,20.383,54.230,4.329,17.007,0.000,0.677,0.219,23,9,13,time_of_use,0,226.046
Z02,tree_rich,73,2024-03-14,3,3,22.951,16.148,60.495,3.000,14.839,0.000,0.667,0.197,42,43,7,time_of_use,0,184.006
Z03,industrial_edge,73,2024-03-14,3,3,24.908,17.392,60.697,2.945,8.535,0.000,0.661,0.156,18,12,17,time_of_use,0,242.540
Z04,older_residential,73,2024-03-14,3,3,22.675,14.631,65.177,4.223,5.255,0.000,0.664,0.117,27,19,21,time_of_use,0,209.759
Z05,mixed_use,73,2024-03-14,3,3,21.095,12.901,68.288,5.438,9.198,0.000,0.677,0.100,36,28,10,time_of_use,0,213.634
Z06,coastal,73,2024-03-14,3,3,20.696,12.781,69.234,5.262,15.689,0.000,0.698,0.114,49,39,6,time_of_use,0,186.987
Z07,campus,73,2024-03-14,3,3,25.439,18.133,63.576,3.888,,0.000,0.725,0.151,39,31,8,time_of_use,0,203.408
Z08,suburban,73,2024-03-14,3,3,24.614,18.029,63.164,2.816,9.045,0.000,0.752,0.193,45,47,11,time_of_use,0,196.412
Z01,compact_urban,74,2024-03-15,4,3,26.139,19.851,55.116,3.396,,0.000,0.672,0.218,23,9,13,critical_peak,0,217.838
Z02,tree_rich,74,2024-03-15,4,3,21.502,14.533,62.568,2.816,13.392,0.000,0.662,0.192,42,43,7,critical_peak,0,179.088
Z03,industrial_edge,74,2024-03-15,4,3,22.848,15.186,63.405,3.750,6.836,0.000,0.659,0.150,18,12,17,critical_peak,0,238.862
Z04,older_residential,74,2024-03-15,4,3,21.059,12.943,67.290,5.178,4.839,0.000,0.664,0.113,27,19,21,critical_peak,0,208.758
Z05,mixed_use,74,2024-03-15,4,3,21.680,13.513,67.820,5.539,10.379,8.805,0.680,0.100,36,28,10,critical_peak,0,210.558
Z06,coastal,74,2024-03-15,4,3,23.076,15.278,66.604,4.439,16.929,0.000,0.703,0.118,49,39,6,critical_peak,0,181.759
Z07,campus,74,2024-03-15,4,3,27.693,20.553,60.898,3.080,15.626,0.000,0.730,0.157,39,31,8,critical_peak,0,201.189
Z08,suburban,74,2024-03-15,4,3,25.973,19.541,61.317,2.947,8.485,0.000,0.757,0.198,45,47,11,critical_peak,0,195.159
Z01,compact_urban,75,2024-03-16,5,3,23.499,17.070,58.475,2.874,16.196,0.000,0.547,0.395,23,9,13,flat,0,222.171
Z02,tree_rich,75,2024-03-16,5,3,20.243,13.106,64.432,3.338,11.910,0.000,0.539,0.366,42,43,7,flat,0,190.638
Z03,industrial_edge,75,2024-03-16,5,3,23.158,15.363,63.491,4.785,6.199,0.000,0.537,0.323,18,12,17,flat,0,251.662
Z04,older_residential,75,2024-03-16,5,3,22.771,14.604,65.714,5.635,5.921,0.000,0.545,0.289,27,19,21,flat,0,220.016
Z05,mixed_use,75,2024-03-16,5,3,24.473,16.356,64.887,4.958,12.426,0.000,0.563,0.281,36,28,10,flat,0,219.724
Z06,coastal,75,2024-03-16,5,3,24.953,17.288,64.488,3.495,17.775,0.000,0.588,0.303,49,39,6,flat,0,190.446
Z07,campus,75,2024-03-16,5,3,27.213,20.240,61.194,2.844,14.392,0.000,0.615,0.344,39,31,8,flat,0,211.165
Z08,suburban,75,2024-03-16,5,3,24.170,17.880,62.922,3.717,6.792,0.000,0.641,0.383,45,47,11,flat,0,207.655
Z01,compact_urban,76,2024-03-17,6,3,23.594,17.012,58.836,3.048,16.119,0.000,0.542,0.392,23,9,13,time_of_use,0,220.248
Z02,tree_rich,76,2024-03-17,6,3,22.254,14.952,62.694,4.319,11.658,0.000,,0.360,42,43,7,time_of_use,0,190.389
Z03,industrial_edge,76,2024-03-17,6,3,25.203,17.290,61.649,5.542,6.395,0.000,0.536,0.317,18,12,17,time_of_use,0,253.193
Z04,older_residential,76,2024-03-17,6,3,23.861,15.667,64.791,5.380,6.907,0.000,0.547,0.286,27,19,21,time_of_use,0,216.543
Z05,mixed_use,76,2024-03-17,6,3,24.572,16.527,,4.011,13.342,0.000,0.567,0.282,36,28,10,time_of_use,0,214.605
Z06,coastal,76,2024-03-17,6,3,23.567,16.048,65.924,2.930,17.118,3.973,0.593,0.308,49,39,6,time_of_use,0,185.668
Z07,campus,76,2024-03-17,6,3,25.144,18.338,63.204,3.319,12.443,0.000,0.620,0.350,39,31,8,time_of_use,0,207.280
Z08,suburban,76,2024-03-17,6,3,23.460,17.298,63.304,4.753,5.702,0.000,0.645,0.387,45,47,11,time_of_use,0,206.537
Z01,compact_urban,77,2024-03-18,0,3,25.288,18.545,57.446,3.847,16.468,8.670,0.658,0.209,23,9,13,critical_peak,0,221.112
Z02,tree_rich,77,2024-03-18,0,3,23.224,15.763,62.094,5.278,10.947,0.000,0.653,0.173,42,43,7,critical_peak,0,188.779
Z03,industrial_edge,77,2024-03-18,0,3,24.264,16.252,63.067,5.653,5.559,0.000,0.656,0.131,18,12,17,critical_peak,0,247.488
Z04,older_residential,77,2024-03-18,0,3,22.106,13.907,66.966,4.563,6.887,0.000,0.669,0.103,27,19,21,critical_peak,0,210.069
Z05,mixed_use,77,2024-03-18,0,3,23.556,15.603,66.062,3.198,13.729,0.000,0.691,0.105,36,28,10,critical_peak,0,206.816
Z06,coastal,77,2024-03-18,0,3,23.392,16.029,65.990,3.051,16.752,0.000,0.718,0.134,49,39,6,critical_peak,0,180.377
Z07,campus,77,2024-03-18,0,3,26.100,19.458,61.856,4.281,11.664,0.000,0.745,0.177,39,31,8,critical_peak,0,204.531
Z08,suburban,77,2024-03-18,0,3,25.638,19.587,60.488,5.545,5.958,0.000,0.768,0.211,45,47,11,critical_peak,0,202.266
Z01,compact_urban,78,2024-03-19,1,3,24.046,17.136,59.291,4.883,15.438,0.000,0.654,0.205,23,9,13,flat,0,229.753
Z02,tree_rich,78,2024-03-19,1,3,21.367,13.756,64.592,5.744,9.099,0.000,0.651,0.167,42,43,7,flat,0,198.222
Z03,industrial_edge,78,2024-03-19,1,3,22.502,14.410,65.367,5.081,4.569,0.000,0.656,0.125,18,12,17,flat,0,253.207
Z04,older_residential,78,2024-03-19,1,3,22.211,14.031,67.061,3.617,7.717,0.000,0.672,0.102,27,19,21,flat,0,214.519
Z05,mixed_use,78,2024-03-19,1,3,25.704,17.863,63.725,2.953,15.268,0.000,0.695,0.107,36,28,10,flat,0,214.384
Z06,coastal,78,2024-03-19,1,3,25.709,18.510,63.278,3.814,17.197,0.000,0.723,0.140,49,39,6,flat,0,189.377
Z07,campus,78,2024-03-19,1,3,27.556,21.071,59.928,5.259,11.086,8.611,0.750,0.183,39,31,8,flat,0,214.669
Z08,suburban,78,2024-03-19,1,3,25.860,19.903,59.806,5.710,5.644,0.000,0.771,0.214,45,47,11,flat,0,209.143
Z01,compact_urban,79,2024-03-20,2,3,22.477,15.400,61.496,5.647,14.088,0.000,0.650,0.200,23,9,13,time_of_use,0,226.774
Z02,tree_rich,79,2024-03-20,2,3,21.492,13.742,64.897,5.500,8.076,4.448,0.649,0.160,42,43,7,time_of_use,1,214.082
Z03,industrial_edge,79,2024-03-20,2,3,24.007,15.856,64.048,4.136,5.070,0.000,0.657,0.120,18,12,17,time_of_use,0,244.837
Z04,older_residential,79,2024-03-20,2,3,24.927,16.790,64.248,3.045,9.669,0.000,0.675,0.100,27,19,21,time_of_use,0,208.396
Z05,mixed_use,79,2024-03-20,2,3,27.945,20.231,61.248,3.420,16.706,0.000,0.700,0.111,36,28,10,time_of_use,0,212.398
Z06,coastal,79,2024-03-20,2,3,25.619,18.587,63.179,4.850,16.512,0.000,,0.147,49,39,6,time_of_use,0,186.858
Z07,campus,79,2024-03-20,2,3,25.786,19.447,61.522,5.774,9.257,0.000,0.754,0.189,39,31,8,time_of_use,0,209.643
Z08,suburban,79,2024-03-20,2,3,23.824,17.939,61.594,5.180,,0.000,0.773,0.217,45,47,11,time_of_use,0,203.013
Z01,compact_urban,80,2024-03-21,3,3,24.287,17.044,59.983,5.768,13.926,0.000,0.647,0.195,23,9,13,critical_peak,0,221.411
Z02,tree_rich,80,2024-03-21,3,3,23.799,15.926,62.786,4.688,,0.000,0.648,0.154,42,43,7,critical_peak,0,183.852
Z03,industrial_edge,80,2024-03-21,3,3,25.389,17.201,62.834,3.318,5.709,0.000,0.659,0.116,18,12,17,critical_peak,0,240.066
Z04,older_residential,80,2024-03-21,3,3,25.291,17.217,63.988,3.156,10.726,0.000,0.679,0.100,27,19,21,critical_peak,0,204.564
Z05,mixed_use,80,2024-03-21,3,3,26.834,19.262,62.418,4.379,16.645,0.000,0.705,0.115,36,28,10,critical_peak,0,209.642
Z06,coastal,80,2024-03-21,3,3,23.415,16.550,65.371,5.650,14.834,0.000,0.733,0.153,49,39,6,critical_peak,0,184.666
Z07,campus,80,2024-03-21,3,3,24.569,18.362,62.484,5.581,7.727,0.000,0.758,0.195,39,31,8,critical_peak,0,204.716
Z08,suburban,80,2024-03-21,3,3,24.412,18.579,60.484,4.246,4.933,4.623,0.775,0.218,45,47,11,critical_peak,0,197.454
Z01,compact_urban,81,2024-03-22,4,3,25.655,18.249,58.953,5.204,13.451,0.000,0.644,0.190,23,9,13,flat,0,229.405
Z02,tree_rich,81,2024-03-22,4,3,23.377,15.398,,3.741,6.926,0.000,0.648,0.147,42,43,7,flat,0,189.090
Z03,industrial_edge,81,2024-03-22,4,3,23.707,15.507,64.961,3.064,5.306,8.430,0.662,0.111,18,12,17,flat,0,245.315
Z04,older_residential,81,2024-03-22,4,3,24.066,16.078,65.437,3.913,11.161,0.000,0.684,0.100,27,19,21,flat,0,213.768
Z05,mixed_use,81,2024-03-22,4,3,26.416,18.996,62.790,5.360,16.689,0.000,0.711,0.120,36,28,10,flat,1,243.224
Z06,coastal,81,2024-03-22,4,3,23.962,17.262,64.504,5.824,14.139,0.000,0.738,0.160,49,39,6,flat,0,194.639
Z07,campus,81,2024-03-22,4,3,26.484,20.395,59.977,4.798,7.564,0.000,0.761,0.200,39,31,8,flat,0,213.915
Z08,suburban,81,2024-03-22,4,3,26.318,20.512,57.916,3.403,5.965,0.000,0.776,0.220,45,47,11,flat,0,205.003
Z01,compact_urban,82,2024-03-23,5,3,24.021,16.462,61.217,4.261,11.674,0.000,0.522,0.364,23,9,13,time_of_use,0,221.372
Z02,tree_rich,82,2024-03-23,5,3,21.569,13.502,66.032,3.161,5.436,0.000,0.529,0.321,42,43,7,time_of_use,0,186.212
Z03,industrial_edge,82,2024-03-23,5,3,23.347,15.158,65.601,3.522,5.606,0.000,0.545,0.288,18,12,17,time_of_use,0,245.423
Z04,older_residential,82,2024-03-23,5,3,25.881,17.998,63.504,4.949,12.791,0.000,0.568,0.281,27,19,21,time_of_use,0,218.294
Z05,mixed_use,82,2024-03-23,5,3,28.755,21.497,60.090,5.884,17.655,0.000,0.596,0.305,36,28,10,time_of_use,0,224.191
Z06,coastal,82,2024-03-23,5,3,25.508,18.968,62.507,5.304,13.755,0.000,0.622,0.346,49,39,6,time_of_use,0,192.945
Z07,campus,82,2024-03-23,5,3,26.959,20.971,59.034,3.843,6.969,0.000,0.644,0.384,39,31,8,time_of_use,0,210.351
Z08,suburban,82,2024-03-23,5,3,25.019,19.218,58.867,3.098,5.926,0.000,0.656,0.400,45,47,11,time_of_use,0,201.920
Z01,compact_urban,83,2024-03-24,6,3,23.938,16.236,61.764,3.439,10.455,0.000,0.521,0.357,23,9,13,critical_peak,0,216.641
Z02,tree_rich,83,2024-03-24,6,3,22.874,14.741,64.958,3.262,5.353,0.000,0.530,0.315,42,43,7,critical_peak,0,183.971
Z03,industrial_edge,83,2024-03-24,6,3,25.906,17.750,62.997,4.477,7.229,0.000,0.548,0.285,18,12,17,critical_peak,0,249.231
Z04,older_residential,83,2024-03-24,6,3,28.385,20.624,60.776,5.756,14.643,5.080,0.573,0.283,27,19,21,critical_peak,0,222.000
Z05,mixed_use,83,2024-03-24,6,3,29.099,22.007,59.549,5.701,17.639,0.000,0.601,0.310,36,28,10,critical_peak,0,221.721
Z06,coastal,83,2024-03-24,6,3,23.844,17.453,64.012,4.373,12.034,0.000,0.626,0.353,49,39,6,critical_peak,0,186.931
Z07,campus,83,2024-03-24,6,3,24.859,18.951,,3.222,5.514,0.000,0.646,0.389,39,31,8,critical_peak,0,203.103
Z08,suburban,83,2024-03-24,6,3,23.221,17.401,60.366,3.507,5.876,0.000,0.656,0.400,45,47,11,critical_peak,1,220.268
Z01,compact_urban,84,2024-03-25,0,3,26.437,18.606,59.458,3.176,10.248,0.000,0.640,0.171,23,9,13,flat,0,228.599
Z02,tree_rich,84,2024-03-25,0,3,24.560,16.383,63.439,4.013,5.604,0.000,0.652,0.129,42,43,7,flat,0,193.892
Z03,industrial_edge,84,2024-03-25,0,3,26.507,18.408,62.511,5.462,8.204,0.000,0.672,0.103,18,12,17,flat,0,260.832
Z04,older_residential,84,2024-03-25,0,3,27.562,19.938,61.669,5.940,15.078,0.000,0.698,0.106,27,19,21,flat,0,228.977
Z05,mixed_use,84,2024-03-25,0,3,26.875,19.950,61.798,4.924,16.417,0.000,0.726,0.136,36,28,10,flat,0,224.666
Z06,coastal,84,2024-03-25,0,3,22.156,15.903,65.516,3.525,10.285,0.000,0.750,0.179,49,39,6,flat,0,191.526
Z07,campus,84,2024-03-25,0,3,25.087,19.237,60.205,3.271,5.179,0.000,0.767,0.212,39,31,8,flat,0,208.985
Z08,suburban,84,2024-03-25,0,3,24.580,18.718,58.391,4.440,7.251,0.000,0.774,0.219,45,47,11,flat,0,205.451
Z01,compact_urban,85,2024-03-26,1,3,26.562,18.618,59.747,3.624,9.112,0.000,0.640,0.164,23,9,13,time_of_use,0,225.820
Z02,tree_rich,85,2024-03-26,1,3,23.050,14.852,65.406,5.049,4.773,0.000,0.654,0.123,42,43,7,time_of_use,0,192.253
Z03,industrial_edge,85,2024-03-26,1,3,25.082,17.061,64.218,5.995,8.477,0.000,0.676,0.101,18,12,17,time_of_use,0,255.150
Z04,older_residential,85,2024-03-26,1,3,26.905,19.430,62.341,5.428,15.467,0.000,0.703,0.109,27,19,21,time_of_use,0,222.046
Z05,mixed_use,85,2024-03-26,1,3,27.047,20.289,61.376,3.969,15.985,8.127,0.731,0.142,36,28,10,time_of_use,0,217.396
Z06,coastal,85,2024-03-26,1,3,23.733,17.604,63.403,3.211,9.860,0.000,0.753,0.185,49,39,6,time_of_use,0,184.953
Z07,campus,85,2024-03-26,1,3,27.175,21.362,57.445,3.983,5.790,0.000,0.768,0.215,39,31,8,time_of_use,0,206.751
Z08,suburban,85,2024-03-26,1,3,25.255,19.330,57.173,5.441,8.483,0.000,0.773,0.217,45,47,11,time_of_use,0,202.051
Z01,compact_urban,86,2024-03-27,2,3,24.796,16.759,62.096,4.576,7.281,0.000,,0.158,23,9,13,critical_peak,0,219.361
Z02,tree_rich,86,2024-03-27,2,3,22.273,14.077,66.538,5.862,4.439,0.000,0.657,0.118,42,43,7,critical_peak,0,188.944
Z03,industrial_edge,86,2024-03-27,2,3,26.473,18.550,62.789,5.822,,0.000,0.681,0.100,18,12,17,critical_peak,0,251.826
Z04,older_residential,86,2024-03-27,2,3,29.205,21.888,59.722,4.500,16.900,0.000,0.709,0.112,27,19,21,critical_peak,0,217.818
Z05,mixed_use,86,2024-03-27,2,3,28.682,22.085,59.312,3.340,15.985,0.000,0.735,0.149,36,28,10,critical_peak,0,212.441
Z06,coastal,86,2024-03-27,2,3,24.413,18.391,62.255,3.611,9.131,0.000,0.756,0.191,49,39,6,critical_peak,0,181.208
Z07,campus,86,2024-03-27,2,3,26.312,20.512,57.922,5.015,5.426,0.000,0.768,0.217,39,31,8,critical_peak,0,203.791
Z08,suburban,86,2024-03-27,2,3,22.865,16.854,59.334,6.019,8.580,0.000,0.770,0.214,45,47,11,critical_peak,0,198.775
Z01,compact_urban,87,2024-03-28,3,3,25.911,17.800,61.256,5.565,6.704,0.000,0.642,0.151,23,9,13,flat,0,229.941
Z02,tree_rich,87,2024-03-28,3,3,24.618,16.448,64.203,6.056,5.559,0.000,0.661,0.114,42,43,7,flat,0,195.625
Z03,industrial_edge,87,2024-03-28,3,3,29.126,21.320,59.935,5.051,11.977,0.000,0.686,0.100,18,12,17,flat,0,261.679
Z04,older_residential,87,2024-03-28,3,3,29.997,22.845,58.724,3.647,17.573,0.000,0.714,0.117,27,19,21,flat,0,224.517
Z05,mixed_use,87,2024-03-28,3,3,27.207,20.764,60.638,3.379,14.610,0.000,0.739,0.155,36,28,10,flat,0,219.405
Z06,coastal,87,2024-03-28,3,3,22.267,16.332,64.196,4.540,7.357,5.683,0.758,0.196,49,39,6,flat,0,192.441
Z07,campus,87,2024-03-28,3,3,24.438,18.628,59.506,5.861,4.863,0.000,0.767,0.219,39,31,8,flat,0,213.054
Z08,suburban,87,2024-03-28,3,3,22.089,15.973,59.728,5.898,9.376,0.000,0.767,0.211,45,47,11,flat,0,207.247
Z01,compact_urban,88,2024-03-29,4,3,27.907,19.743,59.422,6.106,6.617,7.869,0.644,0.145,23,9,13,time_of_use,0,229.918
Z02,tree_rich,88,2024-03-29,4,3,25.443,17.321,63.506,5.553,6.268,0.000,0.665,0.110,42,43,7,time_of_use,0,190.193
Z03,industrial_edge,88,2024-03-29,4,3,28.580,20.905,60.561,4.095,12.729,0.000,0.691,0.101,18,12,17,time_of_use,0,254.718
Z04,older_residential,88,2024-03-29,4,3,27.857,20.872,,3.324,16.900,0.000,0.719,0.122,27,19,21,time_of_use,0,217.915
Z05,mixed_use,88,2024-03-29,4,3,25.119,18.819,62.610,4.084,12.884,0.000,0.743,0.162,36,28,10,time_of_use,0,216.973
Z06,coastal,88,2024-03-29,4,3,22.076,16.208,63.969,5.543,6.482,0.000,0.759,0.201,49,39,6,time_of_use,0,192.967
Z07,campus,88,2024-03-29,4,3,25.710,19.866,57.627,6.108,5.752,0.000,0.766,0.220,39,31,8,time_of_use,0,212.378
Z08,suburban,88,2024-03-29,4,3,23.929,17.692,57.258,5.160,11.228,0.000,0.764,0.208,45,47,11,time_of_use,0,202.103
Z01,compact_urban,89,2024-03-30,5,3,26.670,18.477,61.118,5.943,5.406,0.000,0.526,0.319,23,9,13,critical_peak,0,224.670
Z02,tree_rich,89,2024-03-30,5,3,23.846,15.795,65.438,4.627,6.192,0.000,0.549,0.287,42,43,7,critical_peak,0,185.533
Z03,industrial_edge,89,2024-03-30,5,3,27.679,20.149,61.540,3.459,13.312,0.000,0.576,0.282,18,12,17,critical_peak,0,250.294
Z04,older_residential,89,2024-03-30,5,3,27.695,20.877,60.896,3.715,16.839,0.000,0.603,0.307,27,19,21,critical_peak,0,218.022
Z05,mixed_use,89,2024-03-30,5,3,26.312,20.141,60.944,5.115,12.395,0.000,,0.349,36,28,10,critical_peak,0,220.241
Z06,coastal,89,2024-03-30,5,3,24.234,18.411,61.143,6.130,6.690,0.000,0.640,0.386,49,39,6,critical_peak,0,193.206
Z07,campus,89,2024-03-30,5,3,26.855,20.954,55.890,5.650,6.768,7.764,0.644,0.400,39,31,8,critical_peak,0,210.540
Z08,suburban,89,2024-03-30,5,3,23.498,17.124,57.300,4.200,12.140,0.000,0.640,0.383,45,47,11,critical_peak,0,197.290
Z01,compact_urban,90,2024-03-31,6,3,25.548,17.349,62.659,5.178,4.435,0.000,0.530,0.313,23,9,13,flat,0,230.011
Z02,tree_rich,90,2024-03-31,6,3,24.743,16.783,64.590,3.770,7.276,6.099,0.554,0.284,42,43,7,flat,0,193.176
Z03,industrial_edge,90,2024-03-31,6,3,29.859,22.485,59.091,3.488,15.064,0.000,0.581,0.284,18,12,17,flat,0,264.155
Z04,older_residential,90,2024-03-31,6,3,29.417,22.764,58.768,4.639,17.349,0.000,0.608,0.312,27,19,21,flat,0,232.743
Z05,mixed_use,90,2024-03-31,6,3,27.161,21.103,59.633,5.967,11.723,0.000,0.628,0.355,36,28,10,flat,0,232.811
Z06,coastal,90,2024-03-31,6,3,23.791,17.989,61.167,6.019,6.019,0.000,0.640,0.390,49,39,6,flat,0,201.724
Z07,campus,90,2024-03-31,6,3,24.765,18.786,57.713,4.739,6.646,0.000,0.642,0.399,39,31,8,flat,0,214.382
Z08,suburban,90,2024-03-31,6,3,21.450,14.927,59.141,3.526,12.332,0.000,0.635,0.379,45,47,11,flat,0,203.037
Z01,compact_urban,91,2024-04-01,0,4,27.649,19.467,60.625,4.221,4.965,0.000,0.653,0.127,23,9,13,time_of_use,0,227.503
Z02,tree_rich,91,2024-04-01,0,4,27.430,19.580,61.736,3.438,9.212,0.000,0.679,0.102,42,43,7,time_of_use,0,188.997
Z03,industrial_edge,91,2024-04-01,0,4,31.081,23.869,57.659,4.185,16.336,0.000,0.706,0.107,18,12,17,time_of_use,0,263.779
Z04,older_residential,91,2024-04-01,0,4,28.221,21.724,59.819,5.646,16.512,0.000,0.732,0.139,27,19,21,time_of_use,0,228.964
Z05,mixed_use,91,2024-04-01,0,4,24.999,19.036,61.610,6.223,9.838,0.000,0.750,0.181,36,28,10,time_of_use,0,226.206
Z06,coastal,91,2024-04-01,0,4,21.869,16.065,62.810,5.287,4.935,0.000,0.759,0.213,49,39,6,time_of_use,0,194.477
Z07,campus,91,2024-04-01,0,4,23.742,17.666,58.369,3.860,7.079,0.000,0.759,0.218,39,31,8,time_of_use,0,204.983
Z08,suburban,91,2024-04-01,0,4,22.549,15.868,57.540,3.501,13.672,6.250,0.751,0.193,45,47,11,time_of_use,0,195.532
Z01,compact_urban,92,2024-04-02,1,4,28.694,20.553,59.719,3.578,5.297,0.000,0.657,0.122,23,9,13,critical_peak,0,223.587
Z02,tree_rich,92,2024-04-02,1,4,27.137,19.413,62.123,3.819,10.059,0.000,0.684,0.101,42,43,7,critical_peak,0,185.289
Z03,industrial_edge,92,2024-04-02,1,4,29.107,22.063,59.703,5.215,16.205,7.466,0.711,0.110,18,12,17,critical_peak,0,258.036
Z04,older_residential,92,2024-04-02,1,4,25.829,19.479,62.154,6.240,,0.000,0.735,0.145,27,19,21,critical_peak,0,222.019
Z05,mixed_use,92,2024-04-02,1,4,24.351,18.462,61.903,5.774,8.580,0.000,0.751,0.187,36,28,10,critical_peak,0,219.111
Z06,coastal,92,2024-04-02,1,4,23.003,17.174,61.085,4.326,5.260,0.000,0.758,0.216,49,39,6,critical_peak,0,186.149
Z07,campus,92,2024-04-02,1,4,25.598,19.407,55.868,3.479,8.758,0.000,0.755,0.216,39,31,8,critical_peak,0,199.448
Z08,suburban,92,2024-04-02,1,4,24.686,17.840,54.821,4.158,15.283,0.000,0.746,0.188,45,47,11,critical_peak,0,191.052
Z01,compact_urban,93,2024-04-03,2,4,26.979,18.900,,3.596,4.750,0.000,0.662,0.117,23,9,13,flat,0,226.925
Z02,tree_rich,93,2024-04-03,2,4,25.981,18.398,63.421,4.739,10.630,0.000,0.689,0.100,42,43,7,flat,0,193.621
Z03,industrial_edge,93,2024-04-03,2,4,28.650,21.773,60.044,6.072,16.528,0.000,0.716,0.114,18,12,17,flat,0,265.788
Z04,older_residential,93,2024-04-03,2,4,26.623,20.408,60.955,6.139,14.669,0.000,0.738,0.151,27,19,21,flat,0,229.419
Z05,mixed_use,93,2024-04-03,2,4,26.464,20.628,59.141,4.867,8.483,0.000,0.752,0.193,36,28,10,flat,0,225.571
Z06,coastal,93,2024-04-03,2,4,24.589,18.711,58.861,3.645,5.954,0.000,0.756,0.218,49,39,6,flat,0,191.339
Z07,campus,93,2024-04-03,2,4,25.547,19.223,55.478,3.810,9.734,0.000,0.751,0.213,39,31,8,flat,0,207.427
Z08,suburban,93,2024-04-03,2,4,23.780,16.767,55.475,5.180,15.505,0.000,0.741,0.182,45,47,11,flat,0,201.088
Z01,compact_urban,94,2024-04-04,3,4,27.343,19.348,61.591,4.286,5.255,0.000,0.666,0.112,23,9,13,time_of_use,1,245.677
Z02,tree_rich,94,2024-04-04,3,4,27.947,20.516,61.245,5.748,12.480,0.000,0.694,0.100,42,43,7,time_of_use,0,191.376
Z03,industrial_edge,94,2024-04-04,3,4,30.452,23.740,57.863,6.339,17.583,0.000,0.720,0.118,18,12,17,time_of_use,0,264.649
Z04,older_residential,94,2024-04-04,3,4,27.617,21.521,59.509,5.414,14.259,6.637,0.741,0.158,27,19,21,time_of_use,0,224.395
Z05,mixed_use,94,2024-04-04,3,4,26.405,20.598,58.755,3.983,7.605,0.000,0.752,0.198,36,28,10,time_of_use,0,219.162
Z06,coastal,94,2024-04-04,3,4,22.886,16.938,60.255,3.611,5.516,0.000,0.753,0.219,49,39,6,time_of_use,0,187.640
Z07,campus,94,2024-04-04,3,4,23.389,16.921,57.420,4.703,9.889,0.000,0.747,0.210,39,31,8,time_of_use,0,205.288
Z08,suburban,94,2024-04-04,3,4,23.206,16.025,55.791,6.067,15.665,0.000,0.736,0.175,45,47,11,time_of_use,0,200.440
Z01,compact_urban,95,2024-04-05,4,4,29.955,22.064,58.857,5.315,6.866,0.000,0.671,0.109,23,9,13,critical_peak,0,226.607
Z02,tree_rich,95,2024-04-05,4,4,29.545,22.274,59.437,6.350,14.171,0.000,0.699,0.101,42,43,7,critical_peak,0,189.318
Z03,industrial_edge,95,2024-04-05,4,4,29.615,23.063,58.551,5.898,17.396,0.000,0.724,0.123,18,12,17,critical_peak,0,258.403
Z04,older_residential,95,2024-04-05,4,4,25.490,19.495,61.471,4.452,12.495,0.000,0.742,0.164,27,19,21,critical_peak,0,215.761
Z05,mixed_use,95,2024-04-05,4,4,24.448,18.647,60.445,3.593,6.082,0.000,0.751,0.203,36,28,10,critical_peak,0,213.518
Z06,coastal,95,2024-04-05,4,4,21.686,15.647,,4.259,5.452,0.000,0.750,0.220,49,39,6,critical_peak,0,187.112
Z07,campus,95,2024-04-05,4,4,24.068,17.444,56.261,5.723,11.163,0.000,0.742,0.206,39,31,8,critical_peak,0,205.380
Z08,suburban,95,2024-04-05,4,4,25.906,18.561,52.537,6.385,16.926,0.000,0.730,0.169,45,47,11,critical_peak,0,198.753
Z01,compact_urban,96,2024-04-06,5,4,29.886,22.116,59.035,6.178,7.590,0.000,0.557,0.286,23,9,13,flat,0,238.804
Z02,tree_rich,96,2024-04-06,5,4,27.798,20.693,61.270,6.259,14.476,0.000,0.584,0.283,42,43,7,flat,0,198.972
Z03,industrial_edge,96,2024-04-06,5,4,27.035,20.634,61.124,4.994,16.317,0.000,0.608,0.309,18,12,17,flat,0,262.109
Z04,older_residential,96,2024-04-06,5,4,24.373,18.460,62.299,3.765,11.061,0.000,0.624,0.351,27,19,21,flat,1,245.175
Z05,mixed_use,96,2024-04-06,5,4,25.381,19.564,58.946,3.914,5.854,7.009,0.630,0.388,36,28,10,flat,0,225.993
Z06,coastal,96,2024-04-06,5,4,23.551,17.403,58.579,5.280,6.771,0.000,0.627,0.400,49,39,6,flat,0,199.804
Z07,campus,96,2024-04-06,5,4,26.289,19.502,53.426,6.369,13.001,0.000,0.617,0.382,39,31,8,flat,0,219.023
Z08,suburban,96,2024-04-06,5,4,27.467,19.965,50.567,5.991,17.515,0.000,0.605,0.342,45,47,11,flat,0,207.619
Z01,compact_urban,97,2024-04-07,6,4,28.467,20.832,60.660,6.454,7.930,0.000,0.562,0.283,23,9,13,time_of_use,0,234.835
Z02,tree_rich,97,2024-04-07,6,4,27.074,20.137,61.940,5.540,15.101,0.000,0.589,0.285,42,43,7,time_of_use,0,194.758
Z03,industrial_edge,97,2024-04-07,6,4,27.441,21.179,60.381,4.107,16.237,0.000,0.611,0.315,18,12,17,time_of_use,0,258.154
Z04,older_residential,97,2024-04-07,6,4,26.335,20.482,59.721,3.720,10.817,0.000,0.624,0.357,27,19,21,time_of_use,0,223.059
Z05,mixed_use,97,2024-04-07,6,4,27.348,21.490,56.306,4.802,6.197,0.000,0.628,0.391,36,28,10,time_of_use,0,226.894
Z06,coastal,97,2024-04-07,6,4,23.932,17.657,57.701,6.171,7.629,0.000,0.623,0.399,49,39,6,time_of_use,0,198.127
Z07,campus,97,2024-04-07,6,4,25.564,18.611,53.855,6.331,13.573,0.000,0.612,0.377,39,31,8,time_of_use,0,213.875
Z08,suburban,97,2024-04-07,6,4,26.218,18.569,51.721,5.106,16.766,0.000,0.600,0.336,45,47,11,time_of_use,0,200.248
Z01,compact_urban,98,2024-04-08,0,4,30.120,22.634,58.867,6.022,9.623,0.000,0.687,0.101,23,9,13,critical_peak,0,233.296
Z02,tree_rich,98,2024-04-08,0,4,28.931,22.161,59.735,4.578,16.636,0.000,0.713,0.108,42,43,7,critical_peak,0,188.834
Z03,industrial_edge,98,2024-04-08,0,4,28.571,22.435,58.811,3.707,16.257,0.000,0.733,0.141,18,12,17,critical_peak,0,254.481
Z04,older_residential,98,2024-04-08,0,4,26.610,20.796,58.981,4.360,9.890,0.000,0.744,0.184,27,19,21,critical_peak,0,219.737
Z05,mixed_use,98,2024-04-08,0,4,26.089,20.169,57.210,5.824,,0.000,0.745,0.214,36,28,10,critical_peak,0,222.264
Z06,coastal,98,2024-04-08,0,4,21.778,15.363,59.624,6.498,7.580,7.130,0.738,0.217,49,39,6,critical_peak,0,192.907
Z07,campus,98,2024-04-08,0,4,24.621,17.500,54.550,5.647,13.938,0.000,0.727,0.191,39,31,8,critical_peak,1,226.397
Z08,suburban,98,2024-04-08,0,4,26.962,19.178,50.717,4.200,16.607,0.000,0.716,0.149,45,47,11,critical_peak,0,190.973
Z01,compact_urban,99,2024-04-09,1,4,32.013,24.685,56.773,5.121,11.495,6.647,0.692,0.100,23,9,13,flat,0,242.684
Z02,tree_rich,99,2024-04-09,1,4,28.519,21.912,59.989,3.883,17.109,0.000,0.717,0.111,42,43,7,flat,0,194.478
Z03,industrial_edge,99,2024-04-09,1,4,26.547,20.518,60.685,4.019,14.837,0.000,0.735,0.147,18,12,17,flat,0,258.579
Z04,older_residential,99,2024-04-09,1,4,24.629,18.829,60.709,5.379,8.087,0.000,,0.189,27,19,21,flat,0,225.887
Z05,mixed_use,99,2024-04-09,1,4,24.772,18.767,58.181,6.477,4.802,0.000,0.742,0.217,36,28,10,flat,0,228.581
Z06,coastal,99,2024-04-09,1,4,22.056,15.488,58.887,6.114,8.580,0.000,0.733,0.215,49,39,6,flat,0,197.591
Z07,campus,99,2024-04-09,1,4,27.048,19.761,51.565,4.686,15.504,0.000,0.722,0.185,39,31,8,flat,0,209.811
Z08,suburban,99,2024-04-09,1,4,29.713,21.811,47.542,3.753,17.061,0.000,0.711,0.143,45,47,11,flat,0,197.045
Z01,compact_urban,100,2024-04-10,2,4,30.525,23.361,58.359,4.229,12.057,0.000,0.697,0.100,23,9,13,time_of_use,0,232.522
Z02,tree_rich,100,2024-04-10,2,4,25.873,19.419,62.668,3.829,16.507,0.000,0.720,0.115,42,43,7,time_of_use,0,188.116
Z03,industrial_edge,100,2024-04-10,2,4,24.982,19.042,,4.901,13.443,0.000,0.736,0.154,18,12,17,time_of_use,0,252.383
Z04,older_residential,100,2024-04-10,2,4,25.291,19.482,59.517,6.275,7.403,0.000,0.741,0.195,27,19,21,time_of_use,0,223.284
Z05,mixed_use,100,2024-04-10,2,4,26.629,20.522,55.662,6.449,5.634,0.000,0.738,0.219,36,28,10,time_of_use,0,224.437
Z06,coastal,100,2024-04-10,2,4,24.319,17.591,55.985,5.233,10.418,0.000,0.728,0.212,49,39,6,time_of_use,0,189.338
Z07,campus,100,2024-04-10,2,4,28.910,21.463,49.233,3.955,16.675,6.505,0.716,0.179,39,31,8,time_of_use,0,204.557
Z08,suburban,100,2024-04-10,2,4,29.549,21.545,47.611,4.013,16.181,0.000,0.708,0.137,45,47,11,time_of_use,0,193.391
Z01,compact_urban,101,2024-04-11,3,4,29.551,22.555,59.341,3.821,12.822,0.000,0.701,0.100,23,9,13,critical_peak,0,224.451
Z02,tree_rich,101,2024-04-11,3,4,25.921,19.611,62.349,4.461,16.785,7.457,0.723,0.120,42,43,7,critical_peak,0,184.743
Z03,industrial_edge,101,2024-04-11,3,4,26.705,20.833,59.734,5.924,13.231,0.000,0.736,0.160,18,12,17,critical_peak,0,253.221
Z04,older_residential,101,2024-04-11,3,4,27.550,21.709,56.561,6.611,7.449,0.000,0.739,0.200,27,19,21,critical_peak,0,222.587
Z05,mixed_use,101,2024-04-11,3,4,27.479,21.251,54.258,5.772,6.239,0.000,0.734,0.220,36,28,10,critical_peak,0,218.934
Z06,coastal,101,2024-04-11,3,4,23.807,16.914,56.156,4.323,11.155,0.000,0.723,0.209,49,39,6,critical_peak,0,182.713
Z07,campus,101,2024-04-11,3,4,27.759,20.161,50.245,3.848,16.457,0.000,0.712,0.173,39,31,8,critical_peak,0,199.566
Z08,suburban,101,2024-04-11,3,4,27.931,19.845,49.316,4.866,14.580,0.000,0.704,0.131,45,47,11,critical_peak,0,192.137
Z01,compact_urban,102,2024-04-12,4,4,31.419,24.590,57.160,4.122,14.679,0.000,0.706,0.102,23,9,13,flat,0,236.670
Z02,tree_rich,102,2024-04-12,4,4,27.190,21.011,60.656,5.477,17.339,0.000,0.725,0.125,42,43,7,flat,0,196.172
Z03,industrial_edge,102,2024-04-12,4,4,27.267,21.441,58.696,6.585,12.450,0.000,0.736,0.167,18,12,17,flat,0,264.581
Z04,older_residential,102,2024-04-12,4,4,26.760,20.864,56.953,6.236,6.397,0.000,0.736,0.205,27,19,21,flat,0,229.210
Z05,mixed_use,102,2024-04-12,4,4,25.448,19.084,56.033,4.811,5.857,0.000,0.729,0.220,36,28,10,flat,0,223.233
Z06,coastal,102,2024-04-12,4,4,22.516,15.454,57.208,3.867,11.556,0.000,0.718,0.205,49,39,6,flat,0,190.752
Z07,campus,102,2024-04-12,4,4,28.179,20.442,49.563,4.436,16.673,0.000,0.707,0.166,39,31,8,flat,0,210.696
Z08,suburban,102,2024-04-12,4,4,29.274,21.128,,5.896,14.058,7.573,,0.125,45,47,11,flat,0,204.788
Z01,compact_urban,103,2024-04-13,5,4,31.472,24.807,56.940,4.999,15.720,0.000,0.589,0.283,23,9,13,time_of_use,0,237.607
Z02,tree_rich,103,2024-04-13,5,4,25.352,19.287,62.352,6.378,16.434,0.000,0.607,0.311,42,43,7,time_of_use,0,196.815
Z03,industrial_edge,103,2024-04-13,5,4,25.272,19.469,60.453,6.566,10.577,6.110,0.615,0.353,18,12,17,time_of_use,0,259.816
Z04,older_residential,103,2024-04-13,5,4,25.369,19.397,58.002,5.358,5.250,0.000,0.613,0.389,27,19,21,time_of_use,0,223.532
Z05,mixed_use,103,2024-04-13,5,4,25.368,18.855,55.675,4.074,6.404,0.000,0.605,0.400,36,28,10,time_of_use,0,219.428
Z06,coastal,103,2024-04-13,5,4,24.575,17.347,54.600,4.117,13.238,0.000,0.593,0.380,49,39,6,time_of_use,0,189.116
Z07,campus,103,2024-04-13,5,4,31.026,23.164,46.247,5.440,17.665,0.000,0.583,0.340,39,31,8,time_of_use,0,214.030
Z08,suburban,103,2024-04-13,5,4,30.713,22.528,46.221,6.597,13.505,0.000,0.579,0.300,45,47,11,time_of_use,0,204.722
Z01,compact_urban,104,2024-04-14,6,4,28.875,22.367,59.598,6.023,15.574,0.000,0.593,0.286,23,9,13,critical_peak,0,233.649
Z02,tree_rich,104,2024-04-14,6,4,23.393,17.423,64.155,6.723,15.267,0.000,0.608,0.317,42,43,7,critical_peak,0,195.579
Z03,industrial_edge,104,2024-04-14,6,4,25.595,19.792,59.646,5.896,9.596,0.000,0.613,0.360,18,12,17,critical_peak,0,256.339
Z04,older_residential,104,2024-04-14,6,4,27.188,21.119,55.523,4.445,5.552,0.000,0.609,0.392,27,19,21,critical_peak,0,220.699
Z05,mixed_use,104,2024-04-14,6,4,27.647,20.978,52.737,3.956,8.022,0.000,0.599,0.399,36,28,10,critical_peak,0,217.482
Z06,coastal,104,2024-04-14,6,4,26.649,19.259,52.004,4.963,,0.000,0.588,0.375,49,39,6,critical_peak,0,187.617
Z07,campus,104,2024-04-14,6,4,31.313,23.343,45.782,6.366,17.441,0.000,0.579,0.333,39,31,8,critical_peak,0,211.833
Z08,suburban,104,2024-04-14,6,4,28.780,20.580,48.388,6.631,11.574,0.000,0.577,0.295,45,47,11,critical_peak,0,199.033
Z01,compact_urban,105,2024-04-15,0,4,28.608,22.248,59.659,6.691,16.197,0.000,0.715,0.109,23,9,13,flat,0,243.417
Z02,tree_rich,105,2024-04-15,0,4,24.816,18.922,62.212,6.356,15.251,0.000,0.728,0.143,42,43,7,flat,0,202.814
Z03,industrial_edge,105,2024-04-15,0,4,28.037,22.210,56.497,4.934,9.466,0.000,0.731,0.186,18,12,17,flat,0,265.554
Z04,older_residential,105,2024-04-15,0,4,28.522,22.339,53.580,3.980,5.839,7.862,0.725,0.215,27,19,21,flat,0,227.795
Z05,mixed_use,105,2024-04-15,0,4,27.393,20.559,52.603,4.535,8.729,0.000,0.714,0.217,36,28,10,flat,0,224.258
Z06,coastal,105,2024-04-15,0,4,25.594,18.049,52.880,5.994,15.064,0.000,0.703,0.189,49,39,6,flat,0,194.774
Z07,campus,105,2024-04-15,0,4,29.654,21.595,47.495,6.762,16.259,0.000,0.696,0.147,39,31,8,flat,0,215.822
Z08,suburban,105,2024-04-15,0,4,27.511,19.320,49.863,6.000,9.919,0.000,0.696,0.111,45,47,11,flat,0,201.834
Z01,compact_urban,106,2024-04-16,1,4,30.021,23.796,57.840,6.682,17.299,0.000,0.717,0.113,23,9,13,time_of_use,0,242.103
Z02,tree_rich,106,2024-04-16,1,4,25.622,19.782,60.925,5.482,14.805,0.000,0.728,0.149,42,43,7,time_of_use,0,196.388
Z03,industrial_edge,106,2024-04-16,1,4,27.710,21.836,56.385,4.191,8.270,0.000,0.728,0.192,18,12,17,time_of_use,0,257.979
Z04,older_residential,106,2024-04-16,1,4,26.724,20.410,55.089,4.219,5.061,0.000,0.721,0.218,27,19,21,time_of_use,0,220.103
Z05,mixed_use,106,2024-04-16,1,4,25.805,18.804,53.958,5.536,8.973,0.000,0.709,0.214,36,28,10,time_of_use,0,219.010
Z06,coastal,106,2024-04-16,1,4,25.640,17.951,52.576,6.702,15.591,0.000,0.698,0.183,49,39,6,time_of_use,0,190.131
Z07,campus,106,2024-04-16,1,4,30.760,22.633,46.204,6.444,16.021,0.000,0.693,0.140,39,31,8,time_of_use,0,209.938
Z08,suburban,106,2024-04-16,1,4,29.191,21.031,48.131,5.042,9.492,0.000,0.696,0.108,45,47,11,time_of_use,0,194.355
Z01,compact_urban,107,2024-04-17,2,4,28.461,22.357,59.259,6.018,16.998,0.000,0.719,0.117,23,9,13,critical_peak,0,232.236
Z02,tree_rich,107,2024-04-17,2,4,23.635,17.827,62.690,4.565,13.083,0.000,0.727,0.156,42,43,7,critical_peak,0,188.218
Z03,industrial_edge,107,2024-04-17,2,4,26.275,20.333,57.486,4.062,6.709,0.000,0.725,0.197,18,12,17,critical_peak,0,249.506
Z04,older_residential,107,2024-04-17,2,4,26.343,19.885,55.049,5.059,5.038,0.000,0.716,0.219,27,19,21,critical_peak,0,215.974
Z05,mixed_use,107,2024-04-17,2,4,27.432,20.263,,6.466,10.543,5.533,0.704,0.211,36,28,10,critical_peak,0,217.176
Z06,coastal,107,2024-04-17,2,4,28.467,20.648,49.246,6.746,17.070,0.000,0.694,0.177,49,39,6,critical_peak,0,185.936
Z07,campus,107,2024-04-17,2,4,32.486,24.312,44.269,5.593,15.892,0.000,0.691,0.134,39,31,8,critical_peak,0,204.535
Z08,suburban,107,2024-04-17,2,4,29.164,21.058,48.314,4.267,8.470,0.000,0.696,0.105,45,47,11,critical_peak,0,188.144
Z01,compact_urban,108,2024-04-18,3,4,26.191,20.189,61.430,5.057,16.183,0.000,0.720,0.122,23,9,13,flat,0,232.165
Z02,tree_rich,108,2024-04-18,3,4,23.564,17.764,62.331,4.091,11.999,0.000,0.725,0.163,42,43,7,flat,0,194.018
Z03,industrial_edge,108,2024-04-18,3,4,28.005,21.973,55.103,4.633,6.526,0.000,0.721,0.202,18,12,17,flat,0,261.370
Z04,older_residential,108,2024-04-18,3,4,28.626,22.013,52.092,6.091,6.263,0.000,0.711,0.220,27,19,21,flat,0,229.357
Z05,mixed_use,108,2024-04-18,3,4,29.636,22.303,49.033,6.871,12.351,0.000,0.699,0.207,36,28,10,flat,0,228.232
Z06,coastal,108,2024-04-18,3,4,29.180,21.246,48.278,6.121,17.529,0.000,0.690,0.171,49,39,6,flat,0,192.786
Z07,campus,108,2024-04-18,3,4,30.804,22.607,46.122,4.661,14.288,0.000,0.689,0.129,39,31,8,flat,0,208.828
Z08,suburban,108,2024-04-18,3,4,26.725,18.696,51.185,4.086,6.604,0.000,0.697,0.102,45,47,11,flat,0,196.213
Z01,compact_urban,109,2024-04-19,4,4,27.282,21.363,59.877,4.306,16.478,0.000,0.720,0.127,23,9,13,time_of_use,0,228.041
Z02,tree_rich,109,2024-04-19,4,4,26.070,20.254,59.124,4.320,11.855,0.000,0.722,0.169,42,43,7,time_of_use,0,191.547
Z03,industrial_edge,109,2024-04-19,4,4,29.808,23.668,52.641,5.631,6.514,0.000,,0.206,18,12,17,time_of_use,0,263.982
Z04,older_residential,109,2024-04-19,4,4,28.682,21.907,51.598,6.806,6.770,0.000,0.706,0.220,27,19,21,time_of_use,0,228.265
Z05,mixed_use,109,2024-04-19,4,4,28.675,21.184,49.776,6.561,12.865,0.000,0.694,0.203,36,28,10,time_of_use,0,223.360
Z06,coastal,109,2024-04-19,4,4,27.525,19.496,49.949,5.165,16.860,8.209,0.687,0.164,49,39,6,time_of_use,0,186.360
Z07,campus,109,2024-04-19,4,4,29.184,20.987,47.944,4.142,12.630,0.000,0.688,0.123,39,31,8,time_of_use,0,202.993
Z08,suburban,109,2024-04-19,4,4,26.842,18.909,51.280,4.611,5.911,0.000,0.699,0.101,45,47,11,time_of_use,0,195.084
Z01,compact_urban,110,2024-04-20,5,4,28.301,22.445,58.378,4.168,16.511,5.092,0.599,0.313,23,9,13,critical_peak,0,227.872
Z02,tree_rich,110,2024-04-20,5,4,26.174,20.320,58.546,5.154,10.697,0.000,0.600,0.356,42,43,7,critical_peak,0,192.461
Z03,industrial_edge,110,2024-04-20,5,4,28.337,22.071,53.784,6.565,5.361,0.000,0.592,0.390,18,12,17,critical_peak,0,262.623
Z04,older_residential,110,2024-04-20,5,4,26.876,19.935,53.172,6.859,6.685,0.000,0.580,0.399,27,19,21,critical_peak,0,224.542
Z05,mixed_use,110,2024-04-20,5,4,28.308,20.669,49.895,5.714,13.556,0.000,0.570,0.378,36,28,10,critical_peak,0,219.168
Z06,coastal,110,2024-04-20,5,4,28.374,20.269,48.902,4.382,17.011,0.000,0.564,0.337,49,39,6,critical_peak,0,182.933
Z07,campus,110,2024-04-20,5,4,30.635,22.462,46.426,4.318,,0.000,0.568,0.298,39,31,8,critical_peak,0,202.726
Z08,suburban,110,2024-04-20,5,4,28.706,20.888,49.486,5.592,6.091,0.000,0.581,0.280,45,47,11,critical_peak,0,195.544
Z01,compact_urban,111,2024-04-21,6,4,26.361,20.544,60.112,4.729,,0.000,0.598,0.319,23,9,13,flat,0,235.474
Z02,tree_rich,111,2024-04-21,6,4,24.709,18.793,59.686,6.185,8.902,0.000,0.596,0.362,42,43,7,flat,0,204.424
Z03,industrial_edge,111,2024-04-21,6,4,27.718,21.313,53.996,6.978,4.737,0.000,0.587,0.394,18,12,17,flat,1,294.044
Z04,older_residential,111,2024-04-21,6,4,28.036,20.927,51.504,6.241,7.916,0.000,0.575,0.398,27,19,21,flat,0,233.533
Z05,mixed_use,111,2024-04-21,6,4,30.992,23.217,46.689,4.780,15.377,0.000,0.566,0.373,36,28,10,flat,0,228.370
Z06,coastal,111,2024-04-21,6,4,30.363,22.203,46.641,4.191,17.441,0.000,0.562,0.331,49,39,6,flat,0,191.440
Z07,campus,111,2024-04-21,6,4,30.842,22.715,46.315,5.118,11.173,4.923,0.568,0.294,39,31,8,flat,0,212.246
Z08,suburban,111,2024-04-21,6,4,27.641,19.953,50.946,6.548,5.291,0.000,0.584,0.280,45,47,11,flat,0,204.780
Z01,compact_urban,112,2024-04-22,0,4,25.864,20.063,60.239,5.723,14.142,0.000,0.716,0.145,23,9,13,time_of_use,0,233.019
Z02,tree_rich,112,2024-04-22,0,4,26.285,20.288,,6.907,8.355,8.425,0.712,0.188,42,43,7,time_of_use,0,202.289
Z03,industrial_edge,112,2024-04-22,0,4,29.991,23.434,51.037,6.677,5.469,0.000,0.702,0.216,18,12,17,time_of_use,0,270.303
Z04,older_residential,112,2024-04-22,0,4,30.302,23.027,48.643,5.285,9.693,0.000,0.690,0.216,27,19,21,time_of_use,0,228.921
Z05,mixed_use,112,2024-04-22,0,4,32.074,24.180,45.279,4.251,16.438,0.000,0.682,0.187,36,28,10,time_of_use,0,222.114
Z06,coastal,112,2024-04-22,0,4,29.021,20.830,48.080,4.707,16.373,0.000,0.681,0.144,49,39,6,time_of_use,0,185.219
Z07,campus,112,2024-04-22,0,4,28.281,20.223,49.285,6.153,9.110,0.000,,0.110,39,31,8,time_of_use,0,205.263
Z08,suburban,112,2024-04-22,0,4,25.937,18.393,53.139,7.009,4.438,0.000,0.708,0.101,45,47,11,time_of_use,0,198.931
Z01,compact_urban,113,2024-04-23,1,4,28.315,22.508,57.105,6.661,14.149,0.000,0.714,0.152,23,9,13,critical_peak,0,235.409
Z02,tree_rich,113,2024-04-23,1,4,28.507,22.408,54.551,6.969,8.139,0.000,0.708,0.194,42,43,7,critical_peak,0,198.093
Z03,industrial_edge,113,2024-04-23,1,4,30.411,23.694,50.128,5.834,5.668,0.000,0.697,0.218,18,12,17,critical_peak,0,263.416
Z04,older_residential,113,2024-04-23,1,4,29.445,22.010,49.243,4.496,10.290,0.000,0.685,0.213,27,19,21,critical_peak,0,219.757
Z05,mixed_use,113,2024-04-23,1,4,30.452,22.454,46.878,4.417,16.276,0.000,0.679,0.181,36,28,10,critical_peak,0,214.678
Z06,coastal,113,2024-04-23,1,4,27.145,18.945,50.147,5.684,14.944,0.000,0.680,0.138,49,39,6,critical_peak,1,202.678
Z07,campus,113,2024-04-23,1,4,27.870,19.901,49.926,6.912,7.969,0.000,0.691,0.106,39,31,8,critical_peak,0,201.130
Z08,suburban,113,2024-04-23,1,4,27.517,20.128,51.746,6.759,5.104,8.497,0.711,0.102,45,47,11,critical_peak,0,193.340
Z01,compact_urban,114,2024-04-24,2,4,28.804,22.966,56.116,7.083,13.229,0.000,0.711,0.158,23,9,13,flat,0,243.569
Z02,tree_rich,114,2024-04-24,2,4,27.430,21.211,55.256,6.358,6.715,0.000,0.703,0.199,42,43,7,flat,0,202.207
Z03,industrial_edge,114,2024-04-24,2,4,28.489,21.607,51.811,4.896,5.134,4.460,0.692,0.219,18,12,17,flat,0,263.622
Z04,older_residential,114,2024-04-24,2,4,28.644,21.057,49.809,4.294,10.947,0.000,0.681,0.210,27,19,21,flat,0,224.270
Z05,mixed_use,114,2024-04-24,2,4,31.011,22.930,46.114,5.210,16.824,0.000,0.676,0.175,36,28,10,flat,0,224.116
Z06,coastal,114,2024-04-24,2,4,28.372,20.187,48.837,6.643,14.630,0.000,0.680,0.132,49,39,6,flat,0,191.083
Z07,campus,114,2024-04-24,2,4,29.672,21.811,,7.027,7.805,0.000,0.694,0.104,39,31,8,flat,0,211.070
Z08,suburban,114,2024-04-24,2,4,28.800,21.573,50.706,5.942,5.853,0.000,0.716,0.104,45,47,11,flat,0,199.801
Z01,compact_urban,115,2024-04-25,3,4,27.313,21.422,57.294,6.791,11.414,0.000,0.707,0.165,23,9,13,time_of_use,0,234.223
Z02,tree_rich,115,2024-04-25,3,4,26.631,20.278,55.660,5.403,5.551,0.000,0.698,0.204,42,43,7,time_of_use,0,193.981
Z03,industrial_edge,115,2024-04-25,3,4,29.181,22.132,50.637,4.359,5.843,0.000,0.686,0.220,18,12,17,time_of_use,0,258.446
Z04,older_residential,115,2024-04-25,3,4,31.065,23.338,46.862,4.800,12.892,0.000,0.677,0.206,27,19,21,time_of_use,0,225.238
Z05,mixed_use,115,2024-04-25,3,4,33.211,25.068,43.582,6.244,17.855,0.000,0.674,0.168,36,28,10,time_of_use,0,225.709
Z06,coastal,115,2024-04-25,3,4,28.847,20.701,48.393,7.113,13.917,0.000,0.681,0.127,49,39,6,time_of_use,0,189.397
Z07,campus,115,2024-04-25,3,4,28.825,21.089,49.356,6.457,6.705,0.000,0.697,0.102,39,31,8,time_of_use,0,205.989
Z08,suburban,115,2024-04-25,3,4,26.939,19.879,53.148,4.993,5.534,0.000,0.720,0.107,45,47,11,time_of_use,0,194.890
Z01,compact_urban,116,2024-04-26,4,4,28.660,22.694,55.340,5.952,10.674,0.000,0.703,0.172,23,9,13,critical_peak,0,229.995
Z02,tree_rich,116,2024-04-26,4,4,28.878,22.377,52.720,4.608,5.782,0.000,0.693,0.208,42,43,7,critical_peak,0,188.541
Z03,industrial_edge,116,2024-04-26,4,4,31.458,24.242,47.740,4.514,7.366,0.000,0.681,0.220,18,12,17,critical_peak,0,259.884
Z04,older_residential,116,2024-04-26,4,4,32.444,24.591,45.091,5.774,14.385,8.667,0.673,0.201,27,19,21,critical_peak,0,227.111
Z05,mixed_use,116,2024-04-26,4,4,32.274,24.091,44.539,7.009,17.449,0.000,0.673,0.162,36,28,10,critical_peak,0,224.023
Z06,coastal,116,2024-04-26,4,4,26.271,18.185,51.343,6.871,11.913,0.000,0.682,0.121,49,39,6,critical_peak,0,185.210
Z07,campus,116,2024-04-26,4,4,26.849,19.253,51.817,5.510,5.301,0.000,0.700,0.101,39,31,8,critical_peak,0,199.783
Z08,suburban,116,2024-04-26,4,4,26.362,19.469,54.198,4.413,,0.000,0.725,0.110,45,47,11,critical_peak,0,191.300
Z01,compact_urban,117,2024-04-27,5,4,31.220,25.159,52.046,5.011,10.404,0.000,0.579,0.358,23,9,13,flat,0,242.291
Z02,tree_rich,117,2024-04-27,5,4,29.706,23.048,51.350,4.396,,0.000,0.568,0.392,42,43,7,flat,0,198.440
Z03,industrial_edge,117,2024-04-27,5,4,30.731,23.352,48.172,5.300,7.846,0.000,0.557,0.399,18,12,17,flat,0,270.914
Z04,older_residential,117,2024-04-27,5,4,30.866,22.903,46.608,6.736,14.625,0.000,0.550,0.376,27,19,21,flat,0,237.583
Z05,mixed_use,117,2024-04-27,5,4,30.233,22.033,46.748,7.134,16.419,0.000,0.552,0.335,36,28,10,flat,0,232.520
Z06,coastal,117,2024-04-27,5,4,25.358,17.355,52.500,6.059,10.539,0.000,0.564,0.296,49,39,6,flat,0,193.356
Z07,campus,117,2024-04-27,5,4,28.131,20.686,50.725,4.686,5.365,0.000,0.584,0.280,39,31,8,flat,0,209.127
Z08,suburban,117,2024-04-27,5,4,28.465,21.738,52.317,4.515,7.490,0.000,0.610,0.294,45,47,11,flat,0,201.847
Z01,compact_urban,118,2024-04-28,6,4,30.574,24.400,52.277,4.465,8.882,0.000,0.574,0.364,23,9,13,time_of_use,0,237.052
Z02,tree_rich,118,2024-04-28,6,4,27.781,20.959,53.020,4.892,4.627,0.000,0.563,0.395,42,43,7,time_of_use,0,196.243
Z03,industrial_edge,118,2024-04-28,6,4,29.501,21.967,49.182,6.333,8.254,0.000,0.552,0.397,18,12,17,time_of_use,0,268.021
Z04,older_residential,118,2024-04-28,6,4,31.092,23.038,46.174,7.213,15.482,0.000,0.548,0.371,27,19,21,time_of_use,0,235.864
Z05,mixed_use,118,2024-04-28,6,4,31.242,23.050,45.639,6.571,16.433,3.804,0.552,0.329,36,28,10,time_of_use,0,228.709
Z06,coastal,118,2024-04-28,6,4,27.040,19.138,50.839,5.107,10.199,0.000,0.566,0.292,49,39,6,time_of_use,0,187.771
Z07,campus,118,2024-04-28,6,4,29.737,22.451,49.305,4.423,5.739,0.000,0.588,0.280,39,31,8,time_of_use,0,205.833
Z08,suburban,118,2024-04-28,6,4,28.355,21.788,52.886,5.265,8.313,0.000,0.616,0.299,45,47,11,time_of_use,0,199.287
Z01,compact_urban,119,2024-04-29,0,4,29.641,23.337,52.825,4.609,7.322,0.000,0.689,0.190,23,9,13,critical_peak,0,231.168
Z02,tree_rich,119,2024-04-29,0,4,28.033,21.044,52.312,5.861,4.706,0.000,,0.217,42,43,7,critical_peak,0,193.677
Z03,industrial_edge,119,2024-04-29,0,4,31.554,23.875,46.609,7.104,10.072,0.000,0.668,0.215,18,12,17,critical_peak,0,268.586
Z04,older_residential,119,2024-04-29,0,4,33.425,25.302,,6.981,17.051,0.000,0.666,0.185,27,19,21,critical_peak,0,233.241
Z05,mixed_use,119,2024-04-29,0,4,32.017,23.854,44.828,5.625,16.187,0.000,0.673,0.142,36,28,10,critical_peak,0,221.011
Z06,coastal,119,2024-04-29,0,4,26.417,18.634,51.748,4.519,8.967,0.000,0.689,0.108,49,39,6,critical_peak,0,179.801
Z07,campus,119,2024-04-29,0,4,28.158,21.038,51.412,4.871,5.026,0.000,0.713,0.101,39,31,8,critical_peak,0,199.372
Z08,suburban,119,2024-04-29,0,4,26.187,19.773,55.731,6.297,8.400,0.000,0.741,0.124,45,47,11,critical_peak,0,195.494
Z01,compact_urban,120,2024-04-30,1,4,31.832,25.385,49.939,5.387,7.129,0.000,0.684,0.196,23,9,13,flat,0,244.343
Z02,tree_rich,120,2024-04-30,1,4,30.288,23.131,49.419,6.826,5.812,0.000,0.673,0.219,42,43,7,flat,0,203.416
Z03,industrial_edge,120,2024-04-30,1,4,33.148,25.338,44.570,7.238,11.767,0.000,0.665,0.212,18,12,17,flat,0,278.248
Z04,older_residential,120,2024-04-30,1,4,32.924,24.753,43.898,6.173,17.328,0.000,0.665,0.179,27,19,21,flat,0,236.181
Z05,mixed_use,120,2024-04-30,1,4,29.543,21.433,47.628,4.795,14.494,0.000,0.674,0.136,36,28,10,flat,0,222.025
Z06,coastal,120,2024-04-30,1,4,24.193,16.545,54.451,4.610,7.158,8.844,0.693,0.105,49,39,6,flat,0,185.808
Z07,campus,120,2024-04-30,1,4,27.380,20.427,52.663,5.819,4.820,0.000,0.718,0.103,39,31,8,flat,0,208.383
Z08,suburban,120,2024-04-30,1,4,26.838,20.564,55.484,7.102,9.665,0.000,0.746,0.129,45,47,11,flat,0,205.275
Z01,compact_urban,121,2024-05-01,2,5,33.093,26.492,48.083,6.419,6.722,3.316,0.679,0.201,23,9,13,time_of_use,0,243.811
Z02,tree_rich,121,2024-05-01,2,5,29.730,22.409,49.641,7.311,6.012,0.000,0.668,0.220,42,43,7,time_of_use,0,198.160
Z03,industrial_edge,121,2024-05-01,2,5,31.617,23.691,46.001,6.682,12.232,0.000,0.662,0.208,18,12,17,time_of_use,0,267.454
Z04,older_residential,121,2024-05-01,2,5,30.799,22.603,46.161,5.219,16.778,0.000,0.664,0.172,27,19,21,time_of_use,0,224.301
Z05,mixed_use,121,2024-05-01,2,5,28.187,20.152,49.235,4.521,13.123,0.000,0.676,0.130,36,28,10,time_of_use,0,214.494
Z06,coastal,121,2024-05-01,2,5,25.093,17.592,53.749,5.351,6.692,0.000,0.697,0.103,49,39,6,time_of_use,0,183.849
Z07,campus,121,2024-05-01,2,5,29.576,22.790,50.662,6.802,5.986,0.000,0.723,0.105,39,31,8,time_of_use,0,209.329
Z08,suburban,121,2024-05-01,2,5,28.659,22.511,53.957,7.288,11.411,0.000,0.751,0.135,45,47,11,time_of_use,0,203.155
Z01,compact_urban,122,2024-05-02,3,5,31.279,24.516,49.619,7.196,5.273,0.000,0.674,0.205,23,9,13,critical_peak,0,236.396
Z02,tree_rich,122,2024-05-02,3,5,28.108,20.628,51.057,7.087,5.989,0.000,0.664,0.220,42,43,7,critical_peak,0,191.388
Z03,industrial_edge,122,2024-05-02,3,5,31.463,23.439,45.951,5.737,13.227,0.000,0.659,0.204,18,12,17,critical_peak,0,259.514
Z04,older_residential,122,2024-05-02,3,5,31.593,23.396,45.251,4.621,17.207,0.000,0.664,0.166,27,19,21,critical_peak,0,219.543
Z05,mixed_use,122,2024-05-02,3,5,29.715,21.775,47.708,4.959,12.806,0.000,0.679,0.125,36,28,10,critical_peak,0,213.823
Z06,coastal,122,2024-05-02,3,5,26.922,19.578,52.055,6.382,6.717,0.000,,0.101,49,39,6,critical_peak,0,184.567
Z07,campus,122,2024-05-02,3,5,30.016,23.393,50.610,7.334,6.619,3.131,0.728,0.108,39,31,8,critical_peak,0,209.112
Z08,suburban,122,2024-05-02,3,5,27.368,21.330,55.857,6.776,11.889,0.000,0.756,0.141,45,47,11,critical_peak,0,200.057
Z01,compact_urban,123,2024-05-03,4,5,31.139,24.210,49.326,7.338,4.709,0.000,0.669,0.209,23,9,13,flat,0,244.263
Z02,tree_rich,123,2024-05-03,4,5,29.714,22.085,48.948,6.284,7.438,8.932,0.660,0.220,42,43,7,flat,0,197.997
Z03,industrial_edge,123,2024-05-03,4,5,33.829,25.729,43.163,4.901,,0.000,0.658,0.199,18,12,17,flat,0,270.875
Z04,older_residential,123,2024-05-03,4,5,32.685,24.509,44.052,4.701,17.559,0.000,0.665,0.159,27,19,21,flat,0,230.456
Z05,mixed_use,123,2024-05-03,4,5,29.332,21.505,48.317,5.903,11.658,0.000,0.682,0.119,36,28,10,flat,0,225.303
Z06,coastal,123,2024-05-03,4,5,25.627,18.447,53.826,7.193,5.637,0.000,0.706,0.100,49,39,6,flat,0,196.278
Z07,campus,123,2024-05-03,4,5,27.984,21.517,53.294,7.161,6.414,0.000,0.734,0.112,39,31,8,flat,0,217.446
Z08,suburban,123,2024-05-03,4,5,26.049,20.101,57.787,5.843,12.295,0.000,0.760,0.148,45,47,11,flat,0,207.845
Z01,compact_urban,124,2024-05-04,5,5,33.354,26.256,,6.790,5.320,0.000,0.544,0.393,23,9,13,time_of_use,0,245.912
Z02,tree_rich,124,2024-05-04,5,5,31.442,23.677,46.732,5.327,9.085,0.000,0.536,0.398,42,43,7,time_of_use,0,194.810
Z03,industrial_edge,124,2024-05-04,5,5,33.763,25.606,43.088,4.617,16.046,0.000,0.537,0.374,18,12,17,time_of_use,0,268.259
Z04,older_residential,124,2024-05-04,5,5,30.431,22.300,46.572,5.435,16.377,0.000,0.546,0.333,27,19,21,time_of_use,0,226.969
Z05,mixed_use,124,2024-05-04,5,5,26.909,19.212,51.206,6.887,9.659,0.000,0.565,0.295,36,28,10,time_of_use,0,223.679
Z06,coastal,124,2024-05-04,5,5,24.631,17.618,55.292,7.387,4.838,0.000,0.591,0.280,49,39,6,time_of_use,0,195.070
Z07,campus,124,2024-05-04,5,5,28.422,22.100,53.272,6.388,7.325,0.000,0.619,0.296,39,31,8,time_of_use,0,214.420
Z08,suburban,124,2024-05-04,5,5,28.078,22.200,56.033,4.982,13.946,8.955,0.644,0.334,45,47,11,time_of_use,0,204.083
Z01,compact_urban,125,2024-05-05,6,5,33.017,25.753,46.417,5.846,5.153,0.000,0.539,0.396,23,9,13,critical_peak,0,240.394
Z02,tree_rich,125,2024-05-05,6,5,29.962,22.075,48.075,4.721,9.563,0.000,0.533,0.397,42,43,7,critical_peak,0,189.646
Z03,industrial_edge,125,2024-05-05,6,5,31.616,23.426,45.337,5.045,15.957,2.634,0.536,0.369,18,12,17,critical_peak,0,261.467
Z04,older_residential,125,2024-05-05,6,5,28.713,20.649,48.540,6.463,15.220,0.000,0.548,0.326,27,19,21,critical_peak,0,223.157
Z05,mixed_use,125,2024-05-05,6,5,27.366,19.812,50.960,7.427,8.813,0.000,0.569,0.291,36,28,10,critical_peak,0,221.753
Z06,coastal,125,2024-05-05,6,5,26.829,19.985,53.268,6.882,5.490,0.000,0.596,0.280,49,39,6,critical_peak,0,190.780
Z07,campus,125,2024-05-05,6,5,30.492,24.301,51.465,5.424,8.989,0.000,0.624,0.300,39,31,8,critical_peak,0,209.595
Z08,suburban,125,2024-05-05,6,5,29.354,23.525,55.099,4.647,15.170,0.000,0.647,0.341,45,47,11,critical_peak,0,199.000
Z01,compact_urban,126,2024-05-06,0,5,31.070,23.646,48.167,5.004,4.584,0.000,0.655,0.218,23,9,13,flat,0,241.832
Z02,tree_rich,126,2024-05-06,0,5,29.386,21.395,48.456,4.790,10.477,0.000,0.651,0.214,42,43,7,flat,1,218.470
Z03,industrial_edge,126,2024-05-06,0,5,32.187,23.987,44.635,5.983,16.792,0.000,0.656,0.183,18,12,17,flat,0,271.334
Z04,older_residential,126,2024-05-06,0,5,30.073,22.097,47.161,7.280,15.121,0.000,0.671,0.140,27,19,21,flat,0,233.338
Z05,mixed_use,126,2024-05-06,0,5,29.322,21.921,49.098,7.263,8.599,0.000,0.694,0.107,36,28,10,flat,0,229.100
Z06,coastal,126,2024-05-06,0,5,27.800,21.120,,5.951,5.832,0.000,0.721,0.102,49,39,6,flat,0,194.483
Z07,campus,126,2024-05-06,0,5,29.553,23.477,52.975,4.778,9.520,0.000,0.748,0.126,39,31,8,flat,0,212.995
Z08,suburban,126,2024-05-06,0,5,27.829,22.025,57.239,5.025,15.123,0.000,0.770,0.167,45,47,11,flat,0,205.702
Z01,compact_urban,127,2024-05-07,1,5,32.180,24.603,46.577,4.709,5.473,0.000,0.651,0.219,23,9,13,time_of_use,0,238.720
Z02,tree_rich,127,2024-05-07,1,5,31.671,23.596,45.722,5.515,12.566,0.000,0.649,0.211,42,43,7,time_of_use,0,194.270
Z03,industrial_edge,127,2024-05-07,1,5,33.593,25.406,43.052,6.969,17.775,0.000,0.657,0.176,18,12,17,time_of_use,0,271.067
Z04,older_residential,127,2024-05-07,1,5,29.961,22.092,47.437,7.483,14.279,8.994,0.674,0.134,27,19,21,time_of_use,0,227.625
Z05,mixed_use,127,2024-05-07,1,5,28.299,21.061,50.540,6.494,7.263,0.000,0.699,0.104,36,28,10,time_of_use,0,220.091
Z06,coastal,127,2024-05-07,1,5,25.976,19.454,55.055,5.084,5.237,0.000,0.726,0.103,49,39,6,time_of_use,0,186.142
Z07,campus,127,2024-05-07,1,5,27.971,21.993,55.194,4.793,9.830,0.000,0.753,0.131,39,31,8,time_of_use,0,206.945
Z08,suburban,127,2024-05-07,1,5,28.244,22.442,57.233,5.939,15.680,0.000,0.773,0.174,45,47,11,time_of_use,0,203.829
Z01,compact_urban,128,2024-05-08,2,5,33.972,26.254,44.263,5.127,6.852,0.000,0.648,0.220,23,9,13,critical_peak,0,238.429
Z02,tree_rich,128,2024-05-08,2,5,32.006,23.867,45.168,6.542,13.862,0.000,0.648,0.207,42,43,7,critical_peak,0,191.276
Z03,industrial_edge,128,2024-05-08,2,5,31.665,23.515,45.174,7.516,17.221,0.000,0.659,0.170,18,12,17,critical_peak,0,262.495
Z04,older_residential,128,2024-05-08,2,5,27.413,19.668,50.428,6.985,12.335,0.000,0.678,0.128,27,19,21,critical_peak,0,216.531
Z05,mixed_use,128,2024-05-08,2,5,27.070,19.998,52.238,5.529,5.944,0.000,0.704,0.102,36,28,10,critical_peak,1,233.371
Z06,coastal,128,2024-05-08,2,5,26.218,19.845,55.237,4.739,5.644,0.000,0.731,0.106,49,39,6,critical_peak,0,181.112
Z07,campus,128,2024-05-08,2,5,29.701,23.801,53.770,5.479,11.467,0.000,0.756,0.137,39,31,8,critical_peak,0,206.707
Z08,suburban,128,2024-05-08,2,5,31.098,25.275,54.529,6.940,17.028,0.000,0.774,0.180,45,47,11,critical_peak,0,203.940
Z01,compact_urban,129,2024-05-09,3,5,32.553,24.708,45.509,6.060,7.139,0.000,,0.220,23,9,13,flat,0,244.188
Z02,tree_rich,129,2024-05-09,3,5,29.881,21.701,47.357,7.363,14.116,0.000,0.648,0.203,42,43,7,flat,0,199.231
Z03,industrial_edge,129,2024-05-09,3,5,29.680,21.590,47.398,7.361,16.429,0.000,0.661,0.163,18,12,17,flat,0,265.386
Z04,older_residential,129,2024-05-09,3,5,27.399,19.792,50.667,6.056,,0.000,0.682,0.123,27,19,21,flat,0,221.982
Z05,mixed_use,129,2024-05-09,3,5,29.167,22.262,50.303,4.874,6.083,2.054,0.709,0.101,36,28,10,flat,0,220.277
Z06,coastal,129,2024-05-09,3,5,28.518,22.282,53.167,5.107,7.036,0.000,0.736,0.109,49,39,6,flat,0,192.272
Z07,campus,129,2024-05-09,3,5,31.187,25.343,52.613,6.500,12.975,0.000,0.760,0.143,39,31,8,flat,0,220.441
Z08,suburban,129,2024-05-09,3,5,31.412,25.544,54.601,7.531,17.167,0.000,0.776,0.186,45,47,11,flat,0,215.675
Z01,compact_urban,130,2024-05-10,4,5,31.529,23.573,46.351,7.048,7.743,0.000,0.643,0.219,23,9,13,time_of_use,0,240.797
Z02,tree_rich,130,2024-05-10,4,5,30.207,22.008,46.887,7.575,15.251,0.000,0.648,0.198,42,43,7,time_of_use,0,196.570
Z03,industrial_edge,130,2024-05-10,4,5,30.873,22.863,46.165,6.597,16.691,0.000,0.663,0.157,18,12,17,time_of_use,0,262.788
Z04,older_residential,130,2024-05-10,4,5,29.392,21.935,48.732,5.183,11.021,0.000,0.687,0.118,27,19,21,time_of_use,0,220.186
Z05,mixed_use,130,2024-05-10,4,5,30.614,23.876,49.105,4.878,6.113,0.000,0.714,0.100,36,28,10,time_of_use,0,219.604
Z06,coastal,130,2024-05-10,4,5,28.012,21.897,54.194,6.015,7.452,0.000,0.741,0.113,49,39,6,time_of_use,0,192.402
Z07,campus,130,2024-05-10,4,5,29.650,23.840,54.774,7.352,13.209,0.000,0.763,0.150,39,31,8,time_of_use,0,219.446
Z08,suburban,130,2024-05-10,4,5,30.156,24.221,56.381,7.428,16.483,0.000,0.776,0.192,45,47,11,time_of_use,1,235.126
Z01,compact_urban,131,2024-05-11,5,5,33.617,25.569,43.802,7.602,9.714,0.000,0.521,0.398,23,9,13,critical_peak,0,245.472
Z02,tree_rich,131,2024-05-11,5,5,31.897,23.703,44.953,7.085,16.794,0.000,0.529,0.372,42,43,7,critical_peak,0,195.067
Z03,industrial_edge,131,2024-05-11,5,5,31.068,23.158,,5.630,16.342,0.000,0.547,0.330,18,12,17,critical_peak,0,259.509
Z04,older_residential,131,2024-05-11,5,5,28.633,21.336,49.855,4.828,9.609,0.000,0.571,0.293,27,19,21,critical_peak,0,216.732
Z05,mixed_use,131,2024-05-11,5,5,29.045,22.468,51.246,5.555,5.107,0.000,0.599,0.280,36,28,10,critical_peak,0,218.285
Z06,coastal,131,2024-05-11,5,5,26.270,20.259,56.586,7.016,7.496,8.989,0.625,0.297,49,39,6,critical_peak,0,192.706
Z07,campus,131,2024-05-11,5,5,29.554,23.754,55.341,7.615,13.923,0.000,0.645,0.336,39,31,8,critical_peak,0,218.097
Z08,suburban,131,2024-05-11,5,5,31.877,25.854,54.863,6.697,16.803,0.000,0.656,0.377,45,47,11,critical_peak,0,208.977
Z01,compact_urban,132,2024-05-12,6,5,41.700,33.581,34.690,7.455,11.200,2.554,0.520,0.396,23,9,13,flat,0,308.109
Z02,tree_rich,132,2024-05-12,6,5,39.400,31.235,36.664,6.157,16.883,0.000,0.531,0.367,42,43,7,flat,0,226.106
Z03,industrial_edge,132,2024-05-12,6,5,41.300,33.508,34.964,4.966,14.685,0.000,0.551,0.324,18,12,17,flat,0,320.923
Z04,older_residential,132,2024-05-12,6,5,40.800,33.668,36.789,5.185,7.923,0.000,0.576,0.289,27,19,21,flat,0,275.904
Z05,mixed_use,132,2024-05-12,6,5,40.700,34.275,38.858,6.573,4.931,0.000,,0.281,36,28,10,flat,0,271.555
Z06,coastal,132,2024-05-12,6,5,38.200,32.275,43.942,7.615,8.905,0.000,0.629,0.302,49,39,6,flat,0,221.269
Z07,campus,132,2024-05-12,6,5,40.900,35.087,43.311,7.171,15.634,0.000,0.647,0.343,39,31,8,flat,0,265.112
Z08,suburban,132,2024-05-12,6,5,39.900,33.771,46.387,5.727,17.122,0.000,0.655,0.382,45,47,11,flat,0,238.014
Z01,compact_urban,133,2024-05-13,0,5,32.220,24.051,44.933,6.697,11.615,0.000,0.640,0.213,23,9,13,time_of_use,0,245.472
Z02,tree_rich,133,2024-05-13,0,5,28.226,20.111,48.958,5.279,16.516,0.000,0.653,0.180,42,43,7,time_of_use,0,193.110
Z03,industrial_edge,133,2024-05-13,0,5,28.013,20.355,49.768,4.959,13.688,0.000,0.675,0.138,18,12,17,time_of_use,0,255.426
Z04,older_residential,133,2024-05-13,0,5,29.048,22.084,50.062,6.087,7.633,0.000,0.702,0.106,27,19,21,time_of_use,0,223.628
Z05,mixed_use,133,2024-05-13,0,5,31.586,25.302,49.332,7.430,5.920,0.000,0.729,0.102,36,28,10,time_of_use,0,227.964
Z06,coastal,133,2024-05-13,0,5,29.393,23.532,54.109,7.520,10.485,0.000,0.752,0.128,49,39,6,time_of_use,0,196.655
Z07,campus,133,2024-05-13,0,5,32.822,26.972,52.633,6.259,16.346,2.741,0.768,0.170,39,31,8,time_of_use,0,217.949
Z08,suburban,133,2024-05-13,0,5,32.770,26.517,,5.025,15.916,0.000,0.773,0.207,45,47,11,time_of_use,0,204.859
Z01,compact_urban,134,2024-05-14,1,5,32.266,24.071,44.734,5.727,12.865,0.000,0.640,0.209,23,9,13,critical_peak,0,238.221
Z02,tree_rich,134,2024-05-14,1,5,29.258,21.217,47.862,4.913,17.205,8.942,0.656,0.174,42,43,7,critical_peak,0,187.603
Z03,industrial_edge,134,2024-05-14,1,5,29.973,22.461,47.836,5.627,13.515,0.000,0.679,0.132,18,12,17,critical_peak,0,255.795
Z04,older_residential,134,2024-05-14,1,5,30.891,24.094,48.406,7.089,7.412,0.000,0.707,0.104,27,19,21,critical_peak,0,223.797
Z05,mixed_use,134,2024-05-14,1,5,31.571,25.415,49.808,7.702,6.097,0.000,0.734,0.104,36,28,10,critical_peak,0,223.118
Z06,coastal,134,2024-05-14,1,5,27.918,22.098,56.209,6.795,10.830,0.000,0.755,0.133,49,39,6,critical_peak,0,188.810
Z07,campus,134,2024-05-14,1,5,31.387,25.478,54.629,5.360,16.094,0.000,0.768,0.176,39,31,8,critical_peak,0,209.234
Z08,suburban,134,2024-05-14,1,5,31.757,25.365,55.961,4.965,14.678,0.000,0.771,0.211,45,47,11,critical_peak,0,199.652
Z01,compact_urban,135,2024-05-15,2,5,34.181,25.983,42.515,5.055,14.801,0.000,0.641,0.205,23,9,13,flat,0,247.467
Z02,tree_rich,135,2024-05-15,2,5,29.798,21.850,47.347,5.259,17.464,0.000,0.659,0.168,42,43,7,flat,0,195.244
Z03,industrial_edge,135,2024-05-15,2,5,29.474,22.119,48.642,6.643,12.239,0.000,0.684,0.126,18,12,17,flat,0,264.136
Z04,older_residential,135,2024-05-15,2,5,29.600,22.966,50.221,7.695,6.058,0.000,0.712,0.102,27,19,21,flat,0,230.326
Z05,mixed_use,135,2024-05-15,2,5,29.775,23.729,52.254,7.265,,0.000,0.738,0.107,36,28,10,flat,0,227.715
Z06,coastal,135,2024-05-15,2,5,27.323,21.522,57.334,5.823,11.528,0.000,0.757,0.139,49,39,6,flat,0,193.929
Z07,campus,135,2024-05-15,2,5,32.743,26.754,53.535,4.945,16.783,0.000,0.768,0.182,39,31,8,flat,0,217.491
Z08,suburban,135,2024-05-15,2,5,33.633,27.091,54.159,5.590,14.493,8.916,0.768,0.214,45,47,11,flat,0,210.230
Z01,compact_urban,136,2024-05-16,3,5,33.131,24.952,43.596,5.037,15.444,0.000,0.643,0.201,23,9,13,time_of_use,0,239.271
Z02,tree_rich,136,2024-05-16,3,5,27.307,19.472,50.203,6.155,16.275,0.000,0.663,0.161,42,43,7,time_of_use,0,191.559
Z03,industrial_edge,136,2024-05-16,3,5,27.766,20.574,50.809,7.504,10.397,3.237,0.689,0.121,18,12,17,time_of_use,0,259.056
Z04,older_residential,136,2024-05-16,3,5,29.448,22.970,50.802,7.609,5.310,0.000,0.717,0.100,27,19,21,time_of_use,0,226.564
Z05,mixed_use,136,2024-05-16,3,5,30.921,24.968,51.469,6.355,6.735,0.000,0.742,0.111,36,28,10,time_of_use,0,223.615
Z06,coastal,136,2024-05-16,3,5,29.782,23.976,55.091,5.113,13.414,0.000,0.759,0.146,49,39,6,time_of_use,0,190.495
Z07,campus,136,2024-05-16,3,5,35.121,29.032,51.294,5.240,17.701,0.000,0.767,0.188,39,31,8,time_of_use,0,219.873
Z08,suburban,136,2024-05-16,3,5,33.876,27.175,54.121,6.597,13.583,0.000,0.765,0.216,45,47,11,time_of_use,0,210.493
Z01,compact_urban,137,2024-05-17,4,5,30.895,22.760,46.019,5.695,15.467,0.000,0.646,0.196,23,9,13,critical_peak,0,232.397
Z02,tree_rich,137,2024-05-17,4,5,26.402,18.695,51.352,7.158,15.489,0.000,0.667,0.154,42,43,7,critical_peak,0,190.769
Z03,industrial_edge,137,2024-05-17,4,5,29.343,22.319,49.392,7.784,9.828,0.000,0.694,0.116,18,12,17,critical_peak,0,260.327
Z04,older_residential,137,2024-05-17,4,5,32.066,25.734,48.355,6.889,5.845,0.000,0.722,0.100,27,19,21,critical_peak,0,226.834
Z05,mixed_use,137,2024-05-17,4,5,32.821,26.940,49.858,5.451,8.179,0.000,0.745,0.115,36,28,10,critical_peak,0,221.358
Z06,coastal,137,2024-05-17,4,5,30.559,24.724,54.687,5.041,14.559,0.000,0.760,0.152,49,39,6,critical_peak,0,188.667
Z07,campus,137,2024-05-17,4,5,34.174,27.967,52.686,6.108,17.107,0.000,0.765,0.194,39,31,8,critical_peak,0,217.468
Z08,suburban,137,2024-05-17,4,5,31.313,24.447,57.134,7.485,11.515,0.000,0.761,0.218,45,47,11,critical_peak,0,209.168
Z01,compact_urban,138,2024-05-18,5,5,31.773,23.704,45.055,6.708,16.553,0.000,0.528,0.370,23,9,13,flat,0,247.348
Z02,tree_rich,138,2024-05-18,5,5,28.279,20.714,49.476,7.770,15.598,0.000,0.552,0.328,42,43,7,flat,0,204.006
Z03,industrial_edge,138,2024-05-18,5,5,31.484,24.627,47.383,7.354,9.485,0.000,0.580,0.292,18,12,17,flat,0,274.756
Z04,older_residential,138,2024-05-18,5,5,32.572,26.372,48.247,5.915,5.728,8.821,0.606,0.280,27,19,21,flat,0,236.358
Z05,mixed_use,138,2024-05-18,5,5,31.494,25.662,,5.025,8.457,0.000,0.627,0.299,36,28,10,flat,0,229.942
Z06,coastal,138,2024-05-18,5,5,28.952,23.067,56.889,5.658,14.655,0.000,0.640,0.339,49,39,6,flat,0,200.016
Z07,campus,138,2024-05-18,5,5,32.942,26.602,54.364,7.121,16.225,0.000,0.643,0.379,39,31,8,flat,0,227.987
Z08,suburban,138,2024-05-18,5,5,30.910,23.877,57.736,7.816,10.309,0.000,0.637,0.399,45,47,11,flat,0,218.675
Z01,compact_urban,139,2024-05-19,6,5,32.685,24.702,44.093,7.573,17.440,0.000,0.532,0.364,23,9,13,time_of_use,0,248.982
Z02,tree_rich,139,2024-05-19,6,5,28.048,20.636,49.953,7.693,14.667,0.000,0.557,0.322,42,43,7,time_of_use,0,201.115
Z03,industrial_edge,139,2024-05-19,6,5,30.472,23.780,48.867,6.447,7.923,0.000,0.585,0.288,18,12,17,time_of_use,0,267.659
Z04,older_residential,139,2024-05-19,6,5,30.818,24.735,50.637,5.197,4.912,0.000,0.610,0.281,27,19,21,time_of_use,0,228.730
Z05,mixed_use,139,2024-05-19,6,5,30.447,24.642,53.427,5.309,8.944,0.000,0.630,0.304,36,28,10,time_of_use,0,226.248
Z06,coastal,139,2024-05-19,6,5,29.861,23.903,56.308,6.661,15.632,0.000,0.640,0.345,49,39,6,time_of_use,0,198.818
Z07,campus,139,2024-05-19,6,5,34.728,28.242,52.692,7.774,16.390,0.000,0.640,0.384,39,31,8,time_of_use,0,227.555
Z08,suburban,139,2024-05-19,6,5,32.373,25.173,56.249,7.434,9.883,0.000,0.632,0.400,45,47,11,time_of_use,0,212.050
Z01,compact_urban,140,2024-05-20,0,5,30.399,22.521,46.687,7.862,16.817,0.000,0.656,0.178,23,9,13,critical_peak,0,240.113
Z02,tree_rich,140,2024-05-20,0,5,26.133,18.882,52.317,6.978,12.895,0.000,0.682,0.135,42,43,7,critical_peak,0,193.613
Z03,industrial_edge,140,2024-05-20,0,5,30.099,23.565,49.672,5.537,6.701,0.000,0.710,0.105,18,12,17,critical_peak,0,259.224
Z04,older_residential,140,2024-05-20,0,5,31.698,25.714,50.138,5.114,5.357,0.000,0.734,0.103,27,19,21,critical_peak,0,224.299
Z05,mixed_use,140,2024-05-20,0,5,32.600,26.799,51.529,6.171,10.775,3.908,0.751,0.130,36,28,10,critical_peak,0,224.741
Z06,coastal,140,2024-05-20,0,5,32.347,26.296,53.971,7.553,17.094,0.000,0.758,0.172,49,39,6,critical_peak,0,195.793
Z07,campus,140,2024-05-20,0,5,35.398,28.755,52.217,7.749,15.964,0.000,0.756,0.208,39,31,8,critical_peak,0,222.485
Z08,suburban,140,2024-05-20,0,5,30.954,23.591,57.894,6.546,8.374,0.000,0.747,0.220,45,47,11,critical_peak,0,202.306
Z01,compact_urban,141,2024-05-21,1,5,29.132,21.378,48.195,7.439,16.357,0.000,0.660,0.172,23,9,13,flat,1,265.071
Z02,tree_rich,141,2024-05-21,1,5,27.320,20.235,51.300,6.003,12.232,0.000,0.687,0.130,42,43,7,flat,0,198.092
Z03,industrial_edge,141,2024-05-21,1,5,32.757,26.373,47.163,5.102,6.815,0.000,0.714,0.103,18,12,17,flat,0,270.134
Z04,older_residential,141,2024-05-21,1,5,33.806,27.901,48.296,5.721,6.500,0.000,0.737,0.105,27,19,21,flat,0,236.420
Z05,mixed_use,141,2024-05-21,1,5,33.556,27.735,50.939,7.183,12.156,0.000,0.752,0.136,36,28,10,flat,0,235.378
Z06,coastal,141,2024-05-21,1,5,31.709,25.546,55.047,7.891,,0.000,0.757,0.178,49,39,6,flat,0,203.297
Z07,campus,141,2024-05-21,1,5,32.955,26.148,55.134,7.071,14.173,0.000,0.753,0.212,39,31,8,flat,0,222.737
Z08,suburban,141,2024-05-21,1,5,28.588,21.068,60.544,5.619,6.585,0.000,0.742,0.219,45,47,11,flat,0,206.395
Z01,compact_urban,142,2024-05-22,2,5,30.899,23.282,46.405,6.534,16.863,0.000,0.665,0.165,23,9,13,time_of_use,0,238.417
Z02,tree_rich,142,2024-05-22,2,5,29.653,22.737,49.051,5.277,11.935,0.000,0.692,0.124,42,43,7,time_of_use,0,191.452
Z03,industrial_edge,142,2024-05-22,2,5,33.778,27.532,46.473,5.374,6.430,0.000,0.719,0.101,18,12,17,time_of_use,0,267.950
Z04,older_residential,142,2024-05-22,2,5,32.719,26.872,49.971,6.720,6.559,0.000,,0.108,27,19,21,time_of_use,0,232.212
Z05,mixed_use,142,2024-05-22,2,5,31.802,25.938,53.319,7.843,12.446,0.000,0.752,0.142,36,28,10,time_of_use,0,231.141
Z06,coastal,142,2024-05-22,2,5,30.272,23.981,56.978,7.517,16.693,8.633,0.754,0.184,49,39,6,time_of_use,0,197.931
Z07,campus,142,2024-05-22,2,5,32.206,25.232,56.152,6.097,12.968,0.000,0.748,0.215,39,31,8,time_of_use,0,215.886
Z08,suburban,142,2024-05-22,2,5,29.532,21.866,59.514,5.136,6.248,0.000,0.737,0.217,45,47,11,time_of_use,0,201.615
Z01,compact_urban,143,2024-05-23,3,5,30.957,23.489,46.530,5.620,16.443,4.385,0.670,0.159,23,9,13,critical_peak,0,230.743
Z02,tree_rich,143,2024-05-23,3,5,28.909,22.159,,5.182,10.359,0.000,0.698,0.119,42,43,7,critical_peak,0,186.035
Z03,industrial_edge,143,2024-05-23,3,5,32.145,26.022,48.717,6.229,5.170,0.000,0.723,0.100,18,12,17,critical_peak,0,262.544
Z04,older_residential,143,2024-05-23,3,5,31.295,25.483,52.017,7.615,6.660,0.000,0.742,0.112,27,19,21,critical_peak,1,251.372
Z05,mixed_use,143,2024-05-23,3,5,32.199,26.269,53.318,7.827,13.552,0.000,0.751,0.148,36,28,10,critical_peak,0,228.913
Z06,coastal,143,2024-05-23,3,5,31.906,25.473,55.503,6.632,17.291,0.000,0.751,0.190,49,39,6,critical_peak,0,193.941
Z07,campus,143,2024-05-23,3,5,33.703,26.562,54.663,5.337,12.598,0.000,0.744,0.217,39,31,8,critical_peak,0,212.935
Z08,suburban,143,2024-05-23,3,5,30.605,22.807,58.302,5.357,6.114,0.000,0.732,0.215,45,47,11,critical_peak,0,199.605
Z01,compact_urban,144,2024-05-24,4,5,28.889,21.580,49.029,5.174,14.946,0.000,0.675,0.152,23,9,13,flat,0,233.304
Z02,tree_rich,144,2024-05-24,4,5,28.289,21.700,51.269,5.779,8.830,0.000,0.702,0.114,42,43,7,flat,0,196.179
Z03,industrial_edge,144,2024-05-24,4,5,32.774,26.757,48.485,7.241,5.022,0.000,0.727,0.100,18,12,17,flat,0,275.844
Z04,older_residential,144,2024-05-24,4,5,33.107,27.307,50.500,7.962,8.209,0.000,0.743,0.116,27,19,21,flat,0,242.907
Z05,mixed_use,144,2024-05-24,4,5,34.674,28.658,51.013,7.154,15.411,0.000,0.750,0.155,36,28,10,flat,0,241.204
Z06,coastal,144,2024-05-24,4,5,32.989,26.403,54.605,5.700,17.486,0.000,0.748,0.196,49,39,6,flat,0,202.066
Z07,campus,144,2024-05-24,4,5,32.577,25.271,56.024,5.189,11.150,4.561,0.739,0.219,39,31,8,flat,0,220.967
Z08,suburban,144,2024-05-24,4,5,28.631,20.715,60.406,6.180,4.930,0.000,0.727,0.212,45,47,11,flat,0,210.371
Z01,compact_urban,145,2024-05-25,5,5,29.632,22.488,48.468,5.435,14.369,0.000,0.560,0.326,23,9,13,time_of_use,0,233.949
Z02,tree_rich,145,2024-05-25,5,5,30.882,24.447,48.810,6.775,8.630,8.456,0.587,0.290,42,43,7,time_of_use,0,198.584
Z03,industrial_edge,145,2024-05-25,5,5,35.078,29.148,46.420,7.908,5.766,0.000,0.610,0.281,18,12,17,time_of_use,0,283.224
Z04,older_residential,145,2024-05-25,5,5,34.225,28.414,49.741,7.595,9.603,0.000,0.624,0.301,27,19,21,time_of_use,0,243.381
Z05,mixed_use,145,2024-05-25,5,5,34.321,28.200,51.800,6.179,16.028,0.000,0.628,0.341,36,28,10,time_of_use,0,236.662
Z06,coastal,145,2024-05-25,5,5,30.761,24.014,57.317,5.207,16.181,0.000,0.624,0.381,49,39,6,time_of_use,0,198.168
Z07,campus,145,2024-05-25,5,5,29.952,22.487,,5.741,9.105,0.000,0.614,0.400,39,31,8,time_of_use,1,239.697
Z08,suburban,145,2024-05-25,5,5,27.831,19.816,61.180,7.198,4.397,0.000,,0.388,45,47,11,time_of_use,0,209.476
Z01,compact_urban,146,2024-05-26,6,5,32.058,25.081,46.088,6.282,14.293,0.000,0.565,0.319,23,9,13,critical_peak,0,238.611
Z02,tree_rich,146,2024-05-26,6,5,32.377,26.084,47.580,7.674,8.079,0.000,0.592,0.287,42,43,7,critical_peak,0,198.847
Z03,industrial_edge,146,2024-05-26,6,5,34.321,28.456,47.729,7.899,5.514,0.000,0.612,0.282,18,12,17,critical_peak,0,277.285
Z04,older_residential,146,2024-05-26,6,5,32.368,26.522,52.246,6.713,9.897,0.000,0.624,0.306,27,19,21,critical_peak,0,234.345
Z05,mixed_use,146,2024-05-26,6,5,32.682,26.438,53.977,5.411,15.991,0.000,0.626,0.348,36,28,10,critical_peak,0,228.474
Z06,coastal,146,2024-05-26,6,5,29.723,22.809,58.689,5.416,15.190,0.000,0.620,0.385,49,39,6,critical_peak,0,193.912
Z07,campus,146,2024-05-26,6,5,30.479,22.864,58.464,6.723,8.359,0.000,0.608,0.400,39,31,8,critical_peak,0,215.571
Z08,suburban,146,2024-05-26,6,5,30.040,21.946,58.607,7.903,5.255,8.381,0.597,0.384,45,47,11,critical_peak,0,205.785
Z01,compact_urban,147,2024-05-27,0,5,31.565,24.756,46.948,7.295,12.914,0.000,0.690,0.133,23,9,13,flat,0,247.283
Z02,tree_rich,147,2024-05-27,0,5,30.923,24.758,49.613,8.028,6.479,0.000,0.716,0.104,42,43,7,flat,0,205.514
Z03,industrial_edge,147,2024-05-27,0,5,32.614,26.792,50.086,7.232,5.110,5.020,0.734,0.104,18,12,17,flat,0,277.442
Z04,older_residential,147,2024-05-27,0,5,32.217,26.313,52.863,5.777,10.923,0.000,0.743,0.132,27,19,21,flat,0,237.718
Z05,mixed_use,147,2024-05-27,0,5,34.087,27.706,52.782,5.252,17.009,0.000,0.743,0.174,36,28,10,flat,0,235.760
Z06,coastal,147,2024-05-27,0,5,31.252,24.170,57.202,6.232,15.081,0.000,0.735,0.210,49,39,6,flat,0,202.113
Z07,campus,147,2024-05-27,0,5,31.688,23.935,57.142,7.645,,0.000,0.723,0.219,39,31,8,flat,0,224.126
Z08,suburban,147,2024-05-27,0,5,30.415,22.263,58.015,7.948,5.565,0.000,0.713,0.199,45,47,11,flat,0,210.909
Z01,compact_urban,148,2024-05-28,1,5,30.676,24.031,48.271,7.967,,0.000,0.695,0.128,23,9,13,time_of_use,0,241.869
Z02,tree_rich,148,2024-05-28,1,5,31.307,25.254,49.639,7.669,5.780,0.000,0.719,0.102,42,43,7,time_of_use,0,199.131
Z03,industrial_edge,148,2024-05-28,1,5,34.075,28.274,48.959,6.257,6.189,0.000,0.735,0.106,18,12,17,time_of_use,0,272.638
Z04,older_residential,148,2024-05-28,1,5,34.570,28.587,50.710,5.274,12.962,0.000,0.742,0.138,27,19,21,time_of_use,0,235.346
Z05,mixed_use,148,2024-05-28,1,5,35.538,29.007,51.509,5.794,17.865,0.000,0.739,0.181,36,28,10,time_of_use,0,235.670
Z06,coastal,148,2024-05-28,1,5,30.494,23.246,58.194,7.249,13.938,0.000,0.730,0.213,49,39,6,time_of_use,0,199.193
Z07,campus,148,2024-05-28,1,5,29.817,21.941,59.170,8.049,6.419,0.000,0.718,0.218,39,31,8,time_of_use,0,218.560
Z08,suburban,148,2024-05-28,1,5,28.591,20.404,59.807,7.319,5.174,0.000,0.709,0.194,45,47,11,time_of_use,0,204.214
Z01,compact_urban,149,2024-05-29,2,5,33.092,26.602,45.986,7.967,10.929,0.000,0.700,0.122,23,9,13,critical_peak,0,241.127
Z02,tree_rich,149,2024-05-29,2,5,33.778,27.819,47.381,6.789,6.115,0.000,0.722,0.101,42,43,7,critical_peak,0,192.711
Z03,industrial_edge,149,2024-05-29,2,5,35.352,29.547,48.031,5.481,7.395,0.000,0.736,0.110,18,12,17,critical_peak,0,269.805
Z04,older_residential,149,2024-05-29,2,5,34.465,28.383,51.244,5.471,13.989,8.159,0.740,0.144,27,19,21,critical_peak,0,230.602
Z05,mixed_use,149,2024-05-29,2,5,33.595,26.905,53.939,6.771,17.170,0.000,0.735,0.187,36,28,10,critical_peak,0,228.949
Z06,coastal,149,2024-05-29,2,5,27.726,20.317,61.360,7.960,11.898,0.000,0.725,0.216,49,39,6,critical_peak,0,195.948
Z07,campus,149,2024-05-29,2,5,28.601,20.620,60.438,7.739,5.271,0.000,0.713,0.216,39,31,8,critical_peak,0,213.175
Z08,suburban,149,2024-05-29,2,5,29.446,21.246,58.619,6.349,6.020,0.000,0.705,0.188,45,47,11,critical_peak,0,198.546
Z01,compact_urban,150,2024-05-30,3,5,34.990,28.647,44.292,7.305,10.369,0.000,0.704,0.117,23,9,13,flat,0,252.270
Z02,tree_rich,150,2024-05-30,3,5,33.422,27.536,48.242,5.848,5.540,0.000,0.725,0.100,42,43,7,flat,0,197.195
Z03,industrial_edge,150,2024-05-30,3,5,33.459,27.627,50.585,5.310,7.506,0.000,0.736,0.113,18,12,17,flat,0,270.918
Z04,older_residential,150,2024-05-30,3,5,32.626,26.428,,6.279,14.252,0.000,0.737,0.150,27,19,21,flat,0,237.542
Z05,mixed_use,150,2024-05-30,3,5,32.316,25.462,55.607,7.696,16.543,0.000,0.731,0.192,36,28,10,flat,0,238.923
Z06,coastal,150,2024-05-30,3,5,27.848,20.286,61.311,8.013,10.954,0.000,0.720,0.218,49,39,6,flat,0,205.485
Z07,campus,150,2024-05-30,3,5,30.652,22.584,58.077,6.883,5.578,0.000,0.709,0.214,39,31,8,flat,0,222.190
Z08,suburban,150,2024-05-30,3,5,31.713,23.524,55.845,5.542,7.578,0.000,0.702,0.182,45,47,11,flat,0,206.311
Z01,compact_urban,151,2024-05-31,4,5,33.745,27.536,46.076,6.329,8.600,0.000,0.708,0.113,23,9,13,time_of_use,0,242.021
Z02,tree_rich,151,2024-05-31,4,5,31.539,25.704,50.790,5.335,4.592,0.000,0.726,0.100,42,43,7,time_of_use,0,191.804
Z03,industrial_edge,151,2024-05-31,4,5,32.756,26.875,51.819,5.842,8.235,0.000,0.735,0.118,18,12,17,time_of_use,0,268.275
Z04,older_residential,151,2024-05-31,4,5,33.717,27.386,52.839,7.295,15.581,0.000,0.734,0.157,27,19,21,time_of_use,0,239.561
Z05,mixed_use,151,2024-05-31,4,5,33.862,26.840,54.135,8.107,16.850,5.626,0.726,0.198,36,28,10,time_of_use,0,239.533
Z06,coastal,151,2024-05-31,4,5,29.169,21.464,59.905,7.391,10.462,0.000,0.714,0.219,49,39,6,time_of_use,0,202.016
Z07,campus,151,2024-05-31,4,5,31.397,23.263,57.114,5.928,5.526,0.000,0.704,0.211,39,31,8,time_of_use,0,217.712
Z08,suburban,151,2024-05-31,4,5,30.841,22.687,56.494,5.319,8.002,0.000,0.700,0.176,45,47,11,time_of_use,0,202.661
Z01,compact_urban,152,2024-06-01,5,6,33.877,27.786,46.364,5.546,7.477,0.000,0.592,0.289,23,9,13,critical_peak,0,239.186
Z02,tree_rich,152,2024-06-01,5,6,32.656,26.850,50.040,5.521,5.088,0.000,0.607,0.281,42,43,7,critical_peak,0,191.558
Z03,industrial_edge,152,2024-06-01,5,6,34.890,28.938,49.922,6.815,10.204,0.000,,0.303,18,12,17,critical_peak,0,275.135
Z04,older_residential,152,2024-06-01,5,6,35.459,28.984,51.272,8.012,17.031,0.000,0.611,0.344,27,19,21,critical_peak,0,245.047
Z05,mixed_use,152,2024-06-01,5,6,33.536,26.347,54.688,7.805,16.222,0.000,0.601,0.383,36,28,10,critical_peak,0,236.297
Z06,coastal,152,2024-06-01,5,6,27.453,19.619,61.800,6.420,8.762,0.000,0.589,0.400,49,39,6,critical_peak,0,196.418
Z07,campus,152,2024-06-01,5,6,29.629,21.451,58.880,5.370,4.646,0.000,0.580,0.387,39,31,8,critical_peak,0,211.932
Z08,suburban,152,2024-06-01,5,6,29.483,21.386,57.649,5.803,8.326,0.000,0.578,0.350,45,47,11,critical_peak,0,200.406
Z01,compact_urban,153,2024-06-02,6,6,36.463,30.472,43.967,5.364,7.474,0.000,0.595,0.286,23,9,13,flat,0,259.215
Z02,tree_rich,153,2024-06-02,6,6,34.096,28.295,48.936,6.321,5.956,0.000,0.608,0.282,42,43,7,flat,0,204.208
Z03,industrial_edge,153,2024-06-02,6,6,34.998,28.954,50.239,7.742,11.425,0.000,0.612,0.308,18,12,17,flat,0,286.640
Z04,older_residential,153,2024-06-02,6,6,33.842,27.211,53.373,8.073,16.966,0.000,0.607,0.350,27,19,21,flat,0,248.403
Z05,mixed_use,153,2024-06-02,6,6,30.752,23.399,57.910,6.953,14.440,0.000,0.596,0.387,36,28,10,flat,0,238.662
Z06,coastal,153,2024-06-02,6,6,25.839,17.893,63.545,5.605,7.146,7.802,0.584,0.400,49,39,6,flat,0,200.552
Z07,campus,153,2024-06-02,6,6,30.227,22.028,58.008,5.503,4.893,0.000,0.577,0.382,39,31,8,flat,0,219.303
Z08,suburban,153,2024-06-02,6,6,31.320,23.301,55.264,6.758,,0.000,0.577,0.343,45,47,11,flat,0,209.451
Z01,compact_urban,154,2024-06-03,0,6,36.556,30.646,44.325,5.885,6.648,6.045,0.717,0.103,23,9,13,time_of_use,0,256.406
Z02,tree_rich,154,2024-06-03,0,6,32.253,26.433,51.440,7.337,,0.000,0.728,0.105,42,43,7,time_of_use,0,200.241
Z03,industrial_edge,154,2024-06-03,0,6,32.967,26.812,52.891,8.161,11.811,0.000,0.729,0.134,18,12,17,time_of_use,0,276.278
Z04,older_residential,154,2024-06-03,0,6,32.362,25.567,55.295,7.457,16.764,0.000,0.722,0.177,27,19,21,time_of_use,0,237.849
Z05,mixed_use,154,2024-06-03,0,6,30.504,22.995,58.305,5.994,13.523,0.000,0.711,0.211,36,28,10,time_of_use,0,228.971
Z06,coastal,154,2024-06-03,0,6,27.636,19.596,61.500,5.371,6.970,0.000,0.700,0.219,49,39,6,time_of_use,0,193.497
Z07,campus,154,2024-06-03,0,6,32.756,24.561,54.978,6.268,6.094,0.000,0.694,0.197,39,31,8,time_of_use,0,216.260
Z08,suburban,154,2024-06-03,0,6,32.529,24.609,53.546,7.706,11.435,0.000,0.696,0.156,45,47,11,time_of_use,0,205.250
Z01,compact_urban,155,2024-06-04,1,6,34.599,28.748,,6.853,5.210,0.000,0.719,0.102,23,9,13,critical_peak,0,244.938
Z02,tree_rich,155,2024-06-04,1,6,31.032,25.171,53.254,8.059,5.990,0.000,0.727,0.107,42,43,7,critical_peak,0,196.415
Z03,industrial_edge,155,2024-06-04,1,6,33.661,27.379,52.525,7.866,13.262,0.000,0.726,0.140,18,12,17,critical_peak,0,271.292
Z04,older_residential,155,2024-06-04,1,6,33.894,26.932,53.872,6.486,17.559,0.000,0.717,0.183,27,19,21,critical_peak,0,231.970
Z05,mixed_use,155,2024-06-04,1,6,31.926,24.270,56.825,5.426,13.153,0.000,0.706,0.214,36,28,10,critical_peak,0,222.908
Z06,coastal,155,2024-06-04,1,6,28.685,20.572,60.240,5.845,6.602,0.000,0.696,0.218,49,39,6,critical_peak,0,189.394
Z07,campus,155,2024-06-04,1,6,32.377,24.208,55.115,7.285,6.304,6.197,,0.192,39,31,8,critical_peak,0,213.315
Z08,suburban,155,2024-06-04,1,6,30.667,22.864,55.184,8.172,11.646,0.000,0.696,0.150,45,47,11,critical_peak,0,201.653
Z01,compact_urban,156,2024-06-05,2,6,35.392,29.578,46.552,7.783,5.102,0.000,0.720,0.100,23,9,13,flat,0,257.069
Z02,tree_rich,156,2024-06-05,2,6,32.876,26.952,51.687,8.128,7.648,7.507,0.725,0.111,42,43,7,flat,0,203.881
Z03,industrial_edge,156,2024-06-05,2,6,35.598,29.175,50.770,7.017,15.141,0.000,0.722,0.146,18,12,17,flat,0,282.382
Z04,older_residential,156,2024-06-05,2,6,34.039,26.910,53.941,5.664,17.582,0.000,0.712,0.189,27,19,21,flat,0,237.097
Z05,mixed_use,156,2024-06-05,2,6,30.433,22.644,58.514,5.547,11.528,0.000,0.701,0.217,36,28,10,flat,0,228.938
Z06,coastal,156,2024-06-05,2,6,26.979,18.815,61.973,6.795,5.265,0.000,0.692,0.216,49,39,6,flat,0,198.770
Z07,campus,156,2024-06-05,2,6,30.966,22.846,56.356,8.043,6.263,0.000,0.690,0.186,39,31,8,flat,0,222.328
Z08,suburban,156,2024-06-05,2,6,30.375,22.704,55.077,7.928,12.446,0.000,0.697,0.143,45,47,11,flat,0,209.906
Z01,compact_urban,157,2024-06-06,3,6,37.001,31.201,45.260,8.209,5.566,0.000,0.720,0.100,23,9,13,time_of_use,0,261.903
Z02,tree_rich,157,2024-06-06,3,6,33.168,27.159,51.817,7.518,8.836,0.000,0.723,0.115,42,43,7,time_of_use,0,198.341
Z03,industrial_edge,157,2024-06-06,3,6,34.319,27.744,52.527,6.054,15.624,0.000,0.718,0.153,18,12,17,time_of_use,0,271.438
Z04,older_residential,157,2024-06-06,3,6,31.360,24.066,57.082,5.418,16.257,0.000,0.707,0.194,27,19,21,time_of_use,0,228.593
Z05,mixed_use,157,2024-06-06,3,6,28.469,20.561,60.683,6.304,9.660,0.000,0.696,0.218,36,28,10,time_of_use,0,225.649
Z06,coastal,157,2024-06-06,3,6,27.259,19.066,,7.744,4.880,0.000,0.688,0.213,49,39,6,time_of_use,0,198.251
Z07,campus,157,2024-06-06,3,6,32.696,24.647,54.115,8.165,7.619,0.000,0.688,0.180,39,31,8,time_of_use,0,221.296
Z08,suburban,157,2024-06-06,3,6,32.682,25.156,52.096,7.106,14.214,7.389,0.698,0.137,45,47,11,time_of_use,0,205.644
Z01,compact_urban,158,2024-06-07,4,6,35.305,29.495,47.606,7.922,4.959,0.000,0.720,0.100,23,9,13,critical_peak,0,249.373
Z02,tree_rich,158,2024-06-07,4,6,30.964,24.851,54.676,6.547,9.136,0.000,0.721,0.120,42,43,7,critical_peak,0,192.577
Z03,industrial_edge,158,2024-06-07,4,6,32.659,25.923,54.675,5.477,15.806,6.587,0.713,0.159,18,12,17,critical_peak,1,285.757
Z04,older_residential,158,2024-06-07,4,6,30.793,23.339,57.865,5.882,15.567,0.000,0.702,0.200,27,19,21,critical_peak,0,226.540
Z05,mixed_use,158,2024-06-07,4,6,29.942,21.934,59.032,7.319,9.151,0.000,0.691,0.220,36,28,10,critical_peak,0,227.052
Z06,coastal,158,2024-06-07,4,6,29.941,21.742,58.322,8.217,5.629,0.000,0.685,0.209,49,39,6,critical_peak,0,197.666
Z07,campus,158,2024-06-07,4,6,34.321,26.364,51.963,7.596,9.051,0.000,0.688,0.174,39,31,8,critical_peak,0,218.939
Z08,suburban,158,2024-06-07,4,6,32.674,25.304,51.647,6.133,14.956,0.000,0.700,0.131,45,47,11,critical_peak,0,199.988
Z01,compact_urban,159,2024-06-08,5,6,33.631,27.788,49.924,7.076,4.609,0.000,0.599,0.281,23,9,13,flat,0,252.305
Z02,tree_rich,159,2024-06-08,5,6,31.192,24.958,54.843,5.717,10.475,0.000,0.597,0.305,42,43,7,flat,0,201.717
Z03,industrial_edge,159,2024-06-08,5,6,34.129,27.227,53.351,5.586,17.060,0.000,0.589,0.346,18,12,17,flat,0,278.259
Z04,older_residential,159,2024-06-08,5,6,32.315,24.710,56.313,6.826,15.516,0.000,0.577,0.384,27,19,21,flat,0,241.581
Z05,mixed_use,159,2024-06-08,5,6,31.234,23.144,57.543,8.082,8.592,0.000,0.567,0.400,36,28,10,flat,0,240.022
Z06,coastal,159,2024-06-08,5,6,30.046,21.865,57.959,7.981,5.534,0.000,0.563,0.385,49,39,6,flat,0,206.181
Z07,campus,159,2024-06-08,5,6,32.681,24.834,53.379,6.634,9.267,0.000,0.568,0.347,39,31,8,flat,0,222.884
Z08,suburban,159,2024-06-08,5,6,30.926,23.719,53.102,5.513,14.875,0.000,0.583,0.306,45,47,11,flat,0,206.570
Z01,compact_urban,160,2024-06-09,6,6,35.142,29.243,48.733,6.110,5.769,0.000,0.597,0.283,23,9,13,time_of_use,0,252.632
Z02,tree_rich,160,2024-06-09,6,6,33.213,26.842,53.018,5.460,12.552,0.000,0.593,0.310,42,43,7,time_of_use,0,199.150
Z03,industrial_edge,160,2024-06-09,6,6,34.754,27.684,52.926,6.334,,0.000,0.584,0.353,18,12,17,time_of_use,0,279.025
Z04,older_residential,160,2024-06-09,6,6,31.122,23.379,57.709,7.777,14.206,7.056,0.572,0.388,27,19,21,time_of_use,0,238.362
Z05,mixed_use,160,2024-06-09,6,6,29.601,21.452,59.232,8.211,6.923,0.000,0.563,0.400,36,28,10,time_of_use,0,233.921
Z06,coastal,160,2024-06-09,6,6,28.622,20.482,59.245,7.163,5.018,0.000,0.561,0.381,49,39,6,time_of_use,1,219.950
Z07,campus,160,2024-06-09,6,6,32.039,24.319,53.676,5.777,9.942,0.000,0.569,0.341,39,31,8,time_of_use,0,214.251
Z08,suburban,160,2024-06-09,6,6,32.190,25.149,51.238,5.569,15.849,0.000,0.586,0.300,45,47,11,time_of_use,0,201.020
Z01,compact_urban,161,2024-06-10,0,6,35.601,29.625,48.690,5.522,6.723,0.000,0.715,0.105,23,9,13,critical_peak,0,248.270
Z02,tree_rich,161,2024-06-10,0,6,32.263,25.743,54.438,5.913,13.412,0.000,0.709,0.136,42,43,7,critical_peak,0,194.831
Z03,industrial_edge,161,2024-06-10,0,6,32.289,25.053,55.866,7.347,17.017,0.000,0.698,0.179,18,12,17,critical_peak,0,269.989
Z04,older_residential,161,2024-06-10,0,6,28.886,21.018,60.216,8.257,12.334,0.000,0.687,0.212,27,19,21,critical_peak,0,229.977
Z05,mixed_use,161,2024-06-10,0,6,29.511,21.325,59.189,7.649,5.968,0.000,0.680,0.219,36,28,10,critical_peak,0,225.323
Z06,coastal,161,2024-06-10,0,6,30.210,22.133,57.189,6.187,5.897,0.000,0.680,0.195,49,39,6,critical_peak,0,188.670
Z07,campus,161,2024-06-10,0,6,34.238,26.659,50.828,5.469,11.781,0.000,0.691,0.154,39,31,8,critical_peak,0,208.668
Z08,suburban,161,2024-06-10,0,6,34.379,27.507,48.351,6.279,17.028,0.000,0.710,0.116,45,47,11,critical_peak,0,197.540
Z01,compact_urban,162,2024-06-11,1,6,33.266,27.193,51.708,5.620,6.745,0.000,0.712,0.109,23,9,13,flat,0,247.531
Z02,tree_rich,162,2024-06-11,1,6,30.436,23.758,56.798,6.852,13.848,0.000,,0.142,42,43,7,flat,0,203.419
Z03,industrial_edge,162,2024-06-11,1,6,31.458,24.060,,8.115,16.684,0.000,0.693,0.185,18,12,17,flat,0,277.022
Z04,older_residential,162,2024-06-11,1,6,29.996,22.021,59.003,8.029,11.690,0.000,0.682,0.215,27,19,21,flat,0,237.274
Z05,mixed_use,162,2024-06-11,1,6,32.222,24.023,56.027,6.688,6.262,7.084,0.677,0.217,36,28,10,flat,0,231.645
Z06,coastal,162,2024-06-11,1,6,32.234,24.242,54.624,5.557,7.131,0.000,0.680,0.190,49,39,6,flat,0,194.128
Z07,campus,162,2024-06-11,1,6,34.487,27.060,50.111,5.872,12.832,0.000,0.693,0.148,39,31,8,flat,0,216.951
Z08,suburban,162,2024-06-11,1,6,33.368,26.660,48.984,7.289,16.751,0.000,0.714,0.112,45,47,11,flat,0,206.500
Z01,compact_urban,163,2024-06-12,2,6,32.981,26.791,52.458,6.359,7.736,0.000,0.709,0.112,23,9,13,time_of_use,0,243.333
Z02,tree_rich,163,2024-06-12,2,6,31.775,24.933,55.647,7.804,15.432,0.000,0.700,0.149,42,43,7,time_of_use,0,201.113
Z03,industrial_edge,163,2024-06-12,2,6,33.079,25.527,55.350,8.253,17.095,0.000,0.688,0.191,18,12,17,time_of_use,0,275.380
Z04,older_residential,163,2024-06-12,2,6,31.479,23.416,57.341,7.214,11.122,0.000,0.678,0.217,27,19,21,time_of_use,0,232.570
Z05,mixed_use,163,2024-06-12,2,6,32.774,24.583,55.206,5.824,5.851,0.000,0.675,0.215,36,28,10,time_of_use,0,225.435
Z06,coastal,163,2024-06-12,2,6,30.911,23.023,55.714,5.601,7.193,0.000,0.680,0.184,49,39,6,time_of_use,0,189.502
Z07,campus,163,2024-06-12,2,6,32.515,25.249,51.822,6.789,12.954,0.000,0.696,0.141,39,31,8,time_of_use,0,212.925
Z08,suburban,163,2024-06-12,2,6,32.484,25.936,49.478,8.090,16.344,0.000,0.719,0.108,45,47,11,time_of_use,0,205.229
Z01,compact_urban,164,2024-06-13,3,6,34.976,28.655,50.682,7.370,9.748,0.000,0.705,0.117,23,9,13,critical_peak,0,246.907
Z02,tree_rich,164,2024-06-13,3,6,32.855,25.846,54.752,8.292,16.755,0.000,0.695,0.155,42,43,7,critical_peak,0,198.744
Z03,industrial_edge,164,2024-06-13,3,6,32.264,24.569,56.368,7.697,16.303,0.000,0.683,0.196,18,12,17,critical_peak,0,269.015
Z04,older_residential,164,2024-06-13,3,6,29.943,21.813,58.963,6.235,9.316,0.000,0.675,0.219,27,19,21,critical_peak,0,224.698
Z05,mixed_use,164,2024-06-13,3,6,31.359,23.201,56.515,5.504,4.834,0.000,0.673,0.211,36,28,10,critical_peak,0,220.250
Z06,coastal,164,2024-06-13,3,6,29.991,22.224,56.338,6.303,7.562,6.556,0.681,0.178,49,39,6,critical_peak,0,188.090
Z07,campus,164,2024-06-13,3,6,33.252,26.152,50.544,7.758,14.087,0.000,0.699,0.135,39,31,8,critical_peak,0,213.374
Z08,suburban,164,2024-06-13,3,6,34.714,28.317,,8.280,17.003,0.000,0.724,0.105,45,47,11,critical_peak,0,205.563
Z01,compact_urban,165,2024-06-14,4,6,34.329,27.864,51.790,8.142,10.765,7.415,0.701,0.121,23,9,13,flat,0,255.505
Z02,tree_rich,165,2024-06-14,4,6,30.690,23.513,57.396,8.071,16.589,0.000,0.690,0.162,42,43,7,flat,0,206.912
Z03,industrial_edge,165,2024-06-14,4,6,29.859,22.034,59.099,6.736,14.661,0.000,0.678,0.201,18,12,17,flat,0,271.974
Z04,older_residential,165,2024-06-14,4,6,29.447,21.272,59.402,5.596,7.938,0.000,0.671,0.220,27,19,21,flat,0,232.160
Z05,mixed_use,165,2024-06-14,4,6,32.753,24.651,54.701,5.897,5.138,0.000,0.672,0.208,36,28,10,flat,0,232.264
Z06,coastal,165,2024-06-14,4,6,32.073,24.442,53.638,7.310,9.252,0.000,,0.171,49,39,6,flat,0,200.864
Z07,campus,165,2024-06-14,4,6,35.435,28.503,47.668,8.291,15.695,0.000,0.703,0.129,39,31,8,flat,0,228.880
Z08,suburban,165,2024-06-14,4,6,35.684,29.426,45.020,7.768,16.987,0.000,0.729,0.103,45,47,11,flat,0,215.469
Z01,compact_urban,166,2024-06-15,5,6,32.340,25.719,54.354,8.288,11.261,0.000,0.576,0.307,23,9,13,time_of_use,0,250.088
Z02,tree_rich,166,2024-06-15,5,6,29.648,22.307,58.771,7.260,16.654,0.000,0.564,0.348,42,43,7,time_of_use,0,203.442
Z03,industrial_edge,166,2024-06-15,5,6,30.596,22.657,58.335,5.866,14.086,0.000,0.554,0.386,18,12,17,time_of_use,0,269.932
Z04,older_residential,166,2024-06-15,5,6,32.066,23.868,56.379,5.628,,0.000,0.549,0.400,27,19,21,time_of_use,0,234.514
Z05,mixed_use,166,2024-06-15,5,6,35.130,27.105,51.776,6.808,6.044,0.000,0.552,0.384,36,28,10,time_of_use,0,237.088
Z06,coastal,166,2024-06-15,5,6,32.619,25.137,52.609,8.115,10.417,0.000,0.565,0.345,49,39,6,time_of_use,0,200.484
Z07,campus,166,2024-06-15,5,6,34.545,27.779,48.169,8.121,15.944,7.532,0.587,0.304,39,31,8,time_of_use,0,222.619
Z08,suburban,166,2024-06-15,5,6,33.697,27.563,46.752,6.820,15.630,0.000,0.614,0.281,45,47,11,time_of_use,0,205.459
Z01,compact_urban,167,2024-06-16,6,6,33.468,26.685,53.462,7.739,12.970,0.000,0.571,0.312,23,9,13,critical_peak,0,248.100
Z02,tree_rich,167,2024-06-16,6,6,31.357,23.859,57.085,6.278,17.584,6.164,0.559,0.355,42,43,7,critical_peak,0,198.424
Z03,industrial_edge,167,2024-06-16,6,6,32.235,24.201,56.540,5.534,13.713,0.000,0.550,0.390,18,12,17,critical_peak,0,268.611
Z04,older_residential,167,2024-06-16,6,6,33.006,24.810,55.165,6.321,7.206,0.000,0.546,0.399,27,19,21,critical_peak,0,233.687
Z05,mixed_use,167,2024-06-16,6,6,34.195,26.268,52.466,7.777,5.834,0.000,0.552,0.379,36,28,10,critical_peak,0,232.590
Z06,coastal,167,2024-06-16,6,6,30.521,23.197,54.473,8.313,10.582,0.000,0.568,0.338,49,39,6,critical_peak,0,194.935
Z07,campus,167,2024-06-16,6,6,33.255,26.651,49.108,7.342,15.883,0.000,0.592,0.299,39,31,8,critical_peak,0,212.576
Z08,suburban,167,2024-06-16,6,6,33.583,27.556,46.438,5.925,14.884,0.000,0.619,0.280,45,47,11,critical_peak,0,197.315
Z01,compact_urban,168,2024-06-17,0,6,34.946,27.997,52.159,6.778,14.739,0.000,0.686,0.138,23,9,13,flat,0,256.749
Z02,tree_rich,168,2024-06-17,0,6,30.992,23.346,57.646,5.629,17.436,0.000,0.674,0.181,42,43,7,flat,0,202.926
Z03,industrial_edge,168,2024-06-17,0,6,30.833,22.724,58.052,5.916,12.000,0.000,0.666,0.213,18,12,17,flat,0,273.021
Z04,older_residential,168,2024-06-17,0,6,31.608,23.436,56.489,7.325,5.749,0.000,0.665,0.218,27,19,21,flat,0,239.881
Z05,mixed_use,168,2024-06-17,0,6,33.069,25.257,53.340,8.317,5.753,0.000,0.674,0.193,36,28,10,flat,0,237.481
Z06,coastal,168,2024-06-17,0,6,30.731,23.572,53.784,7.807,11.692,0.000,0.692,0.152,49,39,6,flat,0,198.806
Z07,campus,168,2024-06-17,0,6,35.190,28.741,46.501,6.353,16.943,0.000,0.716,0.114,39,31,8,flat,0,219.581
Z08,suburban,168,2024-06-17,0,6,35.449,29.511,43.962,5.544,14.816,6.012,0.744,0.100,45,47,11,flat,0,205.205
Z01,compact_urban,169,2024-06-18,1,6,33.137,26.020,54.442,5.901,15.069,0.000,0.681,0.145,23,9,13,time_of_use,0,243.647
Z02,tree_rich,169,2024-06-18,1,6,28.534,20.753,60.472,5.650,16.205,0.000,0.670,0.187,42,43,7,time_of_use,0,196.451
Z03,industrial_edge,169,2024-06-18,1,6,29.925,21.763,58.983,6.820,10.405,7.825,0.663,0.216,18,12,17,time_of_use,0,268.011
Z04,older_residential,169,2024-06-18,1,6,32.745,24.621,54.990,8.134,5.472,0.000,0.664,0.216,27,19,21,time_of_use,0,237.997
Z05,mixed_use,169,2024-06-18,1,6,35.024,27.342,,8.155,7.097,0.000,0.675,0.188,36,28,10,time_of_use,0,235.537
Z06,coastal,169,2024-06-18,1,6,32.847,25.855,50.989,6.861,13.547,0.000,0.695,0.145,49,39,6,time_of_use,0,192.126
Z07,campus,169,2024-06-18,1,6,36.457,30.151,44.634,5.665,17.558,0.000,0.722,0.110,39,31,8,time_of_use,0,218.031
Z08,suburban,169,2024-06-18,1,6,34.411,28.540,44.701,5.875,13.499,0.000,0.749,0.101,45,47,11,time_of_use,0,199.712
Z01,compact_urban,170,2024-06-19,2,6,31.925,24.642,56.037,5.559,15.475,0.000,0.676,0.151,23,9,13,critical_peak,0,234.598
Z02,tree_rich,170,2024-06-19,2,6,28.915,21.015,60.138,6.333,15.870,0.000,0.665,0.193,42,43,7,critical_peak,0,192.774
Z03,industrial_edge,170,2024-06-19,2,6,32.337,24.145,56.223,7.791,10.102,0.000,0.660,0.218,18,12,17,critical_peak,0,269.749
Z04,older_residential,170,2024-06-19,2,6,35.398,27.344,51.791,8.340,5.995,0.000,0.664,0.214,27,19,21,critical_peak,0,240.487
Z05,mixed_use,170,2024-06-19,2,6,35.905,28.368,49.423,7.380,8.185,0.000,0.678,0.182,36,28,10,critical_peak,0,232.551
Z06,coastal,170,2024-06-19,2,6,32.090,25.265,51.348,5.960,14.202,0.000,0.700,0.139,49,39,6,critical_peak,0,185.968
Z07,campus,170,2024-06-19,2,6,34.583,28.407,46.231,5.632,16.733,0.000,0.727,0.107,39,31,8,critical_peak,0,208.485
Z08,suburban,170,2024-06-19,2,6,31.929,26.104,47.050,6.754,11.550,0.000,0.754,0.102,45,47,11,critical_peak,0,197.580
Z01,compact_urban,171,2024-06-20,3,6,33.700,26.257,54.314,5.929,16.879,0.000,0.671,0.158,23,9,13,flat,0,246.281
Z02,tree_rich,171,2024-06-20,3,6,30.689,22.687,58.233,7.334,15.870,0.000,0.661,0.198,42,43,7,flat,0,203.664
Z03,industrial_edge,171,2024-06-20,3,6,33.599,25.399,54.692,8.337,9.349,0.000,0.658,0.219,18,12,17,flat,0,281.928
Z04,older_residential,171,2024-06-20,3,6,34.891,26.927,52.039,7.841,5.467,5.591,0.665,0.210,27,19,21,flat,0,246.319
Z05,mixed_use,171,2024-06-20,3,6,33.792,26.411,51.319,6.389,8.223,0.000,0.681,0.175,36,28,10,flat,0,233.423
Z06,coastal,171,2024-06-20,3,6,30.401,23.740,52.727,5.567,14.398,0.000,0.704,0.133,49,39,6,flat,0,194.001
Z07,campus,171,2024-06-20,3,6,34.162,28.100,46.240,6.274,16.307,0.000,0.732,0.104,39,31,8,flat,0,219.161
Z08,suburban,171,2024-06-20,3,6,32.484,26.682,46.082,7.737,10.792,0.000,0.758,0.104,45,47,11,flat,0,210.296
Z01,compact_urban,172,2024-06-21,4,6,33.833,26.239,54.362,6.827,17.404,0.000,,0.164,23,9,13,time_of_use,0,245.675
Z02,tree_rich,172,2024-06-21,4,6,29.475,21.391,59.576,8.147,14.480,0.000,0.657,0.203,42,43,7,time_of_use,0,202.495
Z03,industrial_edge,172,2024-06-21,4,6,32.219,24.036,56.031,8.183,7.595,0.000,0.657,0.220,18,12,17,time_of_use,0,276.310
Z04,older_residential,172,2024-06-21,4,6,33.621,25.766,53.098,6.896,4.860,0.000,0.666,0.206,27,19,21,time_of_use,0,238.191
Z05,mixed_use,172,2024-06-21,4,6,33.508,26.289,51.187,5.692,,0.000,0.684,0.169,36,28,10,time_of_use,0,228.945
Z06,coastal,172,2024-06-21,4,6,31.941,25.437,50.553,5.887,15.767,0.000,0.709,0.127,49,39,6,time_of_use,0,193.198
Z07,campus,172,2024-06-21,4,6,36.138,30.171,43.627,7.268,16.667,0.000,0.737,0.102,39,31,8,time_of_use,0,225.526
Z08,suburban,172,2024-06-21,4,6,33.292,27.489,44.863,8.326,10.147,0.000,0.763,0.106,45,47,11,time_of_use,0,209.282
Z01,compact_urban,173,2024-06-22,5,6,31.444,23.710,57.149,7.798,16.680,0.000,0.541,0.351,23,9,13,critical_peak,0,242.035
Z02,tree_rich,173,2024-06-22,5,6,28.178,20.033,60.972,8.361,12.893,0.000,0.534,0.387,42,43,7,critical_peak,1,223.188
Z03,industrial_edge,173,2024-06-22,5,6,33.030,24.886,54.924,7.412,6.819,0.000,0.536,0.400,18,12,17,critical_peak,0,274.156
Z04,older_residential,173,2024-06-22,5,6,35.431,27.702,50.742,5.989,5.716,0.000,0.548,0.382,27,19,21,critical_peak,0,239.254
Z05,mixed_use,173,2024-06-22,5,6,35.515,28.463,48.522,5.646,10.989,8.178,0.568,0.342,36,28,10,critical_peak,0,231.953
Z06,coastal,173,2024-06-22,5,6,33.418,27.062,48.450,6.759,16.966,0.000,0.594,0.302,49,39,6,critical_peak,0,194.092
Z07,campus,173,2024-06-22,5,6,35.569,29.677,43.830,8.111,15.849,0.000,0.622,0.281,39,31,8,critical_peak,0,222.817
Z08,suburban,173,2024-06-22,5,6,30.878,25.050,47.218,8.225,8.257,0.000,0.646,0.290,45,47,11,critical_peak,0,204.799
Z01,compact_urban,174,2024-06-23,6,6,31.505,23.646,57.204,8.351,16.688,0.000,0.536,0.357,23,9,13,flat,0,252.642
Z02,tree_rich,174,2024-06-23,6,6,30.294,22.110,,7.869,12.547,0.000,0.532,0.391,42,43,7,flat,0,209.102
Z03,industrial_edge,174,2024-06-23,6,6,35.857,27.775,51.567,6.419,6.990,0.000,0.536,0.399,18,12,17,flat,0,288.577
Z04,older_residential,174,2024-06-23,6,6,36.672,29.082,48.989,5.585,6.570,0.000,0.550,0.377,27,19,21,flat,0,251.412
Z05,mixed_use,174,2024-06-23,6,6,34.917,28.032,48.713,6.279,11.871,0.000,0.572,0.336,36,28,10,flat,0,238.968
Z06,coastal,174,2024-06-23,6,6,31.664,25.443,49.907,7.742,16.703,0.000,0.599,0.297,49,39,6,flat,0,202.575
Z07,campus,174,2024-06-23,6,6,33.062,27.223,46.185,8.376,14.116,0.000,0.627,0.280,39,31,8,flat,0,224.597
Z08,suburban,174,2024-06-23,6,6,29.263,23.388,48.723,7.487,6.763,0.000,0.649,0.294,45,47,11,flat,0,208.994
Z01,compact_urban,175,2024-06-24,0,6,33.403,25.435,55.200,8.205,17.183,0.000,0.652,0.183,23,9,13,time_of_use,0,250.438
Z02,tree_rich,175,2024-06-24,0,6,31.806,23.607,56.807,6.925,11.880,0.000,0.650,0.214,42,43,7,time_of_use,0,201.025
Z03,industrial_edge,175,2024-06-24,0,6,35.784,27.785,51.367,5.712,6.177,0.000,0.657,0.218,18,12,17,time_of_use,0,279.816
Z04,older_residential,175,2024-06-24,0,6,34.660,27.223,50.792,5.893,6.339,0.000,0.673,0.191,27,19,21,time_of_use,0,237.128
Z05,mixed_use,175,2024-06-24,0,6,32.864,26.145,50.496,7.270,12.172,0.000,,0.149,36,28,10,time_of_use,1,252.667
Z06,coastal,175,2024-06-24,0,6,30.907,24.806,50.275,8.337,16.654,4.983,0.725,0.113,49,39,6,time_of_use,0,197.183
Z07,campus,175,2024-06-24,0,6,33.387,27.579,45.445,7.930,13.401,0.000,0.751,0.100,39,31,8,time_of_use,0,217.626
Z08,suburban,175,2024-06-24,0,6,30.786,24.841,46.810,6.492,6.629,0.000,0.772,0.118,45,47,11,time_of_use,0,200.982
Z01,compact_urban,176,2024-06-25,1,6,32.446,24.389,56.300,7.438,16.298,8.398,0.649,0.189,23,9,13,critical_peak,0,240.990
Z02,tree_rich,176,2024-06-25,1,6,30.448,22.256,58.158,6.012,10.030,0.000,0.649,0.217,42,43,7,critical_peak,0,192.249
Z03,industrial_edge,176,2024-06-25,1,6,34.417,26.520,52.561,5.655,5.053,0.000,0.658,0.215,18,12,17,critical_peak,0,268.345
Z04,older_residential,176,2024-06-25,1,6,33.938,26.660,51.158,6.758,6.817,0.000,0.677,0.186,27,19,21,critical_peak,0,231.523
Z05,mixed_use,176,2024-06-25,1,6,33.931,27.372,48.844,8.116,13.680,0.000,0.702,0.143,36,28,10,critical_peak,0,229.142
Z06,coastal,176,2024-06-25,1,6,32.905,26.906,47.624,8.244,17.510,0.000,0.730,0.109,49,39,6,critical_peak,0,193.511
Z07,campus,176,2024-06-25,1,6,34.486,28.686,,7.003,12.909,0.000,0.755,0.101,39,31,8,critical_peak,0,213.382
Z08,suburban,176,2024-06-25,1,6,30.800,24.766,46.590,5.749,6.023,0.000,0.774,0.123,45,47,11,critical_peak,0,195.578
Z01,compact_urban,177,2024-06-26,2,6,30.815,22.689,58.102,6.443,14.925,0.000,0.646,0.195,23,9,13,flat,0,241.734
Z02,tree_rich,177,2024-06-26,2,6,30.869,22.708,57.516,5.597,8.907,0.000,0.648,0.219,42,43,7,flat,0,197.730
Z03,industrial_edge,177,2024-06-26,2,6,36.054,28.278,50.422,6.278,5.358,0.000,0.660,0.212,18,12,17,flat,0,283.097
Z04,older_residential,177,2024-06-26,2,6,35.813,28.701,48.651,7.741,8.501,0.000,0.681,0.180,27,19,21,flat,0,247.616
Z05,mixed_use,177,2024-06-26,2,6,35.530,29.123,46.605,8.388,15.323,0.000,0.707,0.137,36,28,10,flat,0,242.482
Z06,coastal,177,2024-06-26,2,6,32.808,26.891,47.291,7.511,17.330,0.000,0.735,0.106,49,39,6,flat,0,200.376
Z07,campus,177,2024-06-26,2,6,32.334,26.517,45.917,6.069,11.063,8.472,0.759,0.102,39,31,8,flat,0,217.112
Z08,suburban,177,2024-06-26,2,6,28.536,22.393,48.913,5.638,4.657,0.000,0.775,0.128,45,47,11,flat,1,226.373
Z01,compact_urban,178,2024-06-27,3,6,32.571,24.398,56.140,5.728,14.713,0.000,0.644,0.200,23,9,13,time_of_use,0,238.758
Z02,tree_rich,178,2024-06-27,3,6,33.748,25.642,54.134,5.894,8.829,4.523,0.648,0.220,42,43,7,time_of_use,0,195.561
Z03,industrial_edge,178,2024-06-27,3,6,37.655,30.014,48.296,7.265,5.889,0.000,0.662,0.209,18,12,17,time_of_use,0,291.053
Z04,older_residential,178,2024-06-27,3,6,35.414,28.470,48.633,8.343,9.409,0.000,0.685,0.173,27,19,21,time_of_use,0,244.287
Z05,mixed_use,178,2024-06-27,3,6,33.898,27.630,47.922,7.949,15.557,0.000,0.712,0.131,36,28,10,time_of_use,0,234.011
Z06,coastal,178,2024-06-27,3,6,30.353,24.498,49.568,6.515,,0.000,0.739,0.103,49,39,6,time_of_use,0,194.078
Z07,campus,178,2024-06-27,3,6,30.385,24.529,47.760,5.607,9.279,0.000,0.762,0.105,39,31,8,time_of_use,0,212.054
Z08,suburban,178,2024-06-27,3,6,28.934,22.665,48.343,6.218,4.524,0.000,0.776,0.134,45,47,11,time_of_use,0,204.247
Z01,compact_urban,179,2024-06-28,4,6,34.274,26.077,54.199,5.658,14.321,0.000,0.642,0.205,23,9,13,critical_peak,0,239.725
Z02,tree_rich,179,2024-06-28,4,6,34.087,26.056,53.514,6.752,7.843,0.000,0.649,0.220,42,43,7,critical_peak,0,195.487
Z03,industrial_edge,179,2024-06-28,4,6,35.852,28.359,49.890,8.115,5.305,0.000,0.666,0.205,18,12,17,critical_peak,0,280.490
Z04,older_residential,179,2024-06-28,4,6,33.064,26.286,50.751,8.258,9.631,0.000,0.690,0.167,27,19,21,critical_peak,0,234.984
Z05,mixed_use,179,2024-06-28,4,6,32.776,26.634,48.683,7.024,15.846,0.000,0.717,0.125,36,28,10,critical_peak,0,227.436
Z06,coastal,179,2024-06-28,4,6,30.457,24.641,49.050,5.763,15.533,0.000,0.744,0.101,49,39,6,critical_peak,0,189.850
Z07,campus,179,2024-06-28,4,6,31.701,25.784,46.042,5.851,8.816,0.000,0.764,0.108,39,31,8,critical_peak,0,211.664
Z08,suburban,179,2024-06-28,4,6,31.210,24.801,45.745,7.194,5.320,4.347,0.776,0.140,45,47,11,critical_peak,0,204.816
Z01,compact_urban,180,2024-06-29,5,6,32.947,24.750,55.552,6.271,12.599,0.000,0.521,0.389,23,9,13,flat,0,249.095
Z02,tree_rich,180,2024-06-29,5,6,32.651,24.716,54.813,7.735,6.296,0.000,0.530,0.400,42,43,7,flat,0,207.710
Z03,industrial_edge,180,2024-06-29,5,6,34.763,27.428,50.679,8.395,5.248,8.646,0.549,0.380,18,12,17,flat,0,287.053
Z04,older_residential,180,2024-06-29,5,6,33.609,26.994,49.676,7.530,11.064,0.000,0.575,0.340,27,19,21,flat,0,243.925
Z05,mixed_use,180,2024-06-29,5,6,34.691,28.657,46.113,6.085,17.173,0.000,0.603,0.300,36,28,10,flat,0,238.302
Z06,coastal,180,2024-06-29,5,6,31.846,26.046,47.141,5.640,15.400,0.000,0.628,0.280,49,39,6,flat,0,199.794
Z07,campus,180,2024-06-29,5,6,31.986,25.986,45.490,6.680,7.991,0.000,0.646,0.291,39,31,8,flat,0,223.218
Z08,suburban,180,2024-06-29,5,6,30.637,24.077,46.318,8.069,5.159,0.000,0.655,0.327,45,47,11,flat,0,215.576
Z01,compact_urban,181,2024-06-30,6,6,32.927,24.753,55.431,7.255,11.325,0.000,0.520,0.392,23,9,13,time_of_use,0,248.969
Z02,tree_rich,181,2024-06-30,6,6,34.071,26.250,52.941,8.342,6.076,0.000,0.532,0.399,42,43,7,time_of_use,0,206.923
Z03,industrial_edge,181,2024-06-30,6,6,36.498,29.326,48.342,7.963,6.548,0.000,0.553,0.375,18,12,17,time_of_use,0,289.655
Z04,older_residential,181,2024-06-30,6,6,35.251,28.791,,6.531,12.943,0.000,0.580,0.333,27,19,21,time_of_use,0,241.660
Z05,mixed_use,181,2024-06-30,6,6,35.036,29.092,45.280,5.612,17.673,0.000,0.607,0.295,36,28,10,time_of_use,0,233.057
Z06,coastal,181,2024-06-30,6,6,30.061,24.253,48.748,6.209,13.853,0.000,0.631,0.280,49,39,6,time_of_use,0,194.895
Z07,campus,181,2024-06-30,6,6,29.656,23.554,47.849,7.671,6.202,0.000,0.647,0.295,39,31,8,time_of_use,0,218.036
Z08,suburban,181,2024-06-30,6,6,29.428,22.707,47.629,8.399,4.923,0.000,0.654,0.333,45,47,11,time_of_use,0,210.674
Z01,compact_urban,182,2024-07-01,0,7,35.733,27.605,52.165,8.108,11.153,0.000,0.640,0.215,23,9,13,critical_peak,0,254.826
Z02,tree_rich,182,2024-07-01,0,7,36.006,28.315,50.474,8.265,6.276,0.000,0.655,0.217,42,43,7,critical_peak,0,205.193
Z03,industrial_edge,182,2024-07-01,0,7,36.347,29.342,48.065,7.040,7.300,0.000,0.678,0.189,18,12,17,critical_peak,0,279.942
Z04,older_residential,182,2024-07-01,0,7,33.744,27.428,48.570,5.771,13.526,3.869,0.705,0.147,27,19,21,critical_peak,0,228.075
Z05,mixed_use,182,2024-07-01,0,7,32.690,26.815,47.420,5.845,16.885,0.000,0.732,0.111,36,28,10,critical_peak,0,221.797
Z06,coastal,182,2024-07-01,0,7,27.878,22.039,50.818,7.181,12.033,0.000,0.754,0.100,49,39,6,critical_peak,0,189.381
Z07,campus,182,2024-07-01,0,7,29.592,23.370,47.751,8.319,5.434,0.000,0.768,0.120,39,31,8,critical_peak,0,213.244
Z08,suburban,182,2024-07-01,0,7,31.508,24.622,45.361,8.015,6.175,0.000,0.772,0.160,45,47,11,critical_peak,0,204.455
Z01,compact_urban,183,2024-07-02,1,7,36.434,28.374,51.180,8.395,10.159,0.000,0.641,0.217,23,9,13,flat,0,265.689
Z02,tree_rich,183,2024-07-02,1,7,34.501,26.954,51.765,7.542,5.336,0.000,0.658,0.214,42,43,7,flat,0,205.931
Z03,industrial_edge,183,2024-07-02,1,7,33.789,26.952,50.420,6.095,7.265,0.000,0.683,0.183,18,12,17,flat,0,273.485
Z04,older_residential,183,2024-07-02,1,7,32.239,26.054,49.747,5.636,14.030,0.000,0.710,0.141,27,19,21,flat,0,231.161
Z05,mixed_use,183,2024-07-02,1,7,32.571,26.744,47.128,6.666,16.769,0.000,0.736,0.108,36,28,10,flat,0,230.324
Z06,coastal,183,2024-07-02,1,7,28.987,23.094,49.298,8.060,11.448,0.000,0.757,0.101,49,39,6,flat,0,199.326
Z07,campus,183,2024-07-02,1,7,31.878,25.521,45.104,8.294,5.746,0.000,0.768,0.125,39,31,8,flat,0,223.445
Z08,suburban,183,2024-07-02,1,7,33.305,26.252,43.442,7.113,7.470,0.000,0.769,0.166,45,47,11,flat,0,211.281
Z01,compact_urban,184,2024-07-03,2,7,34.946,26.974,52.569,7.971,8.357,0.000,0.643,0.219,23,9,13,time_of_use,0,252.746
Z02,tree_rich,184,2024-07-03,2,7,33.122,25.729,52.894,6.542,4.695,0.000,0.662,0.211,42,43,7,time_of_use,0,196.711
Z03,industrial_edge,184,2024-07-03,2,7,33.802,27.129,49.939,5.611,8.400,0.000,0.688,0.177,18,12,17,time_of_use,0,267.335
Z04,older_residential,184,2024-07-03,2,7,33.960,27.890,47.381,6.195,15.703,0.000,0.715,0.135,27,19,21,time_of_use,0,231.424
Z05,mixed_use,184,2024-07-03,2,7,34.226,28.422,44.905,7.656,17.143,8.830,0.740,0.105,36,28,10,time_of_use,0,231.634
Z06,coastal,184,2024-07-03,2,7,29.563,23.595,48.394,8.397,10.604,0.000,0.758,0.103,49,39,6,time_of_use,0,197.198
Z07,campus,184,2024-07-03,2,7,31.607,25.102,45.308,7.609,,0.000,0.767,0.131,39,31,8,time_of_use,0,218.608
Z08,suburban,184,2024-07-03,2,7,31.910,24.689,45.073,6.152,7.625,0.000,0.766,0.173,45,47,11,time_of_use,0,205.912
Z01,compact_urban,185,2024-07-04,3,7,36.090,28.226,51.030,7.049,,0.000,0.645,0.220,23,9,13,critical_peak,0,251.288
Z02,tree_rich,185,2024-07-04,3,7,34.711,27.481,50.736,5.773,5.493,0.000,0.666,0.207,42,43,7,critical_peak,0,193.007
Z03,industrial_edge,185,2024-07-04,3,7,35.421,28.907,47.683,5.833,10.276,0.000,0.693,0.171,18,12,17,critical_peak,0,270.492
Z04,older_residential,185,2024-07-04,3,7,34.690,28.716,46.114,7.163,16.821,0.000,,0.129,27,19,21,critical_peak,0,233.126
Z05,mixed_use,185,2024-07-04,3,7,32.892,27.090,45.990,8.310,16.114,0.000,0.744,0.103,36,28,10,critical_peak,0,228.306
Z06,coastal,185,2024-07-04,3,7,27.251,21.187,50.698,8.021,8.598,0.000,0.760,0.106,49,39,6,critical_peak,0,192.460
Z07,campus,185,2024-07-04,3,7,30.209,23.546,46.789,6.611,4.375,0.000,0.766,0.136,39,31,8,critical_peak,0,212.288
Z08,suburban,185,2024-07-04,3,7,31.712,24.329,45.424,5.621,8.372,0.000,0.763,0.179,45,47,11,critical_peak,0,202.221
Z01,compact_urban,186,2024-07-05,4,7,38.302,30.563,,6.100,7.659,0.000,0.647,0.220,23,9,13,flat,0,271.742
Z02,tree_rich,186,2024-07-05,4,7,34.857,27.793,50.147,5.627,5.958,0.000,0.671,0.203,42,43,7,flat,0,202.636
Z03,industrial_edge,186,2024-07-05,4,7,34.052,27.686,48.710,6.646,11.011,0.000,0.698,0.164,18,12,17,flat,0,277.354
Z04,older_residential,186,2024-07-05,4,7,32.488,26.591,48.082,8.044,16.578,0.000,0.725,0.123,27,19,21,flat,0,240.064
Z05,mixed_use,186,2024-07-05,4,7,30.581,24.756,48.175,8.293,14.501,0.000,0.747,0.101,36,28,10,flat,0,234.940
Z06,coastal,186,2024-07-05,4,7,26.726,20.549,51.072,7.121,7.339,3.197,0.760,0.109,49,39,6,flat,0,199.118
Z07,campus,186,2024-07-05,4,7,32.057,25.230,44.738,5.808,5.041,0.000,0.764,0.143,39,31,8,flat,0,221.134
Z08,suburban,186,2024-07-05,4,7,34.146,26.608,42.916,5.790,10.257,0.000,0.758,0.185,45,47,11,flat,0,212.747
Z01,compact_urban,187,2024-07-06,5,7,37.156,29.556,49.209,5.605,6.443,8.922,0.531,0.399,23,9,13,time_of_use,0,262.045
Z02,tree_rich,187,2024-07-06,5,7,32.205,25.309,52.620,6.176,5.536,0.000,0.555,0.378,42,43,7,time_of_use,0,200.503
Z03,industrial_edge,187,2024-07-06,5,7,32.164,25.934,50.307,7.636,11.546,0.000,0.583,0.338,18,12,17,time_of_use,0,274.235
Z04,older_residential,187,2024-07-06,5,7,32.130,26.289,48.036,8.389,16.860,0.000,0.609,0.298,27,19,21,time_of_use,0,238.441
Z05,mixed_use,187,2024-07-06,5,7,31.493,25.622,46.842,7.613,14.010,0.000,0.629,0.280,36,28,10,time_of_use,0,231.777
Z06,coastal,187,2024-07-06,5,7,28.937,22.629,48.472,6.155,7.243,0.000,0.640,0.293,49,39,6,time_of_use,0,194.750
Z07,campus,187,2024-07-06,5,7,34.223,27.229,42.374,5.609,6.026,0.000,0.641,0.329,39,31,8,time_of_use,0,220.099
Z08,suburban,187,2024-07-06,5,7,34.317,26.635,42.932,6.571,11.290,0.000,0.634,0.371,45,47,11,time_of_use,0,211.059
Z01,compact_urban,188,2024-07-07,6,7,35.559,28.110,50.601,5.815,5.260,0.000,0.534,0.398,23,9,13,critical_peak,1,273.527
Z02,tree_rich,188,2024-07-07,6,7,31.706,24.975,52.712,7.139,6.182,0.000,0.560,0.373,42,43,7,critical_peak,0,199.568
Z03,industrial_edge,188,2024-07-07,6,7,33.587,27.478,48.264,8.295,13.364,0.000,0.588,0.331,18,12,17,critical_peak,0,275.140
Z04,older_residential,188,2024-07-07,6,7,33.999,28.190,45.557,8.020,17.803,0.000,0.613,0.294,27,19,21,critical_peak,0,236.612
Z05,mixed_use,188,2024-07-07,6,7,32.383,26.444,45.562,6.614,13.374,0.000,0.631,0.280,36,28,10,critical_peak,0,225.202
Z06,coastal,188,2024-07-07,6,7,28.945,22.494,,5.614,6.371,0.000,0.639,0.297,49,39,6,critical_peak,0,187.825
Z07,campus,188,2024-07-07,6,7,33.138,25.977,43.626,6.112,5.900,8.947,0.638,0.336,39,31,8,critical_peak,0,213.728
Z08,suburban,188,2024-07-07,6,7,32.325,24.512,45.362,7.565,11.477,0.000,,0.377,45,47,11,critical_peak,0,206.157
Z01,compact_urban,189,2024-07-08,0,7,36.996,29.707,48.632,6.620,5.525,0.000,0.659,0.216,23,9,13,flat,0,267.698
Z02,tree_rich,189,2024-07-08,0,7,33.258,26.688,50.537,8.023,7.826,2.701,0.685,0.187,42,43,7,flat,0,208.489
Z03,industrial_edge,189,2024-07-08,0,7,34.626,28.620,46.649,8.286,14.943,0.000,0.713,0.145,18,12,17,flat,0,284.097
Z04,older_residential,189,2024-07-08,0,7,33.173,27.373,46.062,7.123,17.431,0.000,0.736,0.110,27,19,21,flat,0,237.827
Z05,mixed_use,189,2024-07-08,0,7,30.191,24.164,47.702,5.804,11.402,0.000,0.752,0.101,36,28,10,flat,0,225.581
Z06,coastal,189,2024-07-08,0,7,27.360,20.754,49.980,5.771,5.001,0.000,0.757,0.122,49,39,6,flat,0,192.299
Z07,campus,189,2024-07-08,0,7,32.733,25.407,44.168,7.060,6.226,0.000,0.754,0.162,39,31,8,flat,0,220.966
Z08,suburban,189,2024-07-08,0,7,33.050,25.122,44.837,8.262,12.737,0.000,0.744,0.202,45,47,11,flat,0,213.756
Z01,compact_urban,190,2024-07-09,1,7,37.479,30.355,47.691,7.609,5.653,0.000,0.663,0.213,23,9,13,time_of_use,0,267.820
Z02,tree_rich,190,2024-07-09,1,7,32.055,25.637,51.387,8.375,8.505,0.000,0.691,0.181,42,43,7,time_of_use,0,203.394
Z03,industrial_edge,190,2024-07-09,1,7,32.585,26.663,48.429,7.611,15.160,0.000,0.717,0.138,18,12,17,time_of_use,0,271.459
Z04,older_residential,190,2024-07-09,1,7,30.835,25.020,48.253,6.152,16.217,0.000,0.739,0.107,27,19,21,time_of_use,1,248.066
Z05,mixed_use,190,2024-07-09,1,7,29.240,23.105,48.511,5.592,9.865,0.000,0.752,0.102,36,28,10,time_of_use,0,218.773
Z06,coastal,190,2024-07-09,1,7,28.877,22.109,48.254,6.544,5.035,0.000,0.755,0.127,49,39,6,time_of_use,0,190.497
Z07,campus,190,2024-07-09,1,7,35.215,27.732,41.570,7.966,7.870,0.000,0.750,0.169,39,31,8,time_of_use,0,223.912
Z08,suburban,190,2024-07-09,1,7,34.888,26.862,43.118,8.306,,2.514,0.739,0.206,45,47,11,time_of_use,0,212.279
Z01,compact_urban,191,2024-07-10,2,7,34.855,27.899,50.149,8.274,4.785,0.000,0.668,0.210,23,9,13,critical_peak,0,250.736
Z02,tree_rich,191,2024-07-10,2,7,29.808,23.531,53.379,8.013,,0.000,0.696,0.175,42,43,7,critical_peak,0,196.714
Z03,industrial_edge,191,2024-07-10,2,7,31.962,26.103,48.661,6.611,15.776,8.991,0.722,0.132,18,12,17,critical_peak,0,263.147
Z04,older_residential,191,2024-07-10,2,7,31.563,25.711,47.095,5.601,16.003,0.000,0.741,0.104,27,19,21,critical_peak,0,221.882
Z05,mixed_use,191,2024-07-10,2,7,31.312,25.053,46.027,6.085,9.517,0.000,0.752,0.104,36,28,10,critical_peak,0,219.035
Z06,coastal,191,2024-07-10,2,7,31.307,24.374,45.562,10.400,5.623,0.000,0.752,0.133,49,39,6,critical_peak,0,198.886
Z07,campus,191,2024-07-10,2,7,35.864,28.232,41.026,8.367,8.922,0.000,0.745,0.175,39,31,8,critical_peak,0,224.255
Z08,suburban,191,2024-07-10,2,7,33.526,25.423,44.947,7.671,14.692,0.000,0.734,0.210,45,47,11,critical_peak,0,205.751
Z01,compact_urban,192,2024-07-11,3,7,33.893,27.104,50.763,8.273,4.822,0.000,0.673,0.206,23,9,13,flat,0,255.481
Z02,tree_rich,192,2024-07-11,3,7,30.845,24.695,51.758,7.118,10.584,0.000,0.701,0.168,42,43,7,flat,0,203.132
Z03,industrial_edge,192,2024-07-11,3,7,33.969,28.151,46.014,5.793,17.245,0.000,0.725,0.127,18,12,17,flat,0,274.650
Z04,older_residential,192,2024-07-11,3,7,32.786,26.874,45.419,5.746,15.778,0.000,0.743,0.102,27,19,21,flat,0,233.818
Z05,mixed_use,192,2024-07-11,3,7,31.586,25.187,45.558,7.028,8.472,0.000,0.751,0.107,36,28,10,flat,0,231.556
Z06,coastal,192,2024-07-11,3,7,30.534,23.432,46.433,8.238,5.131,0.000,0.749,0.139,49,39,6,flat,0,202.487
Z07,campus,192,2024-07-11,3,7,33.910,26.141,43.381,8.055,9.047,0.000,0.740,0.182,39,31,8,flat,1,249.329
Z08,suburban,192,2024-07-11,3,7,32.002,23.844,46.981,6.677,14.816,0.000,0.729,0.213,45,47,11,flat,0,211.671
Z01,compact_urban,193,2024-07-12,4,7,35.355,28.728,48.699,7.604,6.052,0.000,0.678,0.201,23,9,13,time_of_use,0,256.212
Z02,tree_rich,193,2024-07-12,4,7,32.109,26.068,49.890,6.144,12.398,0.000,0.706,0.162,42,43,7,time_of_use,0,198.588
Z03,industrial_edge,193,2024-07-12,4,7,33.673,27.872,,5.570,17.569,0.000,0.729,0.121,18,12,17,time_of_use,0,271.172
Z04,older_residential,193,2024-07-12,4,7,30.823,24.830,47.277,6.510,14.096,2.013,0.744,0.101,27,19,21,time_of_use,0,230.530
Z05,mixed_use,193,2024-07-12,4,7,29.834,23.285,47.353,7.936,6.683,0.000,0.749,0.110,36,28,10,time_of_use,0,229.579
Z06,coastal,193,2024-07-12,4,7,29.915,22.647,47.171,8.290,4.911,0.000,0.745,0.145,49,39,6,time_of_use,0,199.549
Z07,campus,193,2024-07-12,4,7,34.297,26.408,43.193,7.185,10.193,0.000,0.735,0.188,39,31,8,time_of_use,0,222.570
Z08,suburban,193,2024-07-12,4,7,33.725,25.535,45.467,5.829,16.104,0.000,0.724,0.216,45,47,11,time_of_use,0,206.334
Z01,compact_urban,194,2024-07-13,5,7,34.356,27.885,49.329,6.603,6.499,0.000,0.563,0.376,23,9,13,critical_peak,0,248.464
Z02,tree_rich,194,2024-07-13,5,7,30.236,24.287,51.477,5.582,12.911,0.000,0.590,0.335,42,43,7,critical_peak,0,195.076
Z03,industrial_edge,194,2024-07-13,5,7,31.391,25.584,48.023,6.053,16.857,0.000,0.611,0.297,18,12,17,critical_peak,0,266.072
Z04,older_residential,194,2024-07-13,5,7,29.509,23.415,48.452,7.501,12.523,0.000,0.624,0.280,27,19,21,critical_peak,0,229.123
Z05,mixed_use,194,2024-07-13,5,7,30.938,24.229,46.044,8.344,6.141,0.000,0.627,0.294,36,28,10,critical_peak,0,229.692
Z06,coastal,194,2024-07-13,5,7,32.370,24.942,44.567,7.661,6.131,0.000,0.621,0.331,49,39,6,critical_peak,0,196.527
Z07,campus,194,2024-07-13,5,7,36.244,28.251,41.323,6.197,12.011,0.000,0.610,0.373,39,31,8,critical_peak,0,222.578
Z08,suburban,194,2024-07-13,5,7,34.622,26.422,44.885,5.553,16.906,0.000,0.599,0.398,45,47,11,critical_peak,0,202.512
Z01,compact_urban,195,2024-07-14,6,7,31.805,25.479,51.661,5.777,6.493,0.000,0.569,0.371,23,9,13,flat,0,249.117
Z02,tree_rich,195,2024-07-14,6,7,29.317,23.439,52.023,5.715,13.713,0.000,0.594,0.329,42,43,7,flat,0,203.321
Z03,industrial_edge,195,2024-07-14,6,7,31.945,26.109,47.032,6.990,17.032,0.000,,0.292,18,12,17,flat,0,277.578
Z04,older_residential,195,2024-07-14,6,7,31.404,25.191,46.130,8.209,12.122,0.000,0.624,0.280,27,19,21,flat,0,241.705
Z05,mixed_use,195,2024-07-14,6,7,33.518,26.644,43.149,8.040,6.334,8.992,0.624,0.299,36,28,10,flat,0,239.330
Z06,coastal,195,2024-07-14,6,7,33.492,25.912,43.465,6.667,7.023,0.000,0.616,0.338,49,39,6,flat,0,201.450
Z07,campus,195,2024-07-14,6,7,35.099,27.022,42.885,5.592,12.606,0.000,0.605,0.379,39,31,8,flat,0,223.017
Z08,suburban,195,2024-07-14,6,7,32.595,24.409,,5.988,16.367,0.000,0.594,0.399,45,47,11,flat,0,207.471
Z01,compact_urban,196,2024-07-15,0,7,32.396,26.202,50.532,5.543,7.876,0.000,0.694,0.185,23,9,13,time_of_use,0,243.522
Z02,tree_rich,196,2024-07-15,0,7,31.364,25.534,49.319,6.471,15.566,0.000,0.718,0.142,42,43,7,time_of_use,0,199.626
Z03,industrial_edge,196,2024-07-15,0,7,33.507,27.619,44.957,7.901,17.364,0.000,0.735,0.109,18,12,17,time_of_use,0,276.734
Z04,older_residential,196,2024-07-15,0,7,31.943,25.595,45.334,8.269,11.109,0.000,0.742,0.101,27,19,21,time_of_use,0,236.212
Z05,mixed_use,196,2024-07-15,0,7,33.038,25.997,43.658,7.173,5.476,0.000,0.741,0.124,36,28,10,time_of_use,0,229.821
Z06,coastal,196,2024-07-15,0,7,31.665,23.944,45.645,5.811,6.924,0.000,0.732,0.165,49,39,6,time_of_use,0,191.358
Z07,campus,196,2024-07-15,0,7,33.188,25.047,45.319,5.671,12.870,0.000,0.720,0.203,39,31,8,time_of_use,0,212.501
Z08,suburban,196,2024-07-15,0,7,32.377,24.228,48.218,6.906,16.371,0.000,0.710,0.220,45,47,11,time_of_use,0,203.283
Z01,compact_urban,197,2024-07-16,1,7,33.803,27.726,48.504,6.014,9.674,0.000,0.698,0.179,23,9,13,critical_peak,0,241.947
Z02,tree_rich,197,2024-07-16,1,7,31.584,25.780,48.637,7.461,16.515,0.000,0.721,0.136,42,43,7,critical_peak,0,196.348
Z03,industrial_edge,197,2024-07-16,1,7,31.880,25.918,46.417,8.316,,0.000,0.736,0.106,18,12,17,critical_peak,0,268.688
Z04,older_residential,197,2024-07-16,1,7,30.068,23.574,47.228,7.645,9.107,0.000,0.741,0.103,27,19,21,critical_peak,0,226.245
Z05,mixed_use,197,2024-07-16,1,7,32.192,24.984,44.608,6.182,4.672,0.000,0.737,0.129,36,28,10,critical_peak,0,221.477
Z06,coastal,197,2024-07-16,1,7,31.748,23.900,45.759,5.525,7.758,2.675,0.727,0.171,49,39,6,critical_peak,0,186.316
Z07,campus,197,2024-07-16,1,7,34.501,26.319,44.232,6.392,14.363,0.000,0.715,0.208,39,31,8,critical_peak,0,212.762
Z08,suburban,197,2024-07-16,1,7,34.531,26.442,46.303,7.836,17.139,0.000,0.706,0.220,45,47,11,critical_peak,0,203.770
Z01,compact_urban,198,2024-07-17,2,7,32.103,26.123,49.897,6.947,10.273,8.951,0.703,0.173,23,9,13,flat,0,246.777
Z02,tree_rich,198,2024-07-17,2,7,29.424,23.622,50.590,8.173,16.308,0.000,0.724,0.130,42,43,7,flat,0,203.820
Z03,industrial_edge,198,2024-07-17,2,7,30.289,24.232,47.865,8.019,14.804,0.000,0.736,0.103,18,12,17,flat,0,272.025
Z04,older_residential,198,2024-07-17,2,7,30.701,24.050,46.399,6.651,8.131,0.000,0.738,0.105,27,19,21,flat,0,232.831
Z05,mixed_use,198,2024-07-17,2,7,34.526,27.154,42.099,5.566,5.359,0.000,0.732,0.135,36,28,10,flat,0,232.616
Z06,coastal,198,2024-07-17,2,7,33.796,25.837,43.745,5.948,9.519,0.000,0.721,0.178,49,39,6,flat,0,198.260
Z07,campus,198,2024-07-17,2,7,35.523,27.323,43.490,7.381,15.645,0.000,,0.211,39,31,8,flat,0,227.773
Z08,suburban,198,2024-07-17,2,7,34.093,26.085,47.249,8.298,16.689,0.000,0.703,0.219,45,47,11,flat,0,213.611
Z01,compact_urban,199,2024-07-18,3,7,30.862,24.960,50.789,7.859,11.053,0.000,0.707,0.166,23,9,13,time_of_use,0,242.367
Z02,tree_rich,199,2024-07-18,3,7,29.803,23.980,49.770,8.241,16.889,0.000,0.726,0.125,42,43,7,time_of_use,0,200.246
Z03,industrial_edge,199,2024-07-18,3,7,31.988,25.819,45.725,7.155,14.552,0.000,0.735,0.101,18,12,17,time_of_use,0,270.066
Z04,older_residential,199,2024-07-18,3,7,33.319,26.504,43.425,5.788,8.018,0.000,0.735,0.108,27,19,21,time_of_use,0,232.462
Z05,mixed_use,199,2024-07-18,3,7,36.084,28.556,40.482,5.634,5.965,0.000,0.728,0.141,36,28,10,time_of_use,0,236.033
Z06,coastal,199,2024-07-18,3,7,32.952,24.902,44.945,6.861,10.232,0.000,0.716,0.184,49,39,6,time_of_use,0,197.785
Z07,campus,199,2024-07-18,3,7,33.438,25.244,46.188,8.129,15.559,8.926,0.706,0.214,39,31,8,time_of_use,0,222.300
Z08,suburban,199,2024-07-18,3,7,32.008,24.101,50.016,8.051,15.409,0.000,0.700,0.217,45,47,11,time_of_use,0,208.940
Z01,compact_urban,200,2024-07-19,4,7,32.838,26.993,48.151,8.281,13.071,0.000,0.711,0.159,23,9,13,critical_peak,0,244.504
Z02,tree_rich,200,2024-07-19,4,7,31.688,25.821,47.315,7.624,17.830,3.171,0.727,0.120,42,43,7,critical_peak,0,196.952
Z03,industrial_edge,200,2024-07-19,4,7,32.802,26.504,44.592,6.160,13.792,0.000,0.734,0.100,18,12,17,critical_peak,0,266.664
Z04,older_residential,200,2024-07-19,4,7,33.106,26.125,43.602,5.490,6.884,0.000,0.732,0.111,27,19,21,critical_peak,0,229.023
Z05,mixed_use,200,2024-07-19,4,7,34.451,26.778,,6.346,5.526,0.000,0.723,0.147,36,28,10,critical_peak,0,230.074
Z06,coastal,200,2024-07-19,4,7,30.753,22.632,47.666,7.792,10.474,0.000,0.711,0.190,49,39,6,critical_peak,0,196.213
Z07,campus,200,2024-07-19,4,7,32.694,24.529,47.429,8.249,15.857,0.000,0.701,0.217,39,31,8,critical_peak,0,218.571
Z08,suburban,200,2024-07-19,4,7,32.874,25.086,49.541,7.217,15.152,0.000,0.698,0.215,45,47,11,critical_peak,0,203.182
Z01,compact_urban,201,2024-07-20,5,7,33.530,27.719,46.936,7.992,14.482,0.000,0.594,0.333,23,9,13,flat,0,255.798
Z02,tree_rich,201,2024-07-20,5,7,30.487,24.554,48.279,6.630,17.287,0.000,0.608,0.295,42,43,7,flat,0,203.867
Z03,industrial_edge,201,2024-07-20,5,7,30.871,24.430,46.513,5.535,11.821,0.000,0.612,0.280,18,12,17,flat,0,271.063
Z04,older_residential,201,2024-07-20,5,7,32.017,24.868,44.781,5.903,5.552,0.000,0.608,0.296,27,19,21,flat,0,238.042
Z05,mixed_use,201,2024-07-20,5,7,34.253,26.449,42.798,7.332,5.887,0.000,0.598,0.334,36,28,10,flat,0,241.621
Z06,coastal,201,2024-07-20,5,7,31.648,23.478,47.013,8.261,11.985,0.000,0.586,0.375,49,39,6,flat,0,207.034
Z07,campus,201,2024-07-20,5,7,34.707,26.595,45.655,7.674,17.084,0.000,0.578,0.399,39,31,8,flat,0,229.045
Z08,suburban,201,2024-07-20,5,7,34.233,26.579,48.526,6.213,14.958,3.356,0.577,0.392,45,47,11,flat,0,209.579
Z01,compact_urban,202,2024-07-21,6,7,31.534,25.734,48.692,7.132,14.683,0.000,0.596,0.326,23,9,13,time_of_use,0,245.611
Z02,tree_rich,202,2024-07-21,6,7,28.716,22.696,49.897,5.760,16.270,0.000,0.608,0.291,42,43,7,time_of_use,0,196.393
Z03,industrial_edge,202,2024-07-21,6,7,31.009,24.414,46.193,5.591,10.611,8.835,0.610,0.280,18,12,17,time_of_use,0,266.844
Z04,older_residential,202,2024-07-21,6,7,34.125,26.811,42.482,6.810,5.684,0.000,0.604,0.300,27,19,21,time_of_use,0,239.611
Z05,mixed_use,202,2024-07-21,6,7,36.381,28.460,40.662,8.085,7.389,0.000,0.593,0.340,36,28,10,time_of_use,0,245.787
Z06,coastal,202,2024-07-21,6,7,32.778,24.583,46.127,8.022,13.581,0.000,0.581,0.380,49,39,6,time_of_use,0,201.814
Z07,campus,202,2024-07-21,6,7,34.566,26.527,46.264,6.691,17.260,0.000,0.575,0.400,39,31,8,time_of_use,0,220.544
Z08,suburban,202,2024-07-21,6,7,32.232,24.724,51.206,5.545,13.309,0.000,0.576,0.389,45,47,11,time_of_use,0,200.876
Z01,compact_urban,203,2024-07-22,0,7,31.721,25.909,48.063,6.134,15.588,0.000,0.718,0.140,23,9,13,critical_peak,0,237.208
Z02,tree_rich,203,2024-07-22,0,7,30.218,24.092,47.943,5.450,16.330,0.000,0.727,0.107,42,43,7,critical_peak,0,189.674
Z03,industrial_edge,203,2024-07-22,0,7,33.564,26.808,43.250,6.294,10.347,0.000,0.727,0.102,18,12,17,critical_peak,0,267.040
Z04,older_residential,203,2024-07-22,0,7,36.048,28.575,40.425,7.743,,0.000,0.719,0.125,27,19,21,critical_peak,0,242.132
Z05,mixed_use,203,2024-07-22,0,7,35.910,27.891,41.419,8.213,8.039,0.000,0.707,0.167,36,28,10,critical_peak,0,237.357
Z06,coastal,203,2024-07-22,0,7,30.694,22.496,48.802,7.191,13.842,0.000,0.697,0.205,49,39,6,critical_peak,0,191.795
Z07,campus,203,2024-07-22,0,7,32.372,24.427,49.142,5.794,16.415,0.000,0.692,0.220,39,31,8,critical_peak,0,208.450
Z08,suburban,203,2024-07-22,0,7,30.547,23.197,53.534,5.548,11.708,0.000,0.696,0.204,45,47,11,critical_peak,0,194.814
Z01,compact_urban,204,2024-07-23,1,7,33.887,28.039,45.277,5.498,17.084,0.000,0.719,0.134,23,9,13,flat,0,246.515
Z02,tree_rich,204,2024-07-23,1,7,31.325,25.075,46.455,5.852,16.018,0.000,0.726,0.105,42,43,7,flat,0,197.191
Z03,industrial_edge,204,2024-07-23,1,7,33.592,26.670,43.125,7.279,9.099,0.000,0.723,0.103,18,12,17,flat,0,275.702
Z04,older_residential,204,2024-07-23,1,7,34.650,27.028,42.059,8.218,5.132,3.844,0.714,0.131,27,19,21,flat,0,244.366
Z05,mixed_use,204,2024-07-23,1,7,33.538,25.440,44.300,7.645,8.089,0.000,0.702,0.174,36,28,10,flat,0,236.150
Z06,coastal,204,2024-07-23,1,7,29.423,21.246,50.603,6.185,14.338,0.000,0.693,0.209,49,39,6,flat,0,196.201
Z07,campus,204,2024-07-23,1,7,32.952,25.119,48.978,5.434,16.480,0.000,0.690,0.220,39,31,8,flat,0,216.399
Z08,suburban,204,2024-07-23,1,7,31.897,24.710,52.516,6.212,11.273,0.000,0.697,0.200,45,47,11,flat,0,205.526
Z01,compact_urban,205,2024-07-24,2,7,33.181,27.274,45.673,5.543,17.211,0.000,0.720,0.128,23,9,13,time_of_use,0,239.266
Z02,tree_rich,205,2024-07-24,2,7,29.425,23.037,,6.754,14.320,0.000,,0.102,42,43,7,time_of_use,0,193.211
Z03,industrial_edge,205,2024-07-24,2,7,32.251,25.162,44.542,8.036,7.380,0.000,0.719,0.106,18,12,17,time_of_use,1,291.997
Z04,older_residential,205,2024-07-24,2,7,34.187,26.428,42.701,7.988,4.925,0.000,0.709,0.137,27,19,21,time_of_use,0,238.242
Z05,mixed_use,205,2024-07-24,2,7,34.029,25.875,44.062,6.662,9.409,0.000,0.697,0.180,36,28,10,time_of_use,0,231.136
Z06,coastal,205,2024-07-24,2,7,31.198,23.064,49.075,5.508,15.927,0.000,0.689,0.213,49,39,6,time_of_use,0,192.634
Z07,campus,205,2024-07-24,2,7,34.613,26.909,47.629,5.786,16.783,0.000,0.689,0.218,39,31,8,time_of_use,0,217.935
Z08,suburban,205,2024-07-24,2,7,31.807,24.787,53.073,7.193,10.250,0.000,0.698,0.195,45,47,11,time_of_use,0,205.971
Z01,compact_urban,206,2024-07-25,3,7,31.326,25.339,47.356,6.237,16.645,0.000,0.720,0.123,23,9,13,critical_peak,0,233.114
Z02,tree_rich,206,2024-07-25,3,7,29.077,22.539,48.486,7.688,13.096,0.000,0.722,0.101,42,43,7,critical_peak,0,191.772
Z03,industrial_edge,206,2024-07-25,3,7,34.028,26.772,42.569,8.172,7.026,0.000,0.715,0.109,18,12,17,critical_peak,0,271.236
Z04,older_residential,206,2024-07-25,3,7,36.355,28.474,40.486,7.161,6.018,0.000,0.704,0.143,27,19,21,critical_peak,0,241.631
Z05,mixed_use,206,2024-07-25,3,7,35.266,27.077,43.032,5.759,11.110,8.654,0.693,0.186,36,28,10,critical_peak,0,229.814
Z06,coastal,206,2024-07-25,3,7,31.308,23.240,49.394,5.499,16.693,0.000,0.686,0.215,49,39,6,critical_peak,0,190.461
Z07,campus,206,2024-07-25,3,7,33.014,25.452,49.868,6.664,15.599,0.000,0.688,0.217,39,31,8,critical_peak,0,215.050
Z08,suburban,206,2024-07-25,3,7,29.071,22.219,56.525,7.982,8.192,0.000,0.700,0.189,45,47,11,critical_peak,0,205.364
Z01,compact_urban,207,2024-07-26,4,7,32.637,26.550,45.584,7.219,17.105,0.000,0.719,0.118,23,9,13,flat,0,247.780
Z02,tree_rich,207,2024-07-26,4,7,31.491,24.794,45.662,8.170,12.868,0.000,0.718,0.100,42,43,7,flat,0,203.800
Z03,industrial_edge,207,2024-07-26,4,7,36.222,28.805,40.175,7.610,6.999,0.000,0.710,0.113,18,12,17,flat,0,288.167
Z04,older_residential,207,2024-07-26,4,7,36.308,28.321,40.743,6.151,6.463,0.000,0.699,0.150,27,19,21,flat,0,248.168
Z05,mixed_use,207,2024-07-26,4,7,33.258,25.058,45.599,5.387,11.555,0.000,0.688,0.192,36,28,10,flat,0,233.227
Z06,coastal,207,2024-07-26,4,7,29.016,21.035,52.369,6.154,16.313,0.000,0.684,0.218,49,39,6,flat,1,222.221
Z07,campus,207,2024-07-26,4,7,31.187,23.779,,7.613,14.161,0.000,0.688,0.214,39,31,8,flat,0,224.764
Z08,suburban,207,2024-07-26,4,7,28.659,21.972,57.406,8.170,7.120,0.000,0.702,0.183,45,47,11,flat,0,214.149
Z01,compact_urban,208,2024-07-27,5,7,34.054,27.850,43.723,7.981,17.372,0.000,0.598,0.293,23,9,13,time_of_use,0,251.947
Z02,tree_rich,208,2024-07-27,5,7,31.738,24.876,45.258,7.947,11.712,0.000,0.595,0.280,42,43,7,time_of_use,0,201.658
Z03,industrial_edge,208,2024-07-27,5,7,35.074,27.504,41.496,6.628,5.829,0.000,0.585,0.297,18,12,17,time_of_use,0,278.215
Z04,older_residential,208,2024-07-27,5,7,33.876,25.804,43.656,5.465,6.178,0.000,0.573,0.336,27,19,21,time_of_use,0,234.840
Z05,mixed_use,208,2024-07-27,5,7,31.496,23.308,47.920,5.729,12.095,0.000,0.564,0.377,36,28,10,time_of_use,0,228.876
Z06,coastal,208,2024-07-27,5,7,29.238,21.363,52.590,7.131,16.735,4.498,,0.399,49,39,6,time_of_use,0,199.486
Z07,campus,208,2024-07-27,5,7,32.505,25.258,51.381,8.140,13.842,0.000,0.569,0.391,39,31,8,time_of_use,0,223.512
Z08,suburban,208,2024-07-27,5,7,30.321,23.792,55.987,7.652,6.969,0.000,0.585,0.357,45,47,11,time_of_use,0,209.019
Z01,compact_urban,209,2024-07-28,6,7,32.287,25.949,45.397,8.125,16.143,8.481,0.596,0.290,23,9,13,critical_peak,0,244.591
Z02,tree_rich,209,2024-07-28,6,7,30.154,23.124,46.906,7.125,9.809,0.000,0.591,0.281,42,43,7,critical_peak,0,194.553
Z03,industrial_edge,209,2024-07-28,6,7,34.347,26.635,42.392,5.719,5.049,0.000,0.580,0.302,18,12,17,critical_peak,0,268.496
Z04,older_residential,209,2024-07-28,6,7,33.995,25.858,43.797,5.444,7.112,0.000,0.569,0.343,27,19,21,critical_peak,0,229.897
Z05,mixed_use,209,2024-07-28,6,7,32.955,24.803,46.718,6.601,,0.000,0.561,0.382,36,28,10,critical_peak,0,227.348
Z06,coastal,209,2024-07-28,6,7,31.106,23.355,51.008,7.924,17.599,0.000,0.561,0.400,49,39,6,critical_peak,0,196.642
Z07,campus,209,2024-07-28,6,7,32.887,25.807,51.428,7.969,13.041,0.000,0.570,0.387,39,31,8,critical_peak,0,217.720
Z08,suburban,209,2024-07-28,6,7,29.279,22.900,57.521,6.685,5.856,0.000,0.589,0.350,45,47,11,critical_peak,0,200.881
Z01,compact_urban,210,2024-07-29,0,7,31.496,25.013,46.029,7.570,15.102,0.000,0.713,0.106,23,9,13,flat,0,247.428
Z02,tree_rich,210,2024-07-29,0,7,31.506,24.309,45.362,6.112,9.112,0.000,0.706,0.102,42,43,7,flat,0,198.180
Z03,industrial_edge,210,2024-07-29,0,7,36.494,28.654,40.164,5.336,5.657,0.000,0.695,0.127,18,12,17,flat,0,282.027
Z04,older_residential,210,2024-07-29,0,7,35.341,27.162,42.619,6.090,8.704,0.000,0.684,0.169,27,19,21,flat,0,240.937
Z05,mixed_use,210,2024-07-29,0,7,33.275,25.182,46.790,7.550,15.105,0.000,0.678,0.207,36,28,10,flat,0,235.197
Z06,coastal,210,2024-07-29,0,7,29.925,22.311,52.785,8.120,17.023,0.000,0.680,0.220,49,39,6,flat,0,201.956
Z07,campus,210,2024-07-29,0,7,30.309,23.396,54.721,7.178,10.982,8.408,0.692,0.203,39,31,8,flat,0,219.263
Z08,suburban,210,2024-07-29,0,7,27.391,21.149,59.962,5.753,4.551,0.000,0.713,0.164,45,47,11,flat,0,204.551
Z01,compact_urban,211,2024-07-30,1,7,33.712,27.072,43.388,6.589,15.091,0.000,0.710,0.104,23,9,13,time_of_use,0,244.057
Z02,tree_rich,211,2024-07-30,1,7,33.861,26.501,42.752,5.417,8.897,4.960,0.702,0.104,42,43,7,time_of_use,0,192.337
Z03,industrial_edge,211,2024-07-30,1,7,36.891,28.940,39.897,5.666,5.816,0.000,0.690,0.133,18,12,17,time_of_use,0,279.514
Z04,older_residential,211,2024-07-30,1,7,33.500,25.302,44.975,7.065,9.152,0.000,0.680,0.176,27,19,21,time_of_use,0,232.523
Z05,mixed_use,211,2024-07-30,1,7,30.904,22.890,49.838,8.084,15.128,0.000,0.675,0.210,36,28,10,time_of_use,0,228.644
Z06,coastal,211,2024-07-30,1,7,27.996,20.533,55.387,7.610,15.929,0.000,0.680,0.219,49,39,6,time_of_use,0,195.438
Z07,campus,211,2024-07-30,1,7,29.573,22.826,55.974,6.161,9.623,0.000,0.695,0.198,39,31,8,time_of_use,0,212.240
Z08,suburban,211,2024-07-30,1,7,28.904,22.784,58.635,5.320,4.773,0.000,0.717,0.157,45,47,11,time_of_use,0,200.541
Z01,compact_urban,212,2024-07-31,2,7,34.170,27.368,42.715,5.673,14.237,0.000,0.706,0.102,23,9,13,critical_peak,0,237.893
Z02,tree_rich,212,2024-07-31,2,7,32.958,25.441,43.766,5.384,7.500,0.000,0.697,0.107,42,43,7,critical_peak,0,186.703
Z03,industrial_edge,212,2024-07-31,2,7,34.505,26.461,42.726,6.532,5.113,54.000,0.685,0.139,18,12,17,critical_peak,0,266.490
Z04,older_residential,212,2024-07-31,2,7,31.313,23.118,,7.862,9.549,0.000,0.676,0.182,27,19,21,critical_peak,0,226.997
Z05,mixed_use,212,2024-07-31,2,7,30.707,22.792,50.510,7.921,15.852,0.000,0.674,0.214,36,28,10,critical_peak,0,224.643
Z06,coastal,212,2024-07-31,2,7,29.246,21.942,54.490,6.645,15.900,0.000,0.681,0.218,49,39,6,critical_peak,0,190.482
Z07,campus,212,2024-07-31,2,7,31.280,24.695,54.524,5.428,9.243,0.000,0.698,0.193,39,31,8,critical_peak,0,209.197
Z08,suburban,212,2024-07-31,2,7,30.633,24.618,57.043,5.600,5.264,5.129,0.722,0.151,45,47,11,critical_peak,0,199.317
Z01,compact_urban,213,2024-08-01,3,8,32.372,25.402,44.562,5.280,12.380,0.000,0.702,0.101,23,9,13,flat,0,240.734
Z02,tree_rich,213,2024-08-01,3,8,31.957,24.295,44.925,6.021,6.226,0.000,0.691,0.110,42,43,7,flat,0,196.711
Z03,industrial_edge,213,2024-08-01,3,8,34.289,26.173,43.203,7.482,5.520,8.190,0.680,0.146,18,12,17,flat,0,277.549
Z04,older_residential,213,2024-08-01,3,8,32.411,24.243,46.913,8.066,11.301,0.000,0.672,0.188,27,19,21,flat,0,238.869
Z05,mixed_use,213,2024-08-01,3,8,32.672,24.875,48.812,7.135,17.245,0.000,0.672,0.216,36,28,10,flat,0,234.412
Z06,coastal,213,2024-08-01,3,8,30.109,22.970,54.015,5.706,15.529,0.000,0.682,0.216,49,39,6,flat,0,197.967
Z07,campus,213,2024-08-01,3,8,30.544,24.112,55.742,5.341,7.927,0.000,0.701,0.187,39,31,8,flat,0,217.857
Z08,suburban,213,2024-08-01,3,8,29.315,23.387,58.771,6.439,4.728,0.000,0.727,0.144,45,47,11,flat,0,210.736
Z01,compact_urban,214,2024-08-02,4,8,33.225,26.087,43.528,5.599,11.527,0.000,0.698,0.100,23,9,13,time_of_use,0,240.954
Z02,tree_rich,214,2024-08-02,4,8,34.002,26.206,42.772,6.993,6.364,0.000,0.686,0.114,42,43,7,time_of_use,0,198.757
Z03,industrial_edge,214,2024-08-02,4,8,35.747,27.580,41.870,8.023,6.822,0.000,0.675,0.152,18,12,17,time_of_use,0,282.677
Z04,older_residential,214,2024-08-02,4,8,32.909,24.792,46.769,7.563,12.807,0.000,0.669,0.194,27,19,21,time_of_use,0,236.052
Z05,mixed_use,214,2024-08-02,4,8,31.898,24.233,50.137,6.116,17.322,0.000,0.672,0.218,36,28,10,time_of_use,0,228.036
Z06,coastal,214,2024-08-02,4,8,27.800,20.827,57.023,5.263,13.728,0.000,0.684,0.213,49,39,6,time_of_use,0,192.636
Z07,campus,214,2024-08-02,4,8,28.414,22.124,58.473,5.936,6.132,0.000,0.706,0.181,39,31,8,time_of_use,0,213.933
Z08,suburban,214,2024-08-02,4,8,29.103,23.240,59.251,7.400,4.826,0.000,0.732,0.138,45,47,11,time_of_use,0,209.147
Z01,compact_urban,215,2024-08-03,5,8,35.630,28.327,40.826,6.458,11.283,0.000,,0.280,23,9,13,critical_peak,0,250.244
Z02,tree_rich,215,2024-08-03,5,8,34.830,26.917,41.994,7.794,6.235,0.000,0.561,0.299,42,43,7,critical_peak,0,201.036
Z03,industrial_edge,215,2024-08-03,5,8,34.167,25.973,43.910,7.868,7.108,0.000,0.551,0.339,18,12,17,critical_peak,0,274.336
Z04,older_residential,215,2024-08-03,5,8,30.493,22.448,49.850,6.599,13.094,5.569,0.547,0.379,27,19,21,critical_peak,0,227.152
Z05,mixed_use,215,2024-08-03,5,8,29.891,22.373,52.822,5.374,16.674,0.000,0.552,0.399,36,28,10,critical_peak,0,221.153
Z06,coastal,215,2024-08-03,5,8,26.804,19.999,58.575,5.531,,0.000,0.567,0.390,49,39,6,critical_peak,0,189.247
Z07,campus,215,2024-08-03,5,8,29.524,23.362,57.615,6.900,5.748,0.000,0.590,0.355,39,31,8,critical_peak,0,213.182
Z08,suburban,215,2024-08-03,5,8,31.840,26.019,56.453,7.983,6.293,0.000,0.617,0.312,45,47,11,critical_peak,0,206.617
Z01,compact_urban,216,2024-08-04,6,8,34.952,27.491,41.552,7.409,9.838,0.000,0.568,0.281,23,9,13,flat,0,258.193
Z02,tree_rich,216,2024-08-04,6,8,32.577,24.564,44.642,8.006,5.110,0.000,0.556,0.304,42,43,7,flat,0,206.842
Z03,industrial_edge,216,2024-08-04,6,8,31.650,23.451,47.011,7.086,7.185,0.000,0.547,0.345,18,12,17,flat,0,274.207
Z04,older_residential,216,2024-08-04,6,8,29.832,21.880,51.017,5.655,13.984,0.000,0.545,0.384,27,19,21,flat,0,230.939
Z05,mixed_use,216,2024-08-04,6,8,31.020,23.658,52.061,5.276,17.040,0.000,0.553,0.400,36,28,10,flat,0,228.637
Z06,coastal,216,2024-08-04,6,8,28.552,21.910,57.097,6.363,11.921,0.000,0.570,0.386,49,39,6,flat,0,198.312
Z07,campus,216,2024-08-04,6,8,31.406,25.356,55.883,7.729,5.818,0.000,0.595,0.348,39,31,8,flat,0,222.928
Z08,suburban,216,2024-08-04,6,8,32.664,26.862,55.726,7.881,7.172,0.000,0.623,0.306,45,47,11,flat,0,212.668
Z01,compact_urban,217,2024-08-05,0,8,33.665,26.054,,7.956,8.227,0.000,0.683,0.103,23,9,13,time_of_use,0,249.059
Z02,tree_rich,217,2024-08-05,0,8,32.059,23.967,45.416,7.510,4.925,0.000,0.671,0.130,42,43,7,time_of_use,0,198.967
Z03,industrial_edge,217,2024-08-05,0,8,32.368,24.188,46.578,6.066,8.684,0.000,0.664,0.172,18,12,17,time_of_use,0,266.612
Z04,older_residential,217,2024-08-05,0,8,31.781,23.940,49.327,5.201,15.777,0.000,0.664,0.208,27,19,21,time_of_use,0,226.213
Z05,mixed_use,217,2024-08-05,0,8,32.341,25.141,51.087,5.861,17.247,7.839,0.675,0.220,36,28,10,time_of_use,0,224.825
Z06,coastal,217,2024-08-05,0,8,28.185,21.700,57.928,7.325,10.623,0.000,0.694,0.201,49,39,6,time_of_use,0,194.023
Z07,campus,217,2024-08-05,0,8,30.219,24.262,57.497,7.992,4.832,0.000,0.720,0.161,39,31,8,time_of_use,0,216.232
Z08,suburban,217,2024-08-05,0,8,31.134,25.328,57.551,7.134,7.269,0.000,0.748,0.121,45,47,11,time_of_use,0,204.662
Z01,compact_urban,218,2024-08-06,1,8,35.512,27.762,41.015,7.810,7.986,0.000,0.677,0.105,23,9,13,critical_peak,0,249.538
Z02,tree_rich,218,2024-08-06,1,8,33.623,25.472,43.935,6.548,5.818,0.000,0.667,0.135,42,43,7,critical_peak,0,192.076
Z03,industrial_edge,218,2024-08-06,1,8,33.029,24.891,46.233,5.315,10.243,0.000,0.661,0.178,18,12,17,critical_peak,0,260.945
Z04,older_residential,218,2024-08-06,1,8,31.383,23.669,50.231,5.458,16.454,0.000,0.664,0.212,27,19,21,critical_peak,0,221.500
Z05,mixed_use,218,2024-08-06,1,8,30.388,23.356,53.709,6.821,15.922,0.000,,0.219,36,28,10,critical_peak,0,220.983
Z06,coastal,218,2024-08-06,1,8,25.908,19.569,60.841,7.914,8.551,0.000,0.698,0.196,49,39,6,critical_peak,0,190.454
Z07,campus,218,2024-08-06,1,8,29.618,23.734,58.437,7.543,4.273,0.000,0.725,0.155,39,31,8,critical_peak,0,210.767
Z08,suburban,218,2024-08-06,1,8,32.119,26.287,56.571,6.113,8.509,0.000,0.752,0.116,45,47,11,critical_peak,0,198.852
Z01,compact_urban,219,2024-08-07,2,8,36.725,28.852,39.776,7.033,7.646,0.000,0.672,0.108,23,9,13,flat,0,260.509
Z02,tree_rich,219,2024-08-07,2,8,32.393,24.206,45.559,5.599,5.829,0.000,0.662,0.142,42,43,7,flat,0,196.332
Z03,industrial_edge,219,2024-08-07,2,8,30.619,22.546,49.288,5.205,10.610,0.000,0.659,0.184,18,12,17,flat,0,264.045
Z04,older_residential,219,2024-08-07,2,8,29.312,21.740,52.982,6.283,16.254,0.000,0.664,0.215,27,19,21,flat,0,229.583
Z05,mixed_use,219,2024-08-07,2,8,29.198,22.334,55.485,7.654,14.698,0.000,0.680,0.217,36,28,10,flat,0,231.158
Z06,coastal,219,2024-08-07,2,8,26.601,20.395,,7.820,7.701,6.143,0.703,0.191,49,39,6,flat,0,199.801
Z07,campus,219,2024-08-07,2,8,32.213,26.379,55.830,6.600,5.198,0.000,0.730,0.148,39,31,8,flat,0,219.876
Z08,suburban,219,2024-08-07,2,8,34.403,28.521,54.127,5.326,10.377,0.000,0.757,0.112,45,47,11,flat,0,207.591
Z01,compact_urban,220,2024-08-08,3,8,34.666,26.686,42.175,6.011,6.181,7.548,0.667,0.112,23,9,13,time_of_use,0,244.453
Z02,tree_rich,220,2024-08-08,3,8,29.659,21.459,48.869,5.134,5.456,0.000,0.659,0.148,42,43,7,time_of_use,1,212.707
Z03,industrial_edge,220,2024-08-08,3,8,29.480,21.492,50.965,5.781,11.474,0.000,0.657,0.190,18,12,17,time_of_use,0,261.158
Z04,older_residential,220,2024-08-08,3,8,30.251,22.832,52.427,7.245,17.028,0.000,0.665,0.217,27,19,21,time_of_use,0,231.537
Z05,mixed_use,220,2024-08-08,3,8,30.977,24.278,53.985,7.925,14.485,0.000,0.683,0.215,36,28,10,time_of_use,0,231.665
Z06,coastal,220,2024-08-08,3,8,28.581,22.493,58.652,7.079,7.442,0.000,0.708,0.185,49,39,6,time_of_use,0,196.461
Z07,campus,220,2024-08-08,3,8,33.415,27.610,54.721,5.631,5.779,0.000,0.735,0.142,39,31,8,time_of_use,0,215.840
Z08,suburban,220,2024-08-08,3,8,33.417,27.463,55.240,5.164,11.013,0.000,0.761,0.108,45,47,11,time_of_use,0,203.221
Z01,compact_urban,221,2024-08-09,4,8,33.873,25.806,43.216,5.252,5.430,0.000,0.662,0.116,23,9,13,critical_peak,0,237.265
Z02,tree_rich,221,2024-08-09,4,8,30.007,21.817,48.818,5.380,6.507,0.000,0.655,0.154,42,43,7,critical_peak,0,189.448
Z03,industrial_edge,221,2024-08-09,4,8,31.306,23.424,49.396,6.738,13.465,0.000,0.656,0.196,18,12,17,critical_peak,0,265.273
Z04,older_residential,221,2024-08-09,4,8,31.973,24.715,51.013,7.841,17.871,0.000,0.667,0.219,27,19,21,critical_peak,0,233.615
Z05,mixed_use,221,2024-08-09,4,8,31.039,24.498,54.361,7.484,13.445,0.000,0.687,0.212,36,28,10,critical_peak,0,228.172
Z06,coastal,221,2024-08-09,4,8,27.546,21.558,60.129,6.057,6.094,0.000,0.713,0.179,49,39,6,critical_peak,0,190.296
Z07,campus,221,2024-08-09,4,8,31.940,26.139,56.522,5.119,,7.432,0.740,0.136,39,31,8,critical_peak,0,209.404
Z08,suburban,221,2024-08-09,4,8,31.782,25.736,57.029,5.696,11.430,0.000,0.765,0.105,45,47,11,critical_peak,0,199.896
Z01,compact_urban,222,2024-08-10,5,8,35.520,27.387,41.609,5.131,,0.000,0.538,0.301,23,9,13,flat,0,253.520
Z02,tree_rich,222,2024-08-10,5,8,30.826,22.671,48.274,6.199,7.905,6.536,0.533,0.341,42,43,7,flat,0,202.461
Z03,industrial_edge,222,2024-08-10,5,8,31.242,23.481,49.921,7.575,14.595,0.000,0.536,0.381,18,12,17,flat,0,277.551
Z04,older_residential,222,2024-08-10,5,8,30.438,23.346,53.179,7.755,17.162,0.000,0.549,0.400,27,19,21,flat,0,241.098
Z05,mixed_use,222,2024-08-10,5,8,28.728,22.338,57.331,6.543,11.354,0.000,0.571,0.388,36,28,10,flat,1,254.707
Z06,coastal,222,2024-08-10,5,8,26.545,20.637,61.539,5.262,4.912,0.000,0.598,0.352,49,39,6,flat,0,196.325
Z07,campus,222,2024-08-10,5,8,32.643,26.823,55.890,5.313,6.295,0.000,0.625,0.310,39,31,8,flat,0,218.333
Z08,suburban,222,2024-08-10,5,8,33.230,27.073,55.388,6.640,13.085,0.000,0.648,0.283,45,47,11,flat,0,209.947
Z01,compact_urban,223,2024-08-11,6,8,34.711,26.534,42.739,5.697,5.577,0.000,0.534,0.306,23,9,13,time_of_use,0,247.700
Z02,tree_rich,223,2024-08-11,6,8,28.495,20.396,51.221,7.160,8.163,0.000,0.530,0.348,42,43,7,time_of_use,0,199.766
Z03,industrial_edge,223,2024-08-11,6,8,29.114,21.491,52.726,7.854,14.753,0.000,0.536,0.385,18,12,17,time_of_use,0,270.108
Z04,older_residential,223,2024-08-11,6,8,29.109,22.184,55.116,7.020,16.290,0.000,0.552,0.400,27,19,21,time_of_use,0,232.605
Z05,mixed_use,223,2024-08-11,6,8,29.016,22.765,57.422,5.569,10.246,0.000,0.575,0.384,36,28,10,time_of_use,0,225.353
Z06,coastal,223,2024-08-11,6,8,28.881,23.032,59.248,5.088,5.247,0.000,0.603,0.346,49,39,6,time_of_use,0,191.321
Z07,campus,223,2024-08-11,6,8,35.138,29.276,53.251,6.101,7.992,0.000,0.630,0.304,39,31,8,time_of_use,0,218.879
Z08,suburban,223,2024-08-11,6,8,33.992,27.707,54.465,7.502,14.433,6.677,0.651,0.281,45,47,11,time_of_use,0,206.938
Z01,compact_urban,224,2024-08-12,0,8,31.881,23.683,46.122,6.650,4.697,0.000,0.650,0.132,23,9,13,critical_peak,0,236.308
Z02,tree_rich,224,2024-08-12,0,8,26.894,18.873,53.386,7.762,8.790,0.000,0.649,0.174,42,43,7,critical_peak,0,194.363
Z03,industrial_edge,224,2024-08-12,0,8,29.790,22.315,,7.420,15.850,7.102,0.658,0.209,18,12,17,critical_peak,0,263.778
Z04,older_residential,224,2024-08-12,0,8,30.901,24.144,53.611,5.996,16.437,0.000,0.675,0.220,27,19,21,critical_peak,0,226.146
Z05,mixed_use,224,2024-08-12,0,8,31.058,24.930,55.564,5.048,9.827,0.000,0.700,0.199,36,28,10,critical_peak,0,219.694
Z06,coastal,224,2024-08-12,0,8,30.384,24.571,57.843,5.610,5.455,0.000,0.728,0.159,49,39,6,critical_peak,0,187.091
Z07,campus,224,2024-08-12,0,8,34.576,28.650,53.936,7.070,8.630,0.000,0.754,0.119,39,31,8,critical_peak,0,213.916
Z08,suburban,224,2024-08-12,0,8,31.596,25.170,56.977,7.831,14.449,0.000,0.773,0.100,45,47,11,critical_peak,1,223.312
Z01,compact_urban,225,2024-08-13,1,8,31.885,23.689,46.420,7.490,5.172,0.000,0.647,0.138,23,9,13,flat,0,244.555
Z02,tree_rich,225,2024-08-13,1,8,28.510,20.588,52.031,7.685,10.735,0.000,0.648,0.180,42,43,7,flat,0,201.175
Z03,industrial_edge,225,2024-08-13,1,8,31.827,24.510,50.693,6.481,17.280,0.000,0.659,0.213,18,12,17,flat,0,271.974
Z04,older_residential,225,2024-08-13,1,8,31.434,24.838,53.483,5.194,15.869,0.000,0.679,0.218,27,19,21,flat,0,232.282
Z05,mixed_use,225,2024-08-13,1,8,30.210,24.188,56.861,5.230,8.288,0.000,0.705,0.194,36,28,10,flat,0,227.251
Z06,coastal,225,2024-08-13,1,8,28.966,23.166,59.615,6.550,4.719,0.000,0.733,0.152,49,39,6,flat,0,197.264
Z07,campus,225,2024-08-13,1,8,32.801,26.790,55.918,7.712,8.917,0.000,0.758,0.115,39,31,8,flat,0,221.574
Z08,suburban,225,2024-08-13,1,8,30.685,24.106,57.819,7.445,14.955,0.000,0.775,0.100,45,47,11,flat,0,209.141
Z01,compact_urban,226,2024-08-14,2,8,32.869,24.699,45.669,7.777,6.243,0.000,0.644,0.144,23,9,13,time_of_use,0,242.266
Z02,tree_rich,226,2024-08-14,2,8,28.736,20.929,52.224,6.955,12.108,0.000,0.648,0.186,42,43,7,time_of_use,0,194.985
Z03,industrial_edge,226,2024-08-14,2,8,30.738,23.587,52.371,5.503,17.228,0.000,0.662,0.216,18,12,17,time_of_use,0,263.799
Z04,older_residential,226,2024-08-14,2,8,29.207,22.765,56.376,5.008,14.019,7.038,0.684,0.216,27,19,21,time_of_use,0,225.554
Z05,mixed_use,226,2024-08-14,2,8,28.827,22.893,58.720,6.011,6.616,0.000,0.711,0.188,36,28,10,time_of_use,0,225.331
Z06,coastal,226,2024-08-14,2,8,29.333,23.523,59.389,7.416,4.928,0.000,0.738,0.146,49,39,6,time_of_use,0,197.357
Z07,campus,226,2024-08-14,2,8,34.034,27.918,54.552,7.688,10.507,0.000,0.761,0.111,39,31,8,time_of_use,0,220.844
Z08,suburban,226,2024-08-14,2,8,32.353,25.613,,6.529,16.360,0.000,0.776,0.100,45,47,11,time_of_use,0,204.702
Z01,compact_urban,227,2024-08-15,3,8,30.705,22.584,48.407,7.351,6.235,0.000,0.642,0.150,23,9,13,critical_peak,0,233.060
Z02,tree_rich,227,2024-08-15,3,8,26.564,18.889,55.067,5.931,12.461,0.000,0.649,0.192,42,43,7,critical_peak,0,188.776
Z03,industrial_edge,227,2024-08-15,3,8,29.310,22.326,54.420,4.971,16.794,0.000,0.665,0.218,18,12,17,critical_peak,0,257.481
Z04,older_residential,227,2024-08-15,3,8,29.131,22.831,56.887,5.521,12.886,0.000,0.688,0.214,27,19,21,critical_peak,0,224.733
Z05,mixed_use,227,2024-08-15,3,8,30.808,24.941,56.849,6.979,6.413,0.000,0.716,0.182,36,28,10,critical_peak,0,227.861
Z06,coastal,227,2024-08-15,3,8,31.944,26.100,56.659,7.752,6.266,0.000,0.742,0.140,49,39,6,critical_peak,0,197.271
Z07,campus,227,2024-08-15,3,8,35.095,28.857,53.337,6.996,12.089,0.000,0.764,0.107,39,31,8,critical_peak,0,219.175
Z08,suburban,227,2024-08-15,3,8,31.705,24.799,56.272,5.536,,0.000,0.776,0.102,45,47,11,critical_peak,0,199.195
Z01,compact_urban,228,2024-08-16,4,8,28.692,20.642,51.003,6.415,6.436,0.000,0.641,0.157,23,9,13,flat,0,236.209
Z02,tree_rich,228,2024-08-16,4,8,26.903,19.373,55.159,5.121,,0.000,0.650,0.198,42,43,7,flat,0,196.629
Z03,industrial_edge,228,2024-08-16,4,8,31.083,24.266,52.945,5.143,17.392,0.000,0.668,0.219,18,12,17,flat,0,270.959
Z04,older_residential,228,2024-08-16,4,8,31.210,25.040,55.009,6.457,12.514,0.000,,0.211,27,19,21,flat,0,239.819
Z05,mixed_use,228,2024-08-16,4,8,32.529,26.705,55.236,7.627,6.267,6.606,0.721,0.176,36,28,10,flat,0,240.605
Z06,coastal,228,2024-08-16,4,8,31.818,25.917,56.903,7.375,6.733,0.000,0.746,0.134,49,39,6,flat,0,205.171
Z07,campus,228,2024-08-16,4,8,32.813,26.438,55.762,5.976,12.357,0.000,0.766,0.104,39,31,8,flat,0,220.893
Z08,suburban,228,2024-08-16,4,8,29.275,22.201,58.682,4.958,16.107,0.000,0.776,0.104,45,47,11,flat,0,205.091
Z01,compact_urban,229,2024-08-17,5,8,30.036,22.076,49.930,5.433,8.093,0.000,0.520,0.343,23,9,13,time_of_use,0,234.819
Z02,tree_rich,229,2024-08-17,5,8,29.148,21.774,53.162,4.924,15.584,0.000,0.532,0.383,42,43,7,time_of_use,0,195.120
Z03,industrial_edge,229,2024-08-17,5,8,32.106,25.452,52.287,5.916,17.446,0.000,0.552,0.400,18,12,17,time_of_use,0,272.648
Z04,older_residential,229,2024-08-17,5,8,30.599,24.541,56.069,7.325,11.011,0.000,0.578,0.387,27,19,21,time_of_use,0,238.558
Z05,mixed_use,229,2024-08-17,5,8,31.168,25.366,56.979,7.611,5.084,0.000,0.606,0.350,36,28,10,time_of_use,0,236.115
Z06,coastal,229,2024-08-17,5,8,29.967,23.989,59.006,6.462,6.717,0.000,0.630,0.308,49,39,6,time_of_use,0,198.480
Z07,campus,229,2024-08-17,5,8,31.451,24.927,57.137,5.133,12.972,0.000,0.647,0.282,39,31,8,time_of_use,0,213.591
Z08,suburban,229,2024-08-17,5,8,29.841,22.600,57.766,5.077,16.538,0.000,0.654,0.286,45,47,11,time_of_use,0,201.088
Z01,compact_urban,230,2024-08-18,6,8,30.515,22.665,49.826,4.891,9.477,0.000,0.520,0.350,23,9,13,critical_peak,0,230.631
Z02,tree_rich,230,2024-08-18,6,8,28.504,21.293,54.348,5.427,16.121,0.000,0.534,0.387,42,43,7,critical_peak,0,191.946
Z03,industrial_edge,230,2024-08-18,6,8,30.076,23.580,54.976,6.884,16.052,0.000,0.556,0.400,18,12,17,critical_peak,0,266.688
Z04,older_residential,230,2024-08-18,6,8,28.884,22.921,58.319,7.670,9.059,0.000,0.583,0.382,27,19,21,critical_peak,0,231.758
Z05,mixed_use,230,2024-08-18,6,8,31.146,25.342,57.217,6.926,4.655,0.000,0.611,0.343,36,28,10,critical_peak,0,228.823
Z06,coastal,230,2024-08-18,6,8,30.975,24.898,57.927,5.465,8.026,7.491,0.633,0.302,49,39,6,critical_peak,0,190.741
Z07,campus,230,2024-08-18,6,8,32.928,26.246,55.352,4.884,14.663,0.000,0.648,0.281,39,31,8,critical_peak,0,208.651
Z08,suburban,230,2024-08-18,6,8,31.377,23.975,55.752,5.817,17.157,0.000,0.653,0.289,45,47,11,critical_peak,0,197.789
Z01,compact_urban,231,2024-08-19,0,8,28.321,20.598,52.680,5.051,9.822,6.218,0.641,0.176,23,9,13,flat,0,232.790
Z02,tree_rich,231,2024-08-19,0,8,27.003,19.959,56.479,6.359,16.110,0.000,0.657,0.211,42,43,7,flat,0,199.367
Z03,industrial_edge,231,2024-08-19,0,8,29.688,23.339,55.847,7.538,15.108,0.000,0.681,0.219,18,12,17,flat,0,272.894
Z04,older_residential,231,2024-08-19,0,8,30.442,24.553,56.943,7.300,8.457,0.000,0.709,0.197,27,19,21,flat,0,238.178
Z05,mixed_use,231,2024-08-19,0,8,33.759,27.929,,5.905,5.518,0.000,0.735,0.157,36,28,10,flat,0,234.368
Z06,coastal,231,2024-08-19,0,8,32.340,26.148,56.415,4.878,9.630,0.000,0.756,0.118,49,39,6,flat,0,195.550
Z07,campus,231,2024-08-19,0,8,32.483,25.637,55.646,5.340,15.485,0.000,0.768,0.100,39,31,8,flat,0,215.752
Z08,suburban,231,2024-08-19,0,8,29.741,22.185,57.201,6.788,16.306,0.000,,0.113,45,47,11,flat,0,206.853
Z01,compact_urban,232,2024-08-20,1,8,28.264,20.681,53.197,5.818,11.009,0.000,0.642,0.183,23,9,13,time_of_use,0,229.298
Z02,tree_rich,232,2024-08-20,1,8,28.703,21.827,55.088,7.230,17.154,0.000,0.661,0.214,42,43,7,time_of_use,0,196.801
Z03,industrial_edge,232,2024-08-20,1,8,31.791,25.576,53.961,7.531,14.987,0.000,0.686,0.218,18,12,17,time_of_use,0,271.406
Z04,older_residential,232,2024-08-20,1,8,32.303,26.466,55.205,6.391,8.063,0.000,0.714,0.192,27,19,21,time_of_use,0,233.538
Z05,mixed_use,232,2024-08-20,1,8,34.048,28.170,54.345,5.056,5.697,0.000,0.739,0.150,36,28,10,time_of_use,0,228.284
Z06,coastal,232,2024-08-20,1,8,30.283,23.959,58.630,4.985,9.979,0.000,0.758,0.113,49,39,6,time_of_use,0,191.233
Z07,campus,232,2024-08-20,1,8,29.816,22.802,58.350,6.256,15.282,6.066,0.767,0.100,39,31,8,time_of_use,0,212.801
Z08,suburban,232,2024-08-20,1,8,28.239,20.541,58.477,7.479,15.314,0.000,0.767,0.118,45,47,11,time_of_use,0,205.802
Z01,compact_urban,233,2024-08-21,2,8,30.600,23.169,51.092,6.785,13.097,0.000,0.644,0.189,23,9,13,critical_peak,0,231.801
Z02,tree_rich,233,2024-08-21,2,8,30.205,23.494,53.910,7.583,17.884,7.787,0.665,0.216,42,43,7,critical_peak,0,194.107
Z03,industrial_edge,233,2024-08-21,2,8,31.476,25.380,54.717,6.852,13.762,0.000,0.691,0.216,18,12,17,critical_peak,0,265.265
Z04,older_residential,233,2024-08-21,2,8,31.003,25.196,56.914,5.390,6.536,0.000,0.719,0.186,27,19,21,critical_peak,0,225.626
Z05,mixed_use,233,2024-08-21,2,8,32.168,26.219,56.518,4.795,5.254,0.000,0.743,0.144,36,28,10,critical_peak,0,222.237
Z06,coastal,233,2024-08-21,2,8,28.554,22.085,60.446,5.717,10.532,0.000,0.759,0.109,49,39,6,critical_peak,0,189.907
Z07,campus,233,2024-08-21,2,8,29.873,22.691,58.024,7.149,16.004,0.000,0.766,0.101,39,31,8,critical_peak,0,213.012
Z08,suburban,233,2024-08-21,2,8,29.918,22.089,56.233,7.525,15.414,0.000,0.764,0.122,45,47,11,critical_peak,0,204.096
Z01,compact_urban,234,2024-08-22,3,8,30.375,23.105,51.813,7.445,14.066,0.000,0.646,0.194,23,9,13,flat,0,242.346
Z02,tree_rich,234,2024-08-22,3,8,28.468,21.917,56.288,7.222,17.079,0.000,0.669,0.218,42,43,7,flat,0,202.062
Z03,industrial_edge,234,2024-08-22,3,8,29.507,23.513,57.270,5.831,,0.000,0.696,0.213,18,12,17,flat,0,268.558
Z04,older_residential,234,2024-08-22,3,8,30.548,24.747,57.662,4.793,5.517,0.000,0.723,0.180,27,19,21,flat,0,232.912
Z05,mixed_use,234,2024-08-22,3,8,32.926,26.887,55.751,5.242,6.102,0.000,0.746,0.137,36,28,10,flat,0,233.656
Z06,coastal,234,2024-08-22,3,8,29.832,23.207,58.918,6.687,12.317,0.000,0.760,0.106,49,39,6,flat,0,202.496
Z07,campus,234,2024-08-22,3,8,31.454,24.109,55.991,7.549,17.143,0.000,0.764,0.102,39,31,8,flat,0,224.845
Z08,suburban,234,2024-08-22,3,8,30.446,22.505,55.233,6.886,14.896,7.891,0.760,0.128,45,47,11,flat,0,211.712
Z01,compact_urban,235,2024-08-23,4,8,28.811,21.708,54.010,7.447,14.368,0.000,0.650,0.199,23,9,13,time_of_use,1,259.731
Z02,tree_rich,235,2024-08-23,4,8,27.826,21.426,57.451,6.316,16.480,0.000,0.674,0.220,42,43,7,time_of_use,0,197.581
Z03,industrial_edge,235,2024-08-23,4,8,30.605,24.692,56.427,4.975,10.974,5.648,0.701,0.209,18,12,17,time_of_use,0,265.932
Z04,older_residential,235,2024-08-23,4,8,33.040,27.222,55.134,4.889,5.877,0.000,0.728,0.174,27,19,21,time_of_use,0,233.844
Z05,mixed_use,235,2024-08-23,4,8,34.578,28.429,53.963,6.153,7.525,0.000,0.748,0.131,36,28,10,time_of_use,0,235.522
Z06,coastal,235,2024-08-23,4,8,29.628,22.841,58.981,7.384,13.493,0.000,0.760,0.104,49,39,6,time_of_use,0,200.573
Z07,campus,235,2024-08-23,4,8,30.027,22.525,57.237,7.238,16.871,0.000,0.762,0.104,39,31,8,time_of_use,0,218.893
Z08,suburban,235,2024-08-23,4,8,28.101,20.065,57.376,5.874,13.095,0.000,0.755,0.134,45,47,11,time_of_use,0,204.440
Z01,compact_urban,236,2024-08-24,5,8,30.370,23.434,52.775,6.774,15.755,0.000,0.533,0.384,23,9,13,critical_peak,0,237.992
Z02,tree_rich,236,2024-08-24,5,8,29.942,23.681,,5.311,16.768,0.000,0.559,0.400,42,43,7,critical_peak,0,194.076
Z03,industrial_edge,236,2024-08-24,5,8,32.543,26.691,54.632,4.703,10.503,0.000,0.586,0.385,18,12,17,critical_peak,0,266.302
Z04,older_residential,236,2024-08-24,5,8,33.697,27.839,54.589,5.614,5.731,0.000,0.612,0.347,27,19,21,critical_peak,0,233.684
Z05,mixed_use,236,2024-08-24,5,8,32.841,26.565,55.865,7.048,7.785,0.000,0.630,0.306,36,28,10,critical_peak,0,231.137
Z06,coastal,236,2024-08-24,5,8,26.811,19.857,61.885,7.439,13.563,0.000,0.639,0.282,49,39,6,critical_peak,0,195.390
Z07,campus,236,2024-08-24,5,8,28.233,20.583,58.860,6.359,16.230,0.000,0.639,0.287,39,31,8,critical_peak,0,210.781
Z08,suburban,236,2024-08-24,5,8,27.721,19.611,57.343,4.988,11.979,0.000,0.631,0.320,45,47,11,critical_peak,0,197.665
Z01,compact_urban,237,2024-08-25,6,8,32.306,25.537,51.124,5.753,17.104,0.000,0.537,0.388,23,9,13,flat,0,247.618
Z02,tree_rich,237,2024-08-25,6,8,29.983,23.846,55.951,4.705,16.030,0.000,0.564,0.400,42,43,7,flat,0,200.374
Z03,industrial_edge,237,2024-08-25,6,8,31.319,25.504,56.288,5.140,8.813,0.000,0.591,0.381,18,12,17,flat,0,272.239
Z04,older_residential,237,2024-08-25,6,8,31.814,25.894,56.802,6.583,4.812,8.146,0.615,0.341,27,19,21,flat,1,261.589
Z05,mixed_use,237,2024-08-25,6,8,30.836,24.420,58.022,7.457,8.095,0.000,0.631,0.301,36,28,10,flat,0,236.174
Z06,coastal,237,2024-08-25,6,8,26.347,19.226,62.165,6.807,14.470,0.000,0.638,0.280,49,39,6,flat,0,199.482
Z07,campus,237,2024-08-25,6,8,29.738,21.954,56.829,5.343,16.688,0.000,0.635,0.291,39,31,8,flat,0,215.579
Z08,suburban,237,2024-08-25,6,8,29.483,21.320,54.943,4.666,11.653,0.000,0.626,0.326,45,47,11,flat,0,203.640
Z01,compact_urban,238,2024-08-26,0,8,30.933,24.326,53.109,4.890,16.922,0.000,0.662,0.212,23,9,13,time_of_use,0,237.038
Z02,tree_rich,238,2024-08-26,0,8,27.860,21.832,58.694,4.790,14.263,0.000,0.689,0.219,42,43,7,time_of_use,0,193.624
Z03,industrial_edge,238,2024-08-26,0,8,30.407,24.606,57.570,6.046,7.338,0.000,,0.196,18,12,17,time_of_use,0,266.161
Z04,older_residential,238,2024-08-26,0,8,32.287,26.283,56.387,7.286,5.087,0.000,0.738,0.154,27,19,21,time_of_use,0,235.014
Z05,mixed_use,238,2024-08-26,0,8,31.918,25.350,56.746,7.154,9.759,0.000,0.752,0.116,36,28,10,time_of_use,0,229.424
Z06,coastal,238,2024-08-26,0,8,27.899,20.611,60.196,5.795,16.040,0.000,0.756,0.100,49,39,6,time_of_use,0,190.873
Z07,campus,238,2024-08-26,0,8,30.692,22.789,,4.694,16.707,0.000,0.751,0.115,39,31,8,time_of_use,0,208.720
Z08,suburban,238,2024-08-26,0,8,28.507,20.314,55.546,5.054,10.205,0.000,0.741,0.152,45,47,11,time_of_use,0,199.282
Z01,compact_urban,239,2024-08-27,1,8,30.090,23.637,54.504,4.608,16.734,0.000,0.666,0.215,23,9,13,critical_peak,0,229.751
Z02,tree_rich,239,2024-08-27,1,8,28.493,22.554,58.385,5.507,13.469,0.000,0.694,0.217,42,43,7,critical_peak,0,190.661
Z03,industrial_edge,239,2024-08-27,1,8,32.658,26.849,55.341,6.944,7.261,0.000,0.720,0.190,18,12,17,critical_peak,0,267.468
Z04,older_residential,239,2024-08-27,1,8,34.178,28.070,54.374,7.349,6.177,0.000,0.741,0.148,27,19,21,critical_peak,0,233.565
Z05,mixed_use,239,2024-08-27,1,8,31.997,25.268,56.536,6.279,11.096,5.044,0.752,0.112,36,28,10,critical_peak,0,222.580
Z06,coastal,239,2024-08-27,1,8,26.682,19.235,61.241,4.904,16.326,0.000,0.753,0.100,49,39,6,critical_peak,0,183.975
Z07,campus,239,2024-08-27,1,8,28.587,20.583,57.278,4.726,15.299,0.000,0.747,0.119,39,31,8,critical_peak,1,225.659
Z08,suburban,239,2024-08-27,1,8,26.206,18.006,57.600,5.940,8.237,0.000,0.736,0.159,45,47,11,critical_peak,0,198.526
